Scenario ID,Employee Search Query,Scenario Family,Edge Case Tags,Difficulty,Answerability,Intent Count,Archetype,Target Family ID,Target Instance ID,Construction,Generator Version,Generator Seed
Q20001,legal entity including Worker Status,sibling_discriminating,sibling_selection,Medium-Hard,Answerable,1,sibling_discriminating,active employee by company,R0698,"{""construction"": ""family topic + facet carried by exactly one sibling"", ""distinguishing_kind"": ""field"", ""distinguishing_value"": ""Worker Status"", ""sibling_count"": 2}",2.0.0,20260804
Q20002,organization including Legal Name,sibling_discriminating,sibling_selection,Medium-Hard,Answerable,1,sibling_discriminating,active employee by organization - current - copy,R0125,"{""construction"": ""family topic + facet carried by exactly one sibling"", ""distinguishing_kind"": ""field"", ""distinguishing_value"": ""Legal Name"", ""sibling_count"": 2}",2.0.0,20260804
Q20003,agency activity by agency - current from All Workers,sibling_discriminating,sibling_selection,Medium-Hard,Answerable,1,sibling_discriminating,agency activity by agency - current,R1957,"{""construction"": ""family topic + facet carried by exactly one sibling"", ""distinguishing_kind"": ""data_source"", ""distinguishing_value"": ""All Workers"", ""sibling_count"": 2}",2.0.0,20260804
Q20004,where does each employee work including Learning Assignment,sibling_discriminating,sibling_selection,Medium-Hard,Answerable,1,sibling_discriminating,agency activity by location - detail,R3520,"{""construction"": ""family topic + facet carried by exactly one sibling"", ""distinguishing_kind"": ""field"", ""distinguishing_value"": ""Learning Assignment"", ""sibling_count"": 2}",2.0.0,20260804
Q20005,agency activity by source - ytd as a Matrix report,sibling_discriminating,sibling_selection,Medium-Hard,Answerable,1,sibling_discriminating,agency activity by source - ytd,R0544,"{""construction"": ""family topic + facet carried by exactly one sibling"", ""distinguishing_kind"": ""report_type"", ""distinguishing_value"": ""Matrix"", ""sibling_count"": 3}",2.0.0,20260804
Q20006,all custom reports by report type - detail v3 including Worker,sibling_discriminating,sibling_selection,Medium-Hard,Answerable,1,sibling_discriminating,all custom reports by report type - detail v3,R2541,"{""construction"": ""family topic + facet carried by exactly one sibling"", ""distinguishing_kind"": ""field"", ""distinguishing_value"": ""Worker"", ""sibling_count"": 2}",2.0.0,20260804
Q20007,org including Job Requisition ID,sibling_discriminating,sibling_selection,Medium-Hard,Answerable,1,sibling_discriminating,all positions by organization - audit,R0517,"{""construction"": ""family topic + facet carried by exactly one sibling"", ""distinguishing_kind"": ""field"", ""distinguishing_value"": ""Job Requisition ID"", ""sibling_count"": 2}",2.0.0,20260804
Q20008,approvals by assignee - dashboard including Position,sibling_discriminating,sibling_selection,Medium-Hard,Answerable,1,sibling_discriminating,approvals by assignee - dashboard,R0643,"{""construction"": ""family topic + facet carried by exactly one sibling"", ""distinguishing_kind"": ""field"", ""distinguishing_value"": ""Position"", ""sibling_count"": 2}",2.0.0,20260804
Q20009,approvals by initiator - summary including Elapsed Days,sibling_discriminating,sibling_selection,Medium-Hard,Answerable,1,sibling_discriminating,approvals by initiator - summary,R2839,"{""construction"": ""family topic + facet carried by exactly one sibling"", ""distinguishing_kind"": ""field"", ""distinguishing_value"": ""Elapsed Days"", ""sibling_count"": 2}",2.0.0,20260804
Q20010,organization from Business Process Events,sibling_discriminating,sibling_selection,Medium-Hard,Answerable,1,sibling_discriminating,approvals by organization,R1637,"{""construction"": ""family topic + facet carried by exactly one sibling"", ""distinguishing_kind"": ""data_source"", ""distinguishing_value"": ""Business Process Events"", ""sibling_count"": 2}",2.0.0,20260804
Q20011,management organization including Postal Code,sibling_discriminating,sibling_selection,Medium-Hard,Answerable,1,sibling_discriminating,axis - active employee,R1823,"{""construction"": ""family topic + facet carried by exactly one sibling"", ""distinguishing_kind"": ""field"", ""distinguishing_value"": ""Postal Code"", ""sibling_count"": 5}",2.0.0,20260804
Q20012,org from Trended Workers,sibling_discriminating,sibling_selection,Medium-Hard,Answerable,1,sibling_discriminating,axis - active employee - current,R0715,"{""construction"": ""family topic + facet carried by exactly one sibling"", ""distinguishing_kind"": ""data_source"", ""distinguishing_value"": ""Trended Workers"", ""sibling_count"": 4}",2.0.0,20260804
Q20013,org including Calculated Indicator,sibling_discriminating,sibling_selection,Medium-Hard,Answerable,1,sibling_discriminating,axis - active employee by country,R2283,"{""construction"": ""family topic + facet carried by exactly one sibling"", ""distinguishing_kind"": ""field"", ""distinguishing_value"": ""Calculated Indicator"", ""sibling_count"": 3}",2.0.0,20260804
Q20014,supervisory team from Workers for HCM,sibling_discriminating,sibling_selection,Medium-Hard,Answerable,1,sibling_discriminating,axis - active employee by country - detail,R2445,"{""construction"": ""family topic + facet carried by exactly one sibling"", ""distinguishing_kind"": ""data_source"", ""distinguishing_value"": ""Workers for HCM"", ""sibling_count"": 3}",2.0.0,20260804
Q20015,axis - active employee by country - quarterly including Preferred Name,sibling_discriminating,sibling_selection,Medium-Hard,Answerable,1,sibling_discriminating,axis - active employee by country - quarterly,R3297,"{""construction"": ""family topic + facet carried by exactly one sibling"", ""distinguishing_kind"": ""field"", ""distinguishing_value"": ""Preferred Name"", ""sibling_count"": 2}",2.0.0,20260804
Q20016,supervisory org including Units,sibling_discriminating,sibling_selection,Medium-Hard,Answerable,1,sibling_discriminating,axis - active employee by country - ytd,R0162,"{""construction"": ""family topic + facet carried by exactly one sibling"", ""distinguishing_kind"": ""field"", ""distinguishing_value"": ""Units"", ""sibling_count"": 3}",2.0.0,20260804
Q20017,organization including Worker Status,sibling_discriminating,sibling_selection,Medium-Hard,Answerable,1,sibling_discriminating,axis - active employee by location - summary,R1206,"{""construction"": ""family topic + facet carried by exactly one sibling"", ""distinguishing_kind"": ""field"", ""distinguishing_value"": ""Worker Status"", ""sibling_count"": 2}",2.0.0,20260804
Q20018,people leader from Workers for HCM,sibling_discriminating,sibling_selection,Medium-Hard,Answerable,1,sibling_discriminating,axis - active employee by manager,R2555,"{""construction"": ""family topic + facet carried by exactly one sibling"", ""distinguishing_kind"": ""data_source"", ""distinguishing_value"": ""Workers for HCM"", ""sibling_count"": 2}",2.0.0,20260804
Q20019,work location including Column Dimension,sibling_discriminating,sibling_selection,Medium-Hard,Answerable,1,sibling_discriminating,axis - active employee by organization,R0267,"{""construction"": ""family topic + facet carried by exactly one sibling"", ""distinguishing_kind"": ""field"", ""distinguishing_value"": ""Column Dimension"", ""sibling_count"": 4}",2.0.0,20260804
Q20020,supervisory org prompted for Effective as of Date,sibling_discriminating,sibling_selection,Medium-Hard,Answerable,1,sibling_discriminating,axis - active employee by region,R3617,"{""construction"": ""family topic + facet carried by exactly one sibling"", ""distinguishing_kind"": ""prompt"", ""distinguishing_value"": ""Effective as of Date"", ""sibling_count"": 3}",2.0.0,20260804
Q20021,employees including Hire Date,sibling_discriminating,sibling_selection,Medium-Hard,Answerable,1,sibling_discriminating,axis - active employee by region - dashboard,R1985,"{""construction"": ""family topic + facet carried by exactly one sibling"", ""distinguishing_kind"": ""field"", ""distinguishing_value"": ""Hire Date"", ""sibling_count"": 4}",2.0.0,20260804
Q20022,employees including Employee Type,sibling_discriminating,sibling_selection,Medium-Hard,Answerable,1,sibling_discriminating,axis - active employee by worker type,R2269,"{""construction"": ""family topic + facet carried by exactly one sibling"", ""distinguishing_kind"": ""field"", ""distinguishing_value"": ""Employee Type"", ""sibling_count"": 2}",2.0.0,20260804
Q20023,legal entity including Record Count,sibling_discriminating,sibling_selection,Medium-Hard,Answerable,1,sibling_discriminating,axis - active employee by worker type - historical,R1228,"{""construction"": ""family topic + facet carried by exactly one sibling"", ""distinguishing_kind"": ""field"", ""distinguishing_value"": ""Record Count"", ""sibling_count"": 2}",2.0.0,20260804
Q20024,applicants prompted for End Date,sibling_discriminating,sibling_selection,Medium-Hard,Answerable,1,sibling_discriminating,axis - agency activity by candidate stage - quarterly,R0153,"{""construction"": ""family topic + facet carried by exactly one sibling"", ""distinguishing_kind"": ""prompt"", ""distinguishing_value"": ""End Date"", ""sibling_count"": 3}",2.0.0,20260804
Q20025,axis - agency activity by source - ytd including Application Date,sibling_discriminating,sibling_selection,Medium-Hard,Answerable,1,sibling_discriminating,axis - agency activity by source - ytd,R0020,"{""construction"": ""family topic + facet carried by exactly one sibling"", ""distinguishing_kind"": ""field"", ""distinguishing_value"": ""Application Date"", ""sibling_count"": 2}",2.0.0,20260804
Q20026,job opening including Filled Indicator,sibling_discriminating,sibling_selection,Medium-Hard,Answerable,1,sibling_discriminating,axis - all positions,R2184,"{""construction"": ""family topic + facet carried by exactly one sibling"", ""distinguishing_kind"": ""field"", ""distinguishing_value"": ""Filled Indicator"", ""sibling_count"": 2}",2.0.0,20260804
Q20027,employing company including Include Subordinate Organizations,sibling_discriminating,sibling_selection,Medium-Hard,Answerable,1,sibling_discriminating,axis - all positions by company - quarterly,R3443,"{""construction"": ""family topic + facet carried by exactly one sibling"", ""distinguishing_kind"": ""field"", ""distinguishing_value"": ""Include Subordinate Organizations"", ""sibling_count"": 3}",2.0.0,20260804
Q20028,hiring requisition including Include Subordinate Organizations,sibling_discriminating,sibling_selection,Medium-Hard,Answerable,1,sibling_discriminating,axis - all positions by job family,R2835,"{""construction"": ""family topic + facet carried by exactly one sibling"", ""distinguishing_kind"": ""field"", ""distinguishing_value"": ""Include Subordinate Organizations"", ""sibling_count"": 2}",2.0.0,20260804
Q20029,axis - all positions by job family - audit as a Matrix report,sibling_discriminating,sibling_selection,Medium-Hard,Answerable,1,sibling_discriminating,axis - all positions by job family - audit,R1603,"{""construction"": ""family topic + facet carried by exactly one sibling"", ""distinguishing_kind"": ""report_type"", ""distinguishing_value"": ""Matrix"", ""sibling_count"": 3}",2.0.0,20260804
Q20030,open role including Worker ID,sibling_discriminating,sibling_selection,Medium-Hard,Answerable,1,sibling_discriminating,axis - all positions by location,R3477,"{""construction"": ""family topic + facet carried by exactly one sibling"", ""distinguishing_kind"": ""field"", ""distinguishing_value"": ""Worker ID"", ""sibling_count"": 2}",2.0.0,20260804
Q20031,supervisory team including Job Profile Code,sibling_discriminating,sibling_selection,Medium-Hard,Answerable,1,sibling_discriminating,axis - all positions by recruiter,R1004,"{""construction"": ""family topic + facet carried by exactly one sibling"", ""distinguishing_kind"": ""field"", ""distinguishing_value"": ""Job Profile Code"", ""sibling_count"": 2}",2.0.0,20260804
Q20032,employing company including Location,sibling_discriminating,sibling_selection,Medium-Hard,Answerable,1,sibling_discriminating,axis - allowance by company,R3845,"{""construction"": ""family topic + facet carried by exactly one sibling"", ""distinguishing_kind"": ""field"", ""distinguishing_value"": ""Location"", ""sibling_count"": 3}",2.0.0,20260804
Q20033,employing company including Review Status,sibling_discriminating,sibling_selection,Medium-Hard,Answerable,1,sibling_discriminating,axis - allowance by manager,R0496,"{""construction"": ""family topic + facet carried by exactly one sibling"", ""distinguishing_kind"": ""field"", ""distinguishing_value"": ""Review Status"", ""sibling_count"": 2}",2.0.0,20260804
Q20034,staff including Currency,sibling_discriminating,sibling_selection,Medium-Hard,Answerable,1,sibling_discriminating,axis - allowance by manager - summary,R0810,"{""construction"": ""family topic + facet carried by exactly one sibling"", ""distinguishing_kind"": ""field"", ""distinguishing_value"": ""Currency"", ""sibling_count"": 2}",2.0.0,20260804
Q20035,axis - allowance by region - monthly including Hourly Rate,sibling_discriminating,sibling_selection,Medium-Hard,Answerable,1,sibling_discriminating,axis - allowance by region - monthly,R0443,"{""construction"": ""family topic + facet carried by exactly one sibling"", ""distinguishing_kind"": ""field"", ""distinguishing_value"": ""Hourly Rate"", ""sibling_count"": 3}",2.0.0,20260804
Q20036,legal entity including Supervisory Organization,sibling_discriminating,sibling_selection,Medium-Hard,Answerable,1,sibling_discriminating,axis - annual compensation by employee type - quarterly,R0778,"{""construction"": ""family topic + facet carried by exactly one sibling"", ""distinguishing_kind"": ""field"", ""distinguishing_value"": ""Supervisory Organization"", ""sibling_count"": 2}",2.0.0,20260804
Q20037,employing company including Position Status,sibling_discriminating,sibling_selection,Medium-Hard,Answerable,1,sibling_discriminating,axis - annual compensation by plan - detail,R3816,"{""construction"": ""family topic + facet carried by exactly one sibling"", ""distinguishing_kind"": ""field"", ""distinguishing_value"": ""Position Status"", ""sibling_count"": 2}",2.0.0,20260804
Q20038,applicant as a Advanced report,sibling_discriminating,sibling_selection,Medium-Hard,Answerable,1,sibling_discriminating,axis - applications by candidate stage,R1973,"{""construction"": ""family topic + facet carried by exactly one sibling"", ""distinguishing_kind"": ""report_type"", ""distinguishing_value"": ""Advanced"", ""sibling_count"": 2}",2.0.0,20260804
Q20039,axis - applications by recruiter including Evergreen Indicator,sibling_discriminating,sibling_selection,Medium-Hard,Answerable,1,sibling_discriminating,axis - applications by recruiter,R1289,"{""construction"": ""family topic + facet carried by exactly one sibling"", ""distinguishing_kind"": ""field"", ""distinguishing_value"": ""Evergreen Indicator"", ""sibling_count"": 3}",2.0.0,20260804
Q20040,workers including Age Band,sibling_discriminating,sibling_selection,Medium-Hard,Answerable,1,sibling_discriminating,axis - approvals by assignee - summary,R1857,"{""construction"": ""family topic + facet carried by exactly one sibling"", ""distinguishing_kind"": ""field"", ""distinguishing_value"": ""Age Band"", ""sibling_count"": 2}",2.0.0,20260804
Q20041,axis - approvals by initiator - ytd including Record Count,sibling_discriminating,sibling_selection,Medium-Hard,Answerable,1,sibling_discriminating,axis - approvals by initiator - ytd,R3025,"{""construction"": ""family topic + facet carried by exactly one sibling"", ""distinguishing_kind"": ""field"", ""distinguishing_value"": ""Record Count"", ""sibling_count"": 2}",2.0.0,20260804
Q20042,axis - approvals by status - dashboard including Position ID,sibling_discriminating,sibling_selection,Medium-Hard,Answerable,1,sibling_discriminating,axis - approvals by status - dashboard,R0270,"{""construction"": ""family topic + facet carried by exactly one sibling"", ""distinguishing_kind"": ""field"", ""distinguishing_value"": ""Position ID"", ""sibling_count"": 4}",2.0.0,20260804
Q20043,workforce attrition including Hire Date,sibling_discriminating,sibling_selection,Medium-Hard,Answerable,1,sibling_discriminating,axis - attrition by business unit - monthly,R2519,"{""construction"": ""family topic + facet carried by exactly one sibling"", ""distinguishing_kind"": ""field"", ""distinguishing_value"": ""Hire Date"", ""sibling_count"": 2}",2.0.0,20260804
Q20044,workforce attrition including Beginning Headcount,sibling_discriminating,sibling_selection,Medium-Hard,Answerable,1,sibling_discriminating,axis - attrition by quarter - ytd,R3464,"{""construction"": ""family topic + facet carried by exactly one sibling"", ""distinguishing_kind"": ""field"", ""distinguishing_value"": ""Beginning Headcount"", ""sibling_count"": 2}",2.0.0,20260804
Q20045,workforce attrition including Initiated Date,sibling_discriminating,sibling_selection,Medium-Hard,Answerable,1,sibling_discriminating,axis - attrition by region,R3037,"{""construction"": ""family topic + facet carried by exactly one sibling"", ""distinguishing_kind"": ""field"", ""distinguishing_value"": ""Initiated Date"", ""sibling_count"": 4}",2.0.0,20260804
Q20046,org from Business Process Events,sibling_discriminating,sibling_selection,Medium-Hard,Answerable,1,sibling_discriminating,axis - awaiting action by organization - ytd,R1193,"{""construction"": ""family topic + facet carried by exactly one sibling"", ""distinguishing_kind"": ""data_source"", ""distinguishing_value"": ""Business Process Events"", ""sibling_count"": 2}",2.0.0,20260804
Q20047,overdue including Worker ID,sibling_discriminating,sibling_selection,Medium-Hard,Answerable,1,sibling_discriminating,axis - awaiting action by process type - historical,R3003,"{""construction"": ""family topic + facet carried by exactly one sibling"", ""distinguishing_kind"": ""field"", ""distinguishing_value"": ""Worker ID"", ""sibling_count"": 2}",2.0.0,20260804
Q20048,benefits coverage as a Matrix report,sibling_discriminating,sibling_selection,Medium-Hard,Answerable,1,sibling_discriminating,axis - benefit coverage by benefit group,R2416,"{""construction"": ""family topic + facet carried by exactly one sibling"", ""distinguishing_kind"": ""report_type"", ""distinguishing_value"": ""Matrix"", ""sibling_count"": 2}",2.0.0,20260804
Q20049,benefit election prompted for Benefit Groups,sibling_discriminating,sibling_selection,Medium-Hard,Answerable,1,sibling_discriminating,axis - benefit coverage by worker,R1030,"{""construction"": ""family topic + facet carried by exactly one sibling"", ""distinguishing_kind"": ""prompt"", ""distinguishing_value"": ""Benefit Groups"", ""sibling_count"": 2}",2.0.0,20260804
Q20050,employee including Coverage Type,sibling_discriminating,sibling_selection,Medium-Hard,Answerable,1,sibling_discriminating,axis - benefit elections by company,R1715,"{""construction"": ""family topic + facet carried by exactly one sibling"", ""distinguishing_kind"": ""field"", ""distinguishing_value"": ""Coverage Type"", ""sibling_count"": 2}",2.0.0,20260804
Q20051,coverage window from All Benefit Elections,sibling_discriminating,sibling_selection,Medium-Hard,Answerable,1,sibling_discriminating,axis - benefit enrollment - summary,R0092,"{""construction"": ""family topic + facet carried by exactly one sibling"", ""distinguishing_kind"": ""data_source"", ""distinguishing_value"": ""All Benefit Elections"", ""sibling_count"": 2}",2.0.0,20260804
Q20052,benefit population prompted for Effective as of Date,sibling_discriminating,sibling_selection,Medium-Hard,Answerable,1,sibling_discriminating,axis - benefit enrollment by company - current,R2672,"{""construction"": ""family topic + facet carried by exactly one sibling"", ""distinguishing_kind"": ""prompt"", ""distinguishing_value"": ""Effective as of Date"", ""sibling_count"": 2}",2.0.0,20260804
Q20053,axis - bonus and one-time - current including Effective Date,sibling_discriminating,sibling_selection,Medium-Hard,Answerable,1,sibling_discriminating,axis - bonus and one-time - current,R0750,"{""construction"": ""family topic + facet carried by exactly one sibling"", ""distinguishing_kind"": ""field"", ""distinguishing_value"": ""Effective Date"", ""sibling_count"": 2}",2.0.0,20260804
Q20054,axis - bonus and one-time - ytd including Pay Group,sibling_discriminating,sibling_selection,Medium-Hard,Answerable,1,sibling_discriminating,axis - bonus and one-time - ytd,R2409,"{""construction"": ""family topic + facet carried by exactly one sibling"", ""distinguishing_kind"": ""field"", ""distinguishing_value"": ""Pay Group"", ""sibling_count"": 2}",2.0.0,20260804
Q20055,employing company including Compensation Grade,sibling_discriminating,sibling_selection,Medium-Hard,Answerable,1,sibling_discriminating,axis - bonus and one-time by company - summary,R0348,"{""construction"": ""family topic + facet carried by exactly one sibling"", ""distinguishing_kind"": ""field"", ""distinguishing_value"": ""Compensation Grade"", ""sibling_count"": 3}",2.0.0,20260804
Q20056,annualized pay including Worker,sibling_discriminating,sibling_selection,Medium-Hard,Answerable,1,sibling_discriminating,axis - bonus and one-time by company - ytd,R2518,"{""construction"": ""family topic + facet carried by exactly one sibling"", ""distinguishing_kind"": ""field"", ""distinguishing_value"": ""Worker"", ""sibling_count"": 2}",2.0.0,20260804
Q20057,legal entity as a Advanced report,sibling_discriminating,sibling_selection,Medium-Hard,Answerable,1,sibling_discriminating,axis - bonus and one-time by grade - historical,R2652,"{""construction"": ""family topic + facet carried by exactly one sibling"", ""distinguishing_kind"": ""report_type"", ""distinguishing_value"": ""Advanced"", ""sibling_count"": 2}",2.0.0,20260804
Q20058,axis - business process by initiator - quarterly as a Advanced report,sibling_discriminating,sibling_selection,Medium-Hard,Answerable,1,sibling_discriminating,axis - business process by initiator - quarterly,R2137,"{""construction"": ""family topic + facet carried by exactly one sibling"", ""distinguishing_kind"": ""report_type"", ""distinguishing_value"": ""Advanced"", ""sibling_count"": 2}",2.0.0,20260804
Q20059,management organization prompted for Business Process Types,sibling_discriminating,sibling_selection,Medium-Hard,Answerable,1,sibling_discriminating,axis - business process by organization - audit,R3410,"{""construction"": ""family topic + facet carried by exactly one sibling"", ""distinguishing_kind"": ""prompt"", ""distinguishing_value"": ""Business Process Types"", ""sibling_count"": 2}",2.0.0,20260804
Q20060,organization including As of Date,sibling_discriminating,sibling_selection,Medium-Hard,Answerable,1,sibling_discriminating,axis - business process by organization - quarterly,R2335,"{""construction"": ""family topic + facet carried by exactly one sibling"", ""distinguishing_kind"": ""field"", ""distinguishing_value"": ""As of Date"", ""sibling_count"": 3}",2.0.0,20260804
Q20061,applicant including Filled Indicator,sibling_discriminating,sibling_selection,Medium-Hard,Answerable,1,sibling_discriminating,axis - candidate pipeline by candidate stage,R0381,"{""construction"": ""family topic + facet carried by exactly one sibling"", ""distinguishing_kind"": ""field"", ""distinguishing_value"": ""Filled Indicator"", ""sibling_count"": 5}",2.0.0,20260804
Q20062,ta partner prompted for Created On (Ending,sibling_discriminating,sibling_selection,Medium-Hard,Answerable,1,sibling_discriminating,axis - candidate pipeline by source,R2083,"{""construction"": ""family topic + facet carried by exactly one sibling"", ""distinguishing_kind"": ""prompt"", ""distinguishing_value"": ""Created On (Ending"", ""sibling_count"": 2}",2.0.0,20260804
Q20063,job seeker including Recruiter,sibling_discriminating,sibling_selection,Medium-Hard,Answerable,1,sibling_discriminating,axis - candidate status by job - current,R3455,"{""construction"": ""family topic + facet carried by exactly one sibling"", ""distinguishing_kind"": ""field"", ""distinguishing_value"": ""Recruiter"", ""sibling_count"": 2}",2.0.0,20260804
Q20064,applicants including Location,sibling_discriminating,sibling_selection,Medium-Hard,Answerable,1,sibling_discriminating,axis - candidate status by recruiter,R0606,"{""construction"": ""family topic + facet carried by exactly one sibling"", ""distinguishing_kind"": ""field"", ""distinguishing_value"": ""Location"", ""sibling_count"": 2}",2.0.0,20260804
Q20065,employees including Column Dimension,sibling_discriminating,sibling_selection,Medium-Hard,Answerable,1,sibling_discriminating,axis - comp grade by manager - dashboard,R1558,"{""construction"": ""family topic + facet carried by exactly one sibling"", ""distinguishing_kind"": ""field"", ""distinguishing_value"": ""Column Dimension"", ""sibling_count"": 3}",2.0.0,20260804
Q20066,legal entity from All Compensation Review,sibling_discriminating,sibling_selection,Medium-Hard,Answerable,1,sibling_discriminating,axis - compensation actuals by employee type,R0375,"{""construction"": ""family topic + facet carried by exactly one sibling"", ""distinguishing_kind"": ""data_source"", ""distinguishing_value"": ""All Compensation Review"", ""sibling_count"": 3}",2.0.0,20260804
Q20067,base salary including Worker,sibling_discriminating,sibling_selection,Medium-Hard,Answerable,1,sibling_discriminating,axis - compensation actuals by plan - historical,R1537,"{""construction"": ""family topic + facet carried by exactly one sibling"", ""distinguishing_kind"": ""field"", ""distinguishing_value"": ""Worker"", ""sibling_count"": 2}",2.0.0,20260804
Q20068,axis - compensation grade setup by grade including Calculated Indicator,sibling_discriminating,sibling_selection,Medium-Hard,Answerable,1,sibling_discriminating,axis - compensation grade setup by grade,R1055,"{""construction"": ""family topic + facet carried by exactly one sibling"", ""distinguishing_kind"": ""field"", ""distinguishing_value"": ""Calculated Indicator"", ""sibling_count"": 2}",2.0.0,20260804
Q20069,axis - compensation grade setup by plan including Effective Date,sibling_discriminating,sibling_selection,Medium-Hard,Answerable,1,sibling_discriminating,axis - compensation grade setup by plan,R0904,"{""construction"": ""family topic + facet carried by exactly one sibling"", ""distinguishing_kind"": ""field"", ""distinguishing_value"": ""Effective Date"", ""sibling_count"": 2}",2.0.0,20260804
Q20070,axis - compensation review - ytd including Contingent Worker Type,sibling_discriminating,sibling_selection,Medium-Hard,Answerable,1,sibling_discriminating,axis - compensation review - ytd,R2480,"{""construction"": ""family topic + facet carried by exactly one sibling"", ""distinguishing_kind"": ""field"", ""distinguishing_value"": ""Contingent Worker Type"", ""sibling_count"": 5}",2.0.0,20260804
Q20071,staff as a Advanced report,sibling_discriminating,sibling_selection,Medium-Hard,Answerable,1,sibling_discriminating,axis - compensation review by employee type - quarterly,R3223,"{""construction"": ""family topic + facet carried by exactly one sibling"", ""distinguishing_kind"": ""report_type"", ""distinguishing_value"": ""Advanced"", ""sibling_count"": 2}",2.0.0,20260804
Q20072,annual salary including Include Subordinate Organizations,sibling_discriminating,sibling_selection,Medium-Hard,Answerable,1,sibling_discriminating,axis - compensation review by manager - audit,R1938,"{""construction"": ""family topic + facet carried by exactly one sibling"", ""distinguishing_kind"": ""field"", ""distinguishing_value"": ""Include Subordinate Organizations"", ""sibling_count"": 2}",2.0.0,20260804
Q20073,axis - compensation statement including Allowance Amount,sibling_discriminating,sibling_selection,Medium-Hard,Answerable,1,sibling_discriminating,axis - compensation statement,R0502,"{""construction"": ""family topic + facet carried by exactly one sibling"", ""distinguishing_kind"": ""field"", ""distinguishing_value"": ""Allowance Amount"", ""sibling_count"": 3}",2.0.0,20260804
Q20074,salary including Effective Date,sibling_discriminating,sibling_selection,Medium-Hard,Answerable,1,sibling_discriminating,axis - compensation statement - monthly,R2498,"{""construction"": ""family topic + facet carried by exactly one sibling"", ""distinguishing_kind"": ""field"", ""distinguishing_value"": ""Effective Date"", ""sibling_count"": 2}",2.0.0,20260804
Q20075,axis - compensation statement by employee type - audit from Custom Reports I Can,sibling_discriminating,sibling_selection,Medium-Hard,Answerable,1,sibling_discriminating,axis - compensation statement by employee type - audit,R0473,"{""construction"": ""family topic + facet carried by exactly one sibling"", ""distinguishing_kind"": ""data_source"", ""distinguishing_value"": ""Custom Reports I Can"", ""sibling_count"": 3}",2.0.0,20260804
Q20076,employee including Effective Date,sibling_discriminating,sibling_selection,Medium-Hard,Answerable,1,sibling_discriminating,axis - compensation statement by region - historical,R3274,"{""construction"": ""family topic + facet carried by exactly one sibling"", ""distinguishing_kind"": ""field"", ""distinguishing_value"": ""Effective Date"", ""sibling_count"": 2}",2.0.0,20260804
Q20077,axis - compensation statement by region - quarterly including Pay Group,sibling_discriminating,sibling_selection,Medium-Hard,Answerable,1,sibling_discriminating,axis - compensation statement by region - quarterly,R0226,"{""construction"": ""family topic + facet carried by exactly one sibling"", ""distinguishing_kind"": ""field"", ""distinguishing_value"": ""Pay Group"", ""sibling_count"": 3}",2.0.0,20260804
Q20078,axis - completed steps by assignee including Step Name,sibling_discriminating,sibling_selection,Medium-Hard,Answerable,1,sibling_discriminating,axis - completed steps by assignee,R1304,"{""construction"": ""family topic + facet carried by exactly one sibling"", ""distinguishing_kind"": ""field"", ""distinguishing_value"": ""Step Name"", ""sibling_count"": 2}",2.0.0,20260804
Q20079,axis - completed steps by initiator - current including Correction Reason,sibling_discriminating,sibling_selection,Medium-Hard,Answerable,1,sibling_discriminating,axis - completed steps by initiator - current,R0540,"{""construction"": ""family topic + facet carried by exactly one sibling"", ""distinguishing_kind"": ""field"", ""distinguishing_value"": ""Correction Reason"", ""sibling_count"": 3}",2.0.0,20260804
Q20080,management organization including Job Family,sibling_discriminating,sibling_selection,Medium-Hard,Answerable,1,sibling_discriminating,axis - completed steps by organization - summary,R0098,"{""construction"": ""family topic + facet carried by exactly one sibling"", ""distinguishing_kind"": ""field"", ""distinguishing_value"": ""Job Family"", ""sibling_count"": 2}",2.0.0,20260804
Q20081,workplace including Organization Name,sibling_discriminating,sibling_selection,Medium-Hard,Answerable,1,sibling_discriminating,axis - cost centers by location - audit,R0281,"{""construction"": ""family topic + facet carried by exactly one sibling"", ""distinguishing_kind"": ""field"", ""distinguishing_value"": ""Organization Name"", ""sibling_count"": 3}",2.0.0,20260804
Q20082,bosses including Talent Pool,sibling_discriminating,sibling_selection,Medium-Hard,Answerable,1,sibling_discriminating,axis - development goals - current,R3343,"{""construction"": ""family topic + facet carried by exactly one sibling"", ""distinguishing_kind"": ""field"", ""distinguishing_value"": ""Talent Pool"", ""sibling_count"": 2}",2.0.0,20260804
Q20083,organization including Manager,sibling_discriminating,sibling_selection,Medium-Hard,Answerable,1,sibling_discriminating,axis - development goals by organization - detail,R1230,"{""construction"": ""family topic + facet carried by exactly one sibling"", ""distinguishing_kind"": ""field"", ""distinguishing_value"": ""Manager"", ""sibling_count"": 2}",2.0.0,20260804
Q20084,supervisory org prompted for Include Subordinate,sibling_discriminating,sibling_selection,Medium-Hard,Answerable,1,sibling_discriminating,axis - development goals by organization - ytd,R0541,"{""construction"": ""family topic + facet carried by exactly one sibling"", ""distinguishing_kind"": ""prompt"", ""distinguishing_value"": ""Include Subordinate"", ""sibling_count"": 4}",2.0.0,20260804
Q20085,learning outcomes including Calibration Status,sibling_discriminating,sibling_selection,Medium-Hard,Answerable,1,sibling_discriminating,axis - development goals by rating,R1245,"{""construction"": ""family topic + facet carried by exactly one sibling"", ""distinguishing_kind"": ""field"", ""distinguishing_value"": ""Calibration Status"", ""sibling_count"": 2}",2.0.0,20260804
Q20086,axis - domain security by domain from All Domains,sibling_discriminating,sibling_selection,Medium-Hard,Answerable,1,sibling_discriminating,axis - domain security by domain,R2004,"{""construction"": ""family topic + facet carried by exactly one sibling"", ""distinguishing_kind"": ""data_source"", ""distinguishing_value"": ""All Domains"", ""sibling_count"": 2}",2.0.0,20260804
Q20087,axis - domain security by domain - current including Postal Code,sibling_discriminating,sibling_selection,Medium-Hard,Answerable,1,sibling_discriminating,axis - domain security by domain - current,R3338,"{""construction"": ""family topic + facet carried by exactly one sibling"", ""distinguishing_kind"": ""field"", ""distinguishing_value"": ""Postal Code"", ""sibling_count"": 2}",2.0.0,20260804
Q20088,axis - domain security by role - audit including Disabled Indicator,sibling_discriminating,sibling_selection,Medium-Hard,Answerable,1,sibling_discriminating,axis - domain security by role - audit,R2928,"{""construction"": ""family topic + facet carried by exactly one sibling"", ""distinguishing_kind"": ""field"", ""distinguishing_value"": ""Disabled Indicator"", ""sibling_count"": 2}",2.0.0,20260804
Q20089,axis - domain security by user - monthly as a Matrix report,sibling_discriminating,sibling_selection,Medium-Hard,Answerable,1,sibling_discriminating,axis - domain security by user - monthly,R2920,"{""construction"": ""family topic + facet carried by exactly one sibling"", ""distinguishing_kind"": ""report_type"", ""distinguishing_value"": ""Matrix"", ""sibling_count"": 2}",2.0.0,20260804
Q20090,axis - earnings and deductions by period - monthly v2 including Gross Pay,sibling_discriminating,sibling_selection,Medium-Hard,Answerable,1,sibling_discriminating,axis - earnings and deductions by period - monthly v2,R0165,"{""construction"": ""family topic + facet carried by exactly one sibling"", ""distinguishing_kind"": ""field"", ""distinguishing_value"": ""Gross Pay"", ""sibling_count"": 3}",2.0.0,20260804
Q20091,employee including Calculated Indicator,sibling_discriminating,sibling_selection,Medium-Hard,Answerable,1,sibling_discriminating,axis - earnings and deductions by worker,R2985,"{""construction"": ""family topic + facet carried by exactly one sibling"", ""distinguishing_kind"": ""field"", ""distinguishing_value"": ""Calculated Indicator"", ""sibling_count"": 3}",2.0.0,20260804
Q20092,management organization including Management Level,sibling_discriminating,sibling_selection,Medium-Hard,Answerable,1,sibling_discriminating,axis - employee assignment by country - current,R0088,"{""construction"": ""family topic + facet carried by exactly one sibling"", ""distinguishing_kind"": ""field"", ""distinguishing_value"": ""Management Level"", ""sibling_count"": 2}",2.0.0,20260804
Q20093,where does each employee work from Workers for HCM,sibling_discriminating,sibling_selection,Medium-Hard,Answerable,1,sibling_discriminating,axis - employee assignment by location - current,R3165,"{""construction"": ""family topic + facet carried by exactly one sibling"", ""distinguishing_kind"": ""data_source"", ""distinguishing_value"": ""Workers for HCM"", ""sibling_count"": 2}",2.0.0,20260804
Q20094,employing company including Worker ID,sibling_discriminating,sibling_selection,Medium-Hard,Answerable,1,sibling_discriminating,axis - employee assignment by location - detail,R0075,"{""construction"": ""family topic + facet carried by exactly one sibling"", ""distinguishing_kind"": ""field"", ""distinguishing_value"": ""Worker ID"", ""sibling_count"": 3}",2.0.0,20260804
Q20095,bosses prompted for Contingent Worker Type,sibling_discriminating,sibling_selection,Medium-Hard,Answerable,1,sibling_discriminating,axis - employee assignment by manager - detail,R0944,"{""construction"": ""family topic + facet carried by exactly one sibling"", ""distinguishing_kind"": ""prompt"", ""distinguishing_value"": ""Contingent Worker Type"", ""sibling_count"": 2}",2.0.0,20260804
Q20096,employing company including Postal Code,sibling_discriminating,sibling_selection,Medium-Hard,Answerable,1,sibling_discriminating,axis - employee assignment by organization,R1277,"{""construction"": ""family topic + facet carried by exactly one sibling"", ""distinguishing_kind"": ""field"", ""distinguishing_value"": ""Postal Code"", ""sibling_count"": 3}",2.0.0,20260804
Q20097,supervisory team including Email Address,sibling_discriminating,sibling_selection,Medium-Hard,Answerable,1,sibling_discriminating,axis - employee assignment by organization - current,R3827,"{""construction"": ""family topic + facet carried by exactly one sibling"", ""distinguishing_kind"": ""field"", ""distinguishing_value"": ""Email Address"", ""sibling_count"": 2}",2.0.0,20260804
Q20098,organization including Worker Type,sibling_discriminating,sibling_selection,Medium-Hard,Answerable,1,sibling_discriminating,axis - employee assignment by organization - dashboard,R1099,"{""construction"": ""family topic + facet carried by exactly one sibling"", ""distinguishing_kind"": ""field"", ""distinguishing_value"": ""Worker Type"", ""sibling_count"": 2}",2.0.0,20260804
Q20099,employing company including Manager,sibling_discriminating,sibling_selection,Medium-Hard,Answerable,1,sibling_discriminating,axis - employee assignment by organization - ytd,R0716,"{""construction"": ""family topic + facet carried by exactly one sibling"", ""distinguishing_kind"": ""field"", ""distinguishing_value"": ""Manager"", ""sibling_count"": 2}",2.0.0,20260804
Q20100,employing company including Worker Status,sibling_discriminating,sibling_selection,Medium-Hard,Answerable,1,sibling_discriminating,axis - employee assignment by worker type,R1432,"{""construction"": ""family topic + facet carried by exactly one sibling"", ""distinguishing_kind"": ""field"", ""distinguishing_value"": ""Worker Status"", ""sibling_count"": 3}",2.0.0,20260804
Q20101,where does each employee work prompted for Employee Type,sibling_discriminating,sibling_selection,Medium-Hard,Answerable,1,sibling_discriminating,axis - employee assignment by worker type - dashboard,R1187,"{""construction"": ""family topic + facet carried by exactly one sibling"", ""distinguishing_kind"": ""prompt"", ""distinguishing_value"": ""Employee Type"", ""sibling_count"": 2}",2.0.0,20260804
Q20102,work location prompted for Include Managers,sibling_discriminating,sibling_selection,Medium-Hard,Answerable,1,sibling_discriminating,axis - employee assignment by worker type - quarterly,R0146,"{""construction"": ""family topic + facet carried by exactly one sibling"", ""distinguishing_kind"": ""prompt"", ""distinguishing_value"": ""Include Managers"", ""sibling_count"": 4}",2.0.0,20260804
Q20103,work location as a Matrix report,sibling_discriminating,sibling_selection,Medium-Hard,Answerable,1,sibling_discriminating,axis - employee contact,R3742,"{""construction"": ""family topic + facet carried by exactly one sibling"", ""distinguishing_kind"": ""report_type"", ""distinguishing_value"": ""Matrix"", ""sibling_count"": 2}",2.0.0,20260804
Q20104,axis - employee contact - monthly including Worker,sibling_discriminating,sibling_selection,Medium-Hard,Answerable,1,sibling_discriminating,axis - employee contact - monthly,R0408,"{""construction"": ""family topic + facet carried by exactly one sibling"", ""distinguishing_kind"": ""field"", ""distinguishing_value"": ""Worker"", ""sibling_count"": 2}",2.0.0,20260804
Q20105,organization including Row Dimension,sibling_discriminating,sibling_selection,Medium-Hard,Answerable,1,sibling_discriminating,axis - employee contact by company,R1104,"{""construction"": ""family topic + facet carried by exactly one sibling"", ""distinguishing_kind"": ""field"", ""distinguishing_value"": ""Row Dimension"", ""sibling_count"": 2}",2.0.0,20260804
Q20106,axis - employee contact by country - summary prompted for Effective as of Date,sibling_discriminating,sibling_selection,Medium-Hard,Answerable,1,sibling_discriminating,axis - employee contact by country - summary,R2148,"{""construction"": ""family topic + facet carried by exactly one sibling"", ""distinguishing_kind"": ""prompt"", ""distinguishing_value"": ""Effective as of Date"", ""sibling_count"": 4}",2.0.0,20260804
Q20107,bosses including Calculated Indicator,sibling_discriminating,sibling_selection,Medium-Hard,Answerable,1,sibling_discriminating,axis - employee contact by manager,R0241,"{""construction"": ""family topic + facet carried by exactly one sibling"", ""distinguishing_kind"": ""field"", ""distinguishing_value"": ""Calculated Indicator"", ""sibling_count"": 4}",2.0.0,20260804
Q20108,people leader including Record Count,sibling_discriminating,sibling_selection,Medium-Hard,Answerable,1,sibling_discriminating,axis - employee contact by manager - audit,R2225,"{""construction"": ""family topic + facet carried by exactly one sibling"", ""distinguishing_kind"": ""field"", ""distinguishing_value"": ""Record Count"", ""sibling_count"": 2}",2.0.0,20260804
Q20109,legal entity including Effective Date,sibling_discriminating,sibling_selection,Medium-Hard,Answerable,1,sibling_discriminating,axis - employee contact by organization - quarterly,R3415,"{""construction"": ""family topic + facet carried by exactly one sibling"", ""distinguishing_kind"": ""field"", ""distinguishing_value"": ""Effective Date"", ""sibling_count"": 2}",2.0.0,20260804
Q20110,staff including Location,sibling_discriminating,sibling_selection,Medium-Hard,Answerable,1,sibling_discriminating,axis - employee identifier,R2427,"{""construction"": ""family topic + facet carried by exactly one sibling"", ""distinguishing_kind"": ""field"", ""distinguishing_value"": ""Location"", ""sibling_count"": 2}",2.0.0,20260804
Q20111,bosses including Company,sibling_discriminating,sibling_selection,Medium-Hard,Answerable,1,sibling_discriminating,axis - employee identifier - dashboard,R3074,"{""construction"": ""family topic + facet carried by exactly one sibling"", ""distinguishing_kind"": ""field"", ""distinguishing_value"": ""Company"", ""sibling_count"": 2}",2.0.0,20260804
Q20112,org including Business Unit,sibling_discriminating,sibling_selection,Medium-Hard,Answerable,1,sibling_discriminating,axis - employee identifier by company - historical,R0351,"{""construction"": ""family topic + facet carried by exactly one sibling"", ""distinguishing_kind"": ""field"", ""distinguishing_value"": ""Business Unit"", ""sibling_count"": 2}",2.0.0,20260804
Q20113,where does each employee work including Employee ID,sibling_discriminating,sibling_selection,Medium-Hard,Answerable,1,sibling_discriminating,axis - employee identifier by country - historical,R2159,"{""construction"": ""family topic + facet carried by exactly one sibling"", ""distinguishing_kind"": ""field"", ""distinguishing_value"": ""Employee ID"", ""sibling_count"": 2}",2.0.0,20260804
Q20114,supervisory org including Measure Value,sibling_discriminating,sibling_selection,Medium-Hard,Answerable,1,sibling_discriminating,axis - employee identifier by manager - historical,R3801,"{""construction"": ""family topic + facet carried by exactly one sibling"", ""distinguishing_kind"": ""field"", ""distinguishing_value"": ""Measure Value"", ""sibling_count"": 3}",2.0.0,20260804
Q20115,team leader as a Matrix report,sibling_discriminating,sibling_selection,Medium-Hard,Answerable,1,sibling_discriminating,axis - employee identifier by manager - ytd,R3075,"{""construction"": ""family topic + facet carried by exactly one sibling"", ""distinguishing_kind"": ""report_type"", ""distinguishing_value"": ""Matrix"", ""sibling_count"": 3}",2.0.0,20260804
Q20116,axis - employee identifier by region including Legal Name,sibling_discriminating,sibling_selection,Medium-Hard,Answerable,1,sibling_discriminating,axis - employee identifier by region,R0668,"{""construction"": ""family topic + facet carried by exactly one sibling"", ""distinguishing_kind"": ""field"", ""distinguishing_value"": ""Legal Name"", ""sibling_count"": 5}",2.0.0,20260804
Q20117,supervisory team prompted for Contingent Worker Type,sibling_discriminating,sibling_selection,Medium-Hard,Answerable,1,sibling_discriminating,axis - employee identifier by region - quarterly,R3544,"{""construction"": ""family topic + facet carried by exactly one sibling"", ""distinguishing_kind"": ""prompt"", ""distinguishing_value"": ""Contingent Worker Type"", ""sibling_count"": 2}",2.0.0,20260804
Q20118,organization including Effective Date,sibling_discriminating,sibling_selection,Medium-Hard,Answerable,1,sibling_discriminating,axis - employee identifier by worker type - detail,R2043,"{""construction"": ""family topic + facet carried by exactly one sibling"", ""distinguishing_kind"": ""field"", ""distinguishing_value"": ""Effective Date"", ""sibling_count"": 2}",2.0.0,20260804
Q20119,people leader including Candidate ID,sibling_discriminating,sibling_selection,Medium-Hard,Answerable,1,sibling_discriminating,axis - employee movement by manager - current,R2073,"{""construction"": ""family topic + facet carried by exactly one sibling"", ""distinguishing_kind"": ""field"", ""distinguishing_value"": ""Candidate ID"", ""sibling_count"": 2}",2.0.0,20260804
Q20120,employees including Country,sibling_discriminating,sibling_selection,Medium-Hard,Answerable,1,sibling_discriminating,axis - employee movement by quarter - ytd,R0095,"{""construction"": ""family topic + facet carried by exactly one sibling"", ""distinguishing_kind"": ""field"", ""distinguishing_value"": ""Country"", ""sibling_count"": 2}",2.0.0,20260804
Q20121,joiners including CF - Employee Movement Region Audit 1224,sibling_discriminating,sibling_selection,Medium-Hard,Answerable,1,sibling_discriminating,axis - employee movement by region - audit,R1227,"{""construction"": ""family topic + facet carried by exactly one sibling"", ""distinguishing_kind"": ""field"", ""distinguishing_value"": ""CF - Employee Movement Region Audit 1224"", ""sibling_count"": 2}",2.0.0,20260804
Q20122,workplace including Record Count,sibling_discriminating,sibling_selection,Medium-Hard,Answerable,1,sibling_discriminating,axis - employee profile - quarterly,R2943,"{""construction"": ""family topic + facet carried by exactly one sibling"", ""distinguishing_kind"": ""field"", ""distinguishing_value"": ""Record Count"", ""sibling_count"": 3}",2.0.0,20260804
Q20123,legal entity including Row Dimension,sibling_discriminating,sibling_selection,Medium-Hard,Answerable,1,sibling_discriminating,axis - employee profile by company,R3423,"{""construction"": ""family topic + facet carried by exactly one sibling"", ""distinguishing_kind"": ""field"", ""distinguishing_value"": ""Row Dimension"", ""sibling_count"": 2}",2.0.0,20260804
Q20124,employing company including Continuous Service Date,sibling_discriminating,sibling_selection,Medium-Hard,Answerable,1,sibling_discriminating,axis - employee profile by company - ytd,R1970,"{""construction"": ""family topic + facet carried by exactly one sibling"", ""distinguishing_kind"": ""field"", ""distinguishing_value"": ""Continuous Service Date"", ""sibling_count"": 2}",2.0.0,20260804
Q20125,legal entity including Business Unit,sibling_discriminating,sibling_selection,Medium-Hard,Answerable,1,sibling_discriminating,axis - employee profile by country - current,R3358,"{""construction"": ""family topic + facet carried by exactly one sibling"", ""distinguishing_kind"": ""field"", ""distinguishing_value"": ""Business Unit"", ""sibling_count"": 3}",2.0.0,20260804
Q20126,axis - employee profile by country - historical including Preferred Name,sibling_discriminating,sibling_selection,Medium-Hard,Answerable,1,sibling_discriminating,axis - employee profile by country - historical,R1596,"{""construction"": ""family topic + facet carried by exactly one sibling"", ""distinguishing_kind"": ""field"", ""distinguishing_value"": ""Preferred Name"", ""sibling_count"": 2}",2.0.0,20260804
Q20127,organization including Age Band,sibling_discriminating,sibling_selection,Medium-Hard,Answerable,1,sibling_discriminating,axis - employee profile by location - current,R2694,"{""construction"": ""family topic + facet carried by exactly one sibling"", ""distinguishing_kind"": ""field"", ""distinguishing_value"": ""Age Band"", ""sibling_count"": 2}",2.0.0,20260804
Q20128,supervisory team including Composite Section,sibling_discriminating,sibling_selection,Medium-Hard,Answerable,1,sibling_discriminating,axis - employee profile by location - summary,R0556,"{""construction"": ""family topic + facet carried by exactly one sibling"", ""distinguishing_kind"": ""field"", ""distinguishing_value"": ""Composite Section"", ""sibling_count"": 4}",2.0.0,20260804
Q20129,supervisory org as a Matrix report,sibling_discriminating,sibling_selection,Medium-Hard,Answerable,1,sibling_discriminating,axis - employee profile by location - ytd,R0935,"{""construction"": ""family topic + facet carried by exactly one sibling"", ""distinguishing_kind"": ""report_type"", ""distinguishing_value"": ""Matrix"", ""sibling_count"": 3}",2.0.0,20260804
Q20130,people leader from All Active Employees,sibling_discriminating,sibling_selection,Medium-Hard,Answerable,1,sibling_discriminating,axis - employee profile by manager,R3762,"{""construction"": ""family topic + facet carried by exactly one sibling"", ""distinguishing_kind"": ""data_source"", ""distinguishing_value"": ""All Active Employees"", ""sibling_count"": 3}",2.0.0,20260804
Q20131,management organization from Workers for HCM,sibling_discriminating,sibling_selection,Medium-Hard,Answerable,1,sibling_discriminating,axis - employee profile by manager - current,R0607,"{""construction"": ""family topic + facet carried by exactly one sibling"", ""distinguishing_kind"": ""data_source"", ""distinguishing_value"": ""Workers for HCM"", ""sibling_count"": 2}",2.0.0,20260804
Q20132,boss including Contingent Worker Type,sibling_discriminating,sibling_selection,Medium-Hard,Answerable,1,sibling_discriminating,axis - employee profile by manager - historical,R2234,"{""construction"": ""family topic + facet carried by exactly one sibling"", ""distinguishing_kind"": ""field"", ""distinguishing_value"": ""Contingent Worker Type"", ""sibling_count"": 2}",2.0.0,20260804
Q20133,organization including As of Date,sibling_discriminating,sibling_selection,Medium-Hard,Answerable,1,sibling_discriminating,axis - employee profile by organization - ytd,R1482,"{""construction"": ""family topic + facet carried by exactly one sibling"", ""distinguishing_kind"": ""field"", ""distinguishing_value"": ""As of Date"", ""sibling_count"": 2}",2.0.0,20260804
Q20134,supervisory team including Legal Name,sibling_discriminating,sibling_selection,Medium-Hard,Answerable,1,sibling_discriminating,axis - employee profile by region - dashboard,R2260,"{""construction"": ""family topic + facet carried by exactly one sibling"", ""distinguishing_kind"": ""field"", ""distinguishing_value"": ""Legal Name"", ""sibling_count"": 2}",2.0.0,20260804
Q20135,legal entity prompted for Location (Default Prompt),sibling_discriminating,sibling_selection,Medium-Hard,Answerable,1,sibling_discriminating,axis - employee profile by region - quarterly,R1317,"{""construction"": ""family topic + facet carried by exactly one sibling"", ""distinguishing_kind"": ""prompt"", ""distinguishing_value"": ""Location (Default Prompt)"", ""sibling_count"": 3}",2.0.0,20260804
Q20136,supervisory team including Gender,sibling_discriminating,sibling_selection,Medium-Hard,Answerable,1,sibling_discriminating,axis - employee profile by worker type - dashboard,R3250,"{""construction"": ""family topic + facet carried by exactly one sibling"", ""distinguishing_kind"": ""field"", ""distinguishing_value"": ""Gender"", ""sibling_count"": 3}",2.0.0,20260804
Q20137,employees from All Workers,sibling_discriminating,sibling_selection,Medium-Hard,Answerable,1,sibling_discriminating,axis - employee status,R1379,"{""construction"": ""family topic + facet carried by exactly one sibling"", ""distinguishing_kind"": ""data_source"", ""distinguishing_value"": ""All Workers"", ""sibling_count"": 2}",2.0.0,20260804
Q20138,workplace including Worker Type,sibling_discriminating,sibling_selection,Medium-Hard,Answerable,1,sibling_discriminating,axis - employee status - current,R2668,"{""construction"": ""family topic + facet carried by exactly one sibling"", ""distinguishing_kind"": ""field"", ""distinguishing_value"": ""Worker Type"", ""sibling_count"": 2}",2.0.0,20260804
Q20139,employing company including Supervisory Organization,sibling_discriminating,sibling_selection,Medium-Hard,Answerable,1,sibling_discriminating,axis - employee status by company - historical,R3771,"{""construction"": ""family topic + facet carried by exactly one sibling"", ""distinguishing_kind"": ""field"", ""distinguishing_value"": ""Supervisory Organization"", ""sibling_count"": 2}",2.0.0,20260804
Q20140,management organization including Business Title,sibling_discriminating,sibling_selection,Medium-Hard,Answerable,1,sibling_discriminating,axis - employee status by location,R0646,"{""construction"": ""family topic + facet carried by exactly one sibling"", ""distinguishing_kind"": ""field"", ""distinguishing_value"": ""Business Title"", ""sibling_count"": 2}",2.0.0,20260804
Q20141,work location as a Advanced report,sibling_discriminating,sibling_selection,Medium-Hard,Answerable,1,sibling_discriminating,axis - employee status by location - historical,R0053,"{""construction"": ""family topic + facet carried by exactly one sibling"", ""distinguishing_kind"": ""report_type"", ""distinguishing_value"": ""Advanced"", ""sibling_count"": 2}",2.0.0,20260804
Q20142,bosses including Calculated Indicator,sibling_discriminating,sibling_selection,Medium-Hard,Answerable,1,sibling_discriminating,axis - employee status by manager,R1630,"{""construction"": ""family topic + facet carried by exactly one sibling"", ""distinguishing_kind"": ""field"", ""distinguishing_value"": ""Calculated Indicator"", ""sibling_count"": 2}",2.0.0,20260804
Q20143,workers including Calculated Indicator,sibling_discriminating,sibling_selection,Medium-Hard,Answerable,1,sibling_discriminating,axis - employee status by manager - monthly,R3157,"{""construction"": ""family topic + facet carried by exactly one sibling"", ""distinguishing_kind"": ""field"", ""distinguishing_value"": ""Calculated Indicator"", ""sibling_count"": 2}",2.0.0,20260804
Q20144,workplace including Worker ID,sibling_discriminating,sibling_selection,Medium-Hard,Answerable,1,sibling_discriminating,axis - employee status by region,R0010,"{""construction"": ""family topic + facet carried by exactly one sibling"", ""distinguishing_kind"": ""field"", ""distinguishing_value"": ""Worker ID"", ""sibling_count"": 2}",2.0.0,20260804
Q20145,training results including Worker ID,sibling_discriminating,sibling_selection,Medium-Hard,Answerable,1,sibling_discriminating,axis - goal progress by organization - historical,R0090,"{""construction"": ""family topic + facet carried by exactly one sibling"", ""distinguishing_kind"": ""field"", ""distinguishing_value"": ""Worker ID"", ""sibling_count"": 2}",2.0.0,20260804
Q20146,supervisory team including Measure Value,sibling_discriminating,sibling_selection,Medium-Hard,Answerable,1,sibling_discriminating,axis - goal progress by organization - summary,R2670,"{""construction"": ""family topic + facet carried by exactly one sibling"", ""distinguishing_kind"": ""field"", ""distinguishing_value"": ""Measure Value"", ""sibling_count"": 2}",2.0.0,20260804
Q20147,axis - goal progress by rating - dashboard including Filled Indicator,sibling_discriminating,sibling_selection,Medium-Hard,Answerable,1,sibling_discriminating,axis - goal progress by rating - dashboard,R3386,"{""construction"": ""family topic + facet carried by exactly one sibling"", ""distinguishing_kind"": ""field"", ""distinguishing_value"": ""Filled Indicator"", ""sibling_count"": 2}",2.0.0,20260804
Q20148,bosses including Assigned To,sibling_discriminating,sibling_selection,Medium-Hard,Answerable,1,sibling_discriminating,axis - goal summary by manager,R3396,"{""construction"": ""family topic + facet carried by exactly one sibling"", ""distinguishing_kind"": ""field"", ""distinguishing_value"": ""Assigned To"", ""sibling_count"": 3}",2.0.0,20260804
Q20149,how big is each team including Composite Section,sibling_discriminating,sibling_selection,Medium-Hard,Answerable,1,sibling_discriminating,axis - headcount by country,R3193,"{""construction"": ""family topic + facet carried by exactly one sibling"", ""distinguishing_kind"": ""field"", ""distinguishing_value"": ""Composite Section"", ""sibling_count"": 3}",2.0.0,20260804
Q20150,number of employees including Employee ID,sibling_discriminating,sibling_selection,Medium-Hard,Answerable,1,sibling_discriminating,axis - headcount by manager - summary,R0628,"{""construction"": ""family topic + facet carried by exactly one sibling"", ""distinguishing_kind"": ""field"", ""distinguishing_value"": ""Employee ID"", ""sibling_count"": 2}",2.0.0,20260804
Q20151,org prompted for Effective as of Date,sibling_discriminating,sibling_selection,Medium-Hard,Answerable,1,sibling_discriminating,axis - headcount by manager - ytd,R3460,"{""construction"": ""family topic + facet carried by exactly one sibling"", ""distinguishing_kind"": ""prompt"", ""distinguishing_value"": ""Effective as of Date"", ""sibling_count"": 2}",2.0.0,20260804
Q20152,employing company including Column Dimension,sibling_discriminating,sibling_selection,Medium-Hard,Answerable,1,sibling_discriminating,axis - headcount by quarter,R1893,"{""construction"": ""family topic + facet carried by exactly one sibling"", ""distinguishing_kind"": ""field"", ""distinguishing_value"": ""Column Dimension"", ""sibling_count"": 2}",2.0.0,20260804
Q20153,how many people including Record Count,sibling_discriminating,sibling_selection,Medium-Hard,Answerable,1,sibling_discriminating,axis - headcount by region,R1454,"{""construction"": ""family topic + facet carried by exactly one sibling"", ""distinguishing_kind"": ""field"", ""distinguishing_value"": ""Record Count"", ""sibling_count"": 2}",2.0.0,20260804
Q20154,recent starters from All Active Job Profiles,sibling_discriminating,sibling_selection,Medium-Hard,Answerable,1,sibling_discriminating,axis - hire detail - summary,R0947,"{""construction"": ""family topic + facet carried by exactly one sibling"", ""distinguishing_kind"": ""data_source"", ""distinguishing_value"": ""All Active Job Profiles"", ""sibling_count"": 3}",2.0.0,20260804
Q20155,supervisory team including Business Process Status,sibling_discriminating,sibling_selection,Medium-Hard,Answerable,1,sibling_discriminating,axis - hire detail by organization,R1829,"{""construction"": ""family topic + facet carried by exactly one sibling"", ""distinguishing_kind"": ""field"", ""distinguishing_value"": ""Business Process Status"", ""sibling_count"": 3}",2.0.0,20260804
Q20156,management organization including Headcount Indicator,sibling_discriminating,sibling_selection,Medium-Hard,Answerable,1,sibling_discriminating,axis - historical workforce - summary,R2011,"{""construction"": ""family topic + facet carried by exactly one sibling"", ""distinguishing_kind"": ""field"", ""distinguishing_value"": ""Headcount Indicator"", ""sibling_count"": 2}",2.0.0,20260804
Q20157,people as a Advanced report,sibling_discriminating,sibling_selection,Medium-Hard,Answerable,1,sibling_discriminating,axis - historical workforce by business unit,R3233,"{""construction"": ""family topic + facet carried by exactly one sibling"", ""distinguishing_kind"": ""report_type"", ""distinguishing_value"": ""Advanced"", ""sibling_count"": 2}",2.0.0,20260804
Q20158,employing company including Location,sibling_discriminating,sibling_selection,Medium-Hard,Answerable,1,sibling_discriminating,axis - historical workforce by grade,R3818,"{""construction"": ""family topic + facet carried by exactly one sibling"", ""distinguishing_kind"": ""field"", ""distinguishing_value"": ""Location"", ""sibling_count"": 2}",2.0.0,20260804
Q20159,legal entity including Location,sibling_discriminating,sibling_selection,Medium-Hard,Answerable,1,sibling_discriminating,axis - historical workforce by manager,R3374,"{""construction"": ""family topic + facet carried by exactly one sibling"", ""distinguishing_kind"": ""field"", ""distinguishing_value"": ""Location"", ""sibling_count"": 2}",2.0.0,20260804
Q20160,team leader from Staffing Activities,sibling_discriminating,sibling_selection,Medium-Hard,Answerable,1,sibling_discriminating,axis - historical workforce by manager - monthly,R3112,"{""construction"": ""family topic + facet carried by exactly one sibling"", ""distinguishing_kind"": ""data_source"", ""distinguishing_value"": ""Staffing Activities"", ""sibling_count"": 2}",2.0.0,20260804
Q20161,people including Period,sibling_discriminating,sibling_selection,Medium-Hard,Answerable,1,sibling_discriminating,axis - historical workforce by quarter,R1858,"{""construction"": ""family topic + facet carried by exactly one sibling"", ""distinguishing_kind"": ""field"", ""distinguishing_value"": ""Period"", ""sibling_count"": 2}",2.0.0,20260804
Q20162,joiners including Transfer Count,sibling_discriminating,sibling_selection,Medium-Hard,Answerable,1,sibling_discriminating,axis - historical workforce by region - monthly,R3998,"{""construction"": ""family topic + facet carried by exactly one sibling"", ""distinguishing_kind"": ""field"", ""distinguishing_value"": ""Transfer Count"", ""sibling_count"": 2}",2.0.0,20260804
Q20163,people as a Matrix report,sibling_discriminating,sibling_selection,Medium-Hard,Answerable,1,sibling_discriminating,axis - historical workforce by region - summary,R0481,"{""construction"": ""family topic + facet carried by exactly one sibling"", ""distinguishing_kind"": ""report_type"", ""distinguishing_value"": ""Matrix"", ""sibling_count"": 3}",2.0.0,20260804
Q20164,axis - historical workforce by region - ytd including Year,sibling_discriminating,sibling_selection,Medium-Hard,Answerable,1,sibling_discriminating,axis - historical workforce by region - ytd,R3850,"{""construction"": ""family topic + facet carried by exactly one sibling"", ""distinguishing_kind"": ""field"", ""distinguishing_value"": ""Year"", ""sibling_count"": 3}",2.0.0,20260804
Q20165,axis - inbox actions by initiator including Record Count,sibling_discriminating,sibling_selection,Medium-Hard,Answerable,1,sibling_discriminating,axis - inbox actions by initiator,R1498,"{""construction"": ""family topic + facet carried by exactly one sibling"", ""distinguishing_kind"": ""field"", ""distinguishing_value"": ""Record Count"", ""sibling_count"": 2}",2.0.0,20260804
Q20166,staff including Currency,sibling_discriminating,sibling_selection,Medium-Hard,Answerable,1,sibling_discriminating,axis - inbox actions by initiator - monthly,R2067,"{""construction"": ""family topic + facet carried by exactly one sibling"", ""distinguishing_kind"": ""field"", ""distinguishing_value"": ""Currency"", ""sibling_count"": 3}",2.0.0,20260804
Q20167,axis - inbox actions by process type from All Business Process,sibling_discriminating,sibling_selection,Medium-Hard,Answerable,1,sibling_discriminating,axis - inbox actions by process type,R1509,"{""construction"": ""family topic + facet carried by exactly one sibling"", ""distinguishing_kind"": ""data_source"", ""distinguishing_value"": ""All Business Process"", ""sibling_count"": 2}",2.0.0,20260804
Q20168,axis - inbox actions by status from All Business Processes,sibling_discriminating,sibling_selection,Medium-Hard,Answerable,1,sibling_discriminating,axis - inbox actions by status,R0420,"{""construction"": ""family topic + facet carried by exactly one sibling"", ""distinguishing_kind"": ""data_source"", ""distinguishing_value"": ""All Business Processes"", ""sibling_count"": 2}",2.0.0,20260804
Q20169,where does each employee work including Calculated Indicator,sibling_discriminating,sibling_selection,Medium-Hard,Answerable,1,sibling_discriminating,axis - job family by company,R1772,"{""construction"": ""family topic + facet carried by exactly one sibling"", ""distinguishing_kind"": ""field"", ""distinguishing_value"": ""Calculated Indicator"", ""sibling_count"": 3}",2.0.0,20260804
Q20170,axis - job family by job family - current from All Business Process,sibling_discriminating,sibling_selection,Medium-Hard,Answerable,1,sibling_discriminating,axis - job family by job family - current,R2998,"{""construction"": ""family topic + facet carried by exactly one sibling"", ""distinguishing_kind"": ""data_source"", ""distinguishing_value"": ""All Business Process"", ""sibling_count"": 3}",2.0.0,20260804
Q20171,where does each employee work including Position Restrictions,sibling_discriminating,sibling_selection,Medium-Hard,Answerable,1,sibling_discriminating,axis - job family by status - historical,R1920,"{""construction"": ""family topic + facet carried by exactly one sibling"", ""distinguishing_kind"": ""field"", ""distinguishing_value"": ""Position Restrictions"", ""sibling_count"": 2}",2.0.0,20260804
Q20172,job openings including Attribute Value,sibling_discriminating,sibling_selection,Medium-Hard,Answerable,1,sibling_discriminating,axis - job family by status - summary,R1159,"{""construction"": ""family topic + facet carried by exactly one sibling"", ""distinguishing_kind"": ""field"", ""distinguishing_value"": ""Attribute Value"", ""sibling_count"": 2}",2.0.0,20260804
Q20173,axis - job posting by agency including Measure Value,sibling_discriminating,sibling_selection,Medium-Hard,Answerable,1,sibling_discriminating,axis - job posting by agency,R0026,"{""construction"": ""family topic + facet carried by exactly one sibling"", ""distinguishing_kind"": ""field"", ""distinguishing_value"": ""Measure Value"", ""sibling_count"": 5}",2.0.0,20260804
Q20174,axis - job posting by recruiter including As of Date,sibling_discriminating,sibling_selection,Medium-Hard,Answerable,1,sibling_discriminating,axis - job posting by recruiter,R1807,"{""construction"": ""family topic + facet carried by exactly one sibling"", ""distinguishing_kind"": ""field"", ""distinguishing_value"": ""As of Date"", ""sibling_count"": 3}",2.0.0,20260804
Q20175,axis - job posting by recruiter - summary including Budgeted FTE,sibling_discriminating,sibling_selection,Medium-Hard,Answerable,1,sibling_discriminating,axis - job posting by recruiter - summary,R1987,"{""construction"": ""family topic + facet carried by exactly one sibling"", ""distinguishing_kind"": ""field"", ""distinguishing_value"": ""Budgeted FTE"", ""sibling_count"": 3}",2.0.0,20260804
Q20176,employing company including Close Date,sibling_discriminating,sibling_selection,Medium-Hard,Answerable,1,sibling_discriminating,axis - job profile - current,R3381,"{""construction"": ""family topic + facet carried by exactly one sibling"", ""distinguishing_kind"": ""field"", ""distinguishing_value"": ""Close Date"", ""sibling_count"": 2}",2.0.0,20260804
Q20177,employing company from Staffing Activities,sibling_discriminating,sibling_selection,Medium-Hard,Answerable,1,sibling_discriminating,axis - job profile by job family,R2827,"{""construction"": ""family topic + facet carried by exactly one sibling"", ""distinguishing_kind"": ""data_source"", ""distinguishing_value"": ""Staffing Activities"", ""sibling_count"": 3}",2.0.0,20260804
Q20178,supervisory org including Worker Type,sibling_discriminating,sibling_selection,Medium-Hard,Answerable,1,sibling_discriminating,axis - job profile by location,R3563,"{""construction"": ""family topic + facet carried by exactly one sibling"", ""distinguishing_kind"": ""field"", ""distinguishing_value"": ""Worker Type"", ""sibling_count"": 3}",2.0.0,20260804
Q20179,supervisory team including Job Requisition ID,sibling_discriminating,sibling_selection,Medium-Hard,Answerable,1,sibling_discriminating,axis - job profile by recruiter,R3859,"{""construction"": ""family topic + facet carried by exactly one sibling"", ""distinguishing_kind"": ""field"", ""distinguishing_value"": ""Job Requisition ID"", ""sibling_count"": 2}",2.0.0,20260804
Q20180,hiring requisition including Filled Indicator,sibling_discriminating,sibling_selection,Medium-Hard,Answerable,1,sibling_discriminating,axis - job profile by recruiter - monthly,R0021,"{""construction"": ""family topic + facet carried by exactly one sibling"", ""distinguishing_kind"": ""field"", ""distinguishing_value"": ""Filled Indicator"", ""sibling_count"": 2}",2.0.0,20260804
Q20181,employing company including Staffing Event,sibling_discriminating,sibling_selection,Medium-Hard,Answerable,1,sibling_discriminating,axis - job requisitions by organization - ytd,R2023,"{""construction"": ""family topic + facet carried by exactly one sibling"", ""distinguishing_kind"": ""field"", ""distinguishing_value"": ""Staffing Event"", ""sibling_count"": 3}",2.0.0,20260804
Q20182,supervisory org including Record Count,sibling_discriminating,sibling_selection,Medium-Hard,Answerable,1,sibling_discriminating,axis - learning audit by organization - historical,R3377,"{""construction"": ""family topic + facet carried by exactly one sibling"", ""distinguishing_kind"": ""field"", ""distinguishing_value"": ""Record Count"", ""sibling_count"": 2}",2.0.0,20260804
Q20183,courses assigned including Supervisory Organization,sibling_discriminating,sibling_selection,Medium-Hard,Answerable,1,sibling_discriminating,axis - learning content by campaign,R2510,"{""construction"": ""family topic + facet carried by exactly one sibling"", ""distinguishing_kind"": ""field"", ""distinguishing_value"": ""Supervisory Organization"", ""sibling_count"": 3}",2.0.0,20260804
Q20184,supervisory team including Source Report,sibling_discriminating,sibling_selection,Medium-Hard,Answerable,1,sibling_discriminating,axis - leave details by organization - ytd,R3061,"{""construction"": ""family topic + facet carried by exactly one sibling"", ""distinguishing_kind"": ""field"", ""distinguishing_value"": ""Source Report"", ""sibling_count"": 2}",2.0.0,20260804
Q20185,leave plan from Workers for Organizations,sibling_discriminating,sibling_selection,Medium-Hard,Answerable,1,sibling_discriminating,axis - leave details by worker,R0318,"{""construction"": ""family topic + facet carried by exactly one sibling"", ""distinguishing_kind"": ""data_source"", ""distinguishing_value"": ""Workers for Organizations"", ""sibling_count"": 2}",2.0.0,20260804
Q20186,leave type including Start Date,sibling_discriminating,sibling_selection,Medium-Hard,Answerable,1,sibling_discriminating,axis - leave eligibility - quarterly,R1932,"{""construction"": ""family topic + facet carried by exactly one sibling"", ""distinguishing_kind"": ""field"", ""distinguishing_value"": ""Start Date"", ""sibling_count"": 2}",2.0.0,20260804
Q20187,supervisory team including Worker,sibling_discriminating,sibling_selection,Medium-Hard,Answerable,1,sibling_discriminating,axis - leave eligibility by organization - current,R3899,"{""construction"": ""family topic + facet carried by exactly one sibling"", ""distinguishing_kind"": ""field"", ""distinguishing_value"": ""Worker"", ""sibling_count"": 2}",2.0.0,20260804
Q20188,currently on leave including Start Date,sibling_discriminating,sibling_selection,Medium-Hard,Answerable,1,sibling_discriminating,axis - leave eligibility by worker - historical (9),R2058,"{""construction"": ""family topic + facet carried by exactly one sibling"", ""distinguishing_kind"": ""field"", ""distinguishing_value"": ""Start Date"", ""sibling_count"": 2}",2.0.0,20260804
Q20189,employing company including Worker Status,sibling_discriminating,sibling_selection,Medium-Hard,Answerable,1,sibling_discriminating,axis - location hierarchy by location - ytd,R3783,"{""construction"": ""family topic + facet carried by exactly one sibling"", ""distinguishing_kind"": ""field"", ""distinguishing_value"": ""Worker Status"", ""sibling_count"": 2}",2.0.0,20260804
Q20190,org including Business Unit,sibling_discriminating,sibling_selection,Medium-Hard,Answerable,1,sibling_discriminating,axis - manager hierarchy - current,R0078,"{""construction"": ""family topic + facet carried by exactly one sibling"", ""distinguishing_kind"": ""field"", ""distinguishing_value"": ""Business Unit"", ""sibling_count"": 3}",2.0.0,20260804
Q20191,workplace including Worker,sibling_discriminating,sibling_selection,Medium-Hard,Answerable,1,sibling_discriminating,axis - manager hierarchy by company - current v2,R0771,"{""construction"": ""family topic + facet carried by exactly one sibling"", ""distinguishing_kind"": ""field"", ""distinguishing_value"": ""Worker"", ""sibling_count"": 2}",2.0.0,20260804
Q20192,team leader as a Composite report,sibling_discriminating,sibling_selection,Medium-Hard,Answerable,1,sibling_discriminating,axis - manager hierarchy by company - historical,R2947,"{""construction"": ""family topic + facet carried by exactly one sibling"", ""distinguishing_kind"": ""report_type"", ""distinguishing_value"": ""Composite"", ""sibling_count"": 2}",2.0.0,20260804
Q20193,team leader including Worker Type,sibling_discriminating,sibling_selection,Medium-Hard,Answerable,1,sibling_discriminating,axis - manager hierarchy by company - monthly,R2580,"{""construction"": ""family topic + facet carried by exactly one sibling"", ""distinguishing_kind"": ""field"", ""distinguishing_value"": ""Worker Type"", ""sibling_count"": 2}",2.0.0,20260804
Q20194,work location including Position,sibling_discriminating,sibling_selection,Medium-Hard,Answerable,1,sibling_discriminating,axis - manager hierarchy by company - quarterly,R3279,"{""construction"": ""family topic + facet carried by exactly one sibling"", ""distinguishing_kind"": ""field"", ""distinguishing_value"": ""Position"", ""sibling_count"": 2}",2.0.0,20260804
Q20195,work location including Record Count,sibling_discriminating,sibling_selection,Medium-Hard,Answerable,1,sibling_discriminating,axis - manager hierarchy by country,R2547,"{""construction"": ""family topic + facet carried by exactly one sibling"", ""distinguishing_kind"": ""field"", ""distinguishing_value"": ""Record Count"", ""sibling_count"": 2}",2.0.0,20260804
Q20196,people leader from Employees by Organization,sibling_discriminating,sibling_selection,Medium-Hard,Answerable,1,sibling_discriminating,axis - manager hierarchy by country - summary,R0063,"{""construction"": ""family topic + facet carried by exactly one sibling"", ""distinguishing_kind"": ""data_source"", ""distinguishing_value"": ""Employees by Organization"", ""sibling_count"": 4}",2.0.0,20260804
Q20197,work location including Company,sibling_discriminating,sibling_selection,Medium-Hard,Answerable,1,sibling_discriminating,axis - manager hierarchy by location,R1108,"{""construction"": ""family topic + facet carried by exactly one sibling"", ""distinguishing_kind"": ""field"", ""distinguishing_value"": ""Company"", ""sibling_count"": 2}",2.0.0,20260804
Q20198,bosses from Employees by Organization,sibling_discriminating,sibling_selection,Medium-Hard,Answerable,1,sibling_discriminating,axis - manager hierarchy by location - audit,R2749,"{""construction"": ""family topic + facet carried by exactly one sibling"", ""distinguishing_kind"": ""data_source"", ""distinguishing_value"": ""Employees by Organization"", ""sibling_count"": 3}",2.0.0,20260804
Q20199,staff from All Active Employees,sibling_discriminating,sibling_selection,Medium-Hard,Answerable,1,sibling_discriminating,axis - manager hierarchy by organization - quarterly,R3100,"{""construction"": ""family topic + facet carried by exactly one sibling"", ""distinguishing_kind"": ""data_source"", ""distinguishing_value"": ""All Active Employees"", ""sibling_count"": 2}",2.0.0,20260804
Q20200,boss including Minimum Amount,sibling_discriminating,sibling_selection,Medium-Hard,Answerable,1,sibling_discriminating,axis - manager hierarchy by region,R2533,"{""construction"": ""family topic + facet carried by exactly one sibling"", ""distinguishing_kind"": ""field"", ""distinguishing_value"": ""Minimum Amount"", ""sibling_count"": 5}",2.0.0,20260804
Q20201,work location prompted for Location (Default Prompt),sibling_discriminating,sibling_selection,Medium-Hard,Answerable,1,sibling_discriminating,axis - manager hierarchy by region - monthly,R3070,"{""construction"": ""family topic + facet carried by exactly one sibling"", ""distinguishing_kind"": ""prompt"", ""distinguishing_value"": ""Location (Default Prompt)"", ""sibling_count"": 2}",2.0.0,20260804
Q20202,management organization including Scheduled Weekly Hours,sibling_discriminating,sibling_selection,Medium-Hard,Answerable,1,sibling_discriminating,axis - manager hierarchy by worker type,R1820,"{""construction"": ""family topic + facet carried by exactly one sibling"", ""distinguishing_kind"": ""field"", ""distinguishing_value"": ""Scheduled Weekly Hours"", ""sibling_count"": 5}",2.0.0,20260804
Q20203,employing company from All Workers,sibling_discriminating,sibling_selection,Medium-Hard,Answerable,1,sibling_discriminating,axis - manager hierarchy by worker type - current,R3543,"{""construction"": ""family topic + facet carried by exactly one sibling"", ""distinguishing_kind"": ""data_source"", ""distinguishing_value"": ""All Workers"", ""sibling_count"": 3}",2.0.0,20260804
Q20204,people leader from Workers for HCM,sibling_discriminating,sibling_selection,Medium-Hard,Answerable,1,sibling_discriminating,axis - manager hierarchy by worker type - summary,R3095,"{""construction"": ""family topic + facet carried by exactly one sibling"", ""distinguishing_kind"": ""data_source"", ""distinguishing_value"": ""Workers for HCM"", ""sibling_count"": 2}",2.0.0,20260804
Q20205,axis - merit plan setup by plan - historical including Worker Status,sibling_discriminating,sibling_selection,Medium-Hard,Answerable,1,sibling_discriminating,axis - merit plan setup by plan - historical,R3596,"{""construction"": ""family topic + facet carried by exactly one sibling"", ""distinguishing_kind"": ""field"", ""distinguishing_value"": ""Worker Status"", ""sibling_count"": 2}",2.0.0,20260804
Q20206,staff including Worker Status,sibling_discriminating,sibling_selection,Medium-Hard,Answerable,1,sibling_discriminating,axis - merit review by company,R3817,"{""construction"": ""family topic + facet carried by exactly one sibling"", ""distinguishing_kind"": ""field"", ""distinguishing_value"": ""Worker Status"", ""sibling_count"": 3}",2.0.0,20260804
Q20207,people including Election Status,sibling_discriminating,sibling_selection,Medium-Hard,Answerable,1,sibling_discriminating,axis - merit review by grade - summary,R0461,"{""construction"": ""family topic + facet carried by exactly one sibling"", ""distinguishing_kind"": ""field"", ""distinguishing_value"": ""Election Status"", ""sibling_count"": 2}",2.0.0,20260804
Q20208,employing company including Period,sibling_discriminating,sibling_selection,Medium-Hard,Answerable,1,sibling_discriminating,axis - merit review by region - summary - copy,R1345,"{""construction"": ""family topic + facet carried by exactly one sibling"", ""distinguishing_kind"": ""field"", ""distinguishing_value"": ""Period"", ""sibling_count"": 2}",2.0.0,20260804
Q20209,joiners including Event Date,sibling_discriminating,sibling_selection,Medium-Hard,Answerable,1,sibling_discriminating,axis - mobility events by company - monthly,R3654,"{""construction"": ""family topic + facet carried by exactly one sibling"", ""distinguishing_kind"": ""field"", ""distinguishing_value"": ""Event Date"", ""sibling_count"": 2}",2.0.0,20260804
Q20210,legal entity including Termination Reason,sibling_discriminating,sibling_selection,Medium-Hard,Answerable,1,sibling_discriminating,axis - mobility events by worker type,R1695,"{""construction"": ""family topic + facet carried by exactly one sibling"", ""distinguishing_kind"": ""field"", ""distinguishing_value"": ""Termination Reason"", ""sibling_count"": 2}",2.0.0,20260804
Q20211,recent starters prompted for Termination Date (Ending,sibling_discriminating,sibling_selection,Medium-Hard,Answerable,1,sibling_discriminating,axis - new hires - monthly,R0180,"{""construction"": ""family topic + facet carried by exactly one sibling"", ""distinguishing_kind"": ""prompt"", ""distinguishing_value"": ""Termination Date (Ending"", ""sibling_count"": 3}",2.0.0,20260804
Q20212,workers including Worker Type,sibling_discriminating,sibling_selection,Medium-Hard,Answerable,1,sibling_discriminating,axis - new hires by event - ytd,R2850,"{""construction"": ""family topic + facet carried by exactly one sibling"", ""distinguishing_kind"": ""field"", ""distinguishing_value"": ""Worker Type"", ""sibling_count"": 2}",2.0.0,20260804
Q20213,start date including Event Date,sibling_discriminating,sibling_selection,Medium-Hard,Answerable,1,sibling_discriminating,axis - new hires by organization,R0483,"{""construction"": ""family topic + facet carried by exactly one sibling"", ""distinguishing_kind"": ""field"", ""distinguishing_value"": ""Event Date"", ""sibling_count"": 2}",2.0.0,20260804
Q20214,start date including Company,sibling_discriminating,sibling_selection,Medium-Hard,Answerable,1,sibling_discriminating,axis - new hires by worker type - ytd - copy,R0787,"{""construction"": ""family topic + facet carried by exactly one sibling"", ""distinguishing_kind"": ""field"", ""distinguishing_value"": ""Company"", ""sibling_count"": 2}",2.0.0,20260804
Q20215,recruiting stage from All Job Requisitions,sibling_discriminating,sibling_selection,Medium-Hard,Answerable,1,sibling_discriminating,axis - offer activity,R3842,"{""construction"": ""family topic + facet carried by exactly one sibling"", ""distinguishing_kind"": ""data_source"", ""distinguishing_value"": ""All Job Requisitions"", ""sibling_count"": 3}",2.0.0,20260804
Q20216,applicants including Worker Type,sibling_discriminating,sibling_selection,Medium-Hard,Answerable,1,sibling_discriminating,axis - offer activity by candidate stage,R2690,"{""construction"": ""family topic + facet carried by exactly one sibling"", ""distinguishing_kind"": ""field"", ""distinguishing_value"": ""Worker Type"", ""sibling_count"": 2}",2.0.0,20260804
Q20217,axis - offer activity by recruiter including Top-Level Organization,sibling_discriminating,sibling_selection,Medium-Hard,Answerable,1,sibling_discriminating,axis - offer activity by recruiter,R3008,"{""construction"": ""family topic + facet carried by exactly one sibling"", ""distinguishing_kind"": ""field"", ""distinguishing_value"": ""Top-Level Organization"", ""sibling_count"": 2}",2.0.0,20260804
Q20218,candidate application prompted for Request Date,sibling_discriminating,sibling_selection,Medium-Hard,Answerable,1,sibling_discriminating,axis - offer activity by source - ytd,R1372,"{""construction"": ""family topic + facet carried by exactly one sibling"", ""distinguishing_kind"": ""prompt"", ""distinguishing_value"": ""Request Date"", ""sibling_count"": 2}",2.0.0,20260804
Q20219,vacancy including Application Status,sibling_discriminating,sibling_selection,Medium-Hard,Answerable,1,sibling_discriminating,axis - open job requisitions - detail,R0204,"{""construction"": ""family topic + facet carried by exactly one sibling"", ""distinguishing_kind"": ""field"", ""distinguishing_value"": ""Application Status"", ""sibling_count"": 2}",2.0.0,20260804
Q20220,application pipeline including Candidate,sibling_discriminating,sibling_selection,Medium-Hard,Answerable,1,sibling_discriminating,axis - open job requisitions by agency - detail,R1467,"{""construction"": ""family topic + facet carried by exactly one sibling"", ""distinguishing_kind"": ""field"", ""distinguishing_value"": ""Candidate"", ""sibling_count"": 2}",2.0.0,20260804
Q20221,vacancy including Column Dimension,sibling_discriminating,sibling_selection,Medium-Hard,Answerable,1,sibling_discriminating,axis - open job requisitions by candidate stage - audit,R0355,"{""construction"": ""family topic + facet carried by exactly one sibling"", ""distinguishing_kind"": ""field"", ""distinguishing_value"": ""Column Dimension"", ""sibling_count"": 3}",2.0.0,20260804
Q20222,job application including Record Count,sibling_discriminating,sibling_selection,Medium-Hard,Answerable,1,sibling_discriminating,axis - open job requisitions by location - monthly,R0940,"{""construction"": ""family topic + facet carried by exactly one sibling"", ""distinguishing_kind"": ""field"", ""distinguishing_value"": ""Record Count"", ""sibling_count"": 2}",2.0.0,20260804
Q20223,legal entity from All Active Job Profiles,sibling_discriminating,sibling_selection,Medium-Hard,Answerable,1,sibling_discriminating,axis - open positions,R0644,"{""construction"": ""family topic + facet carried by exactly one sibling"", ""distinguishing_kind"": ""data_source"", ""distinguishing_value"": ""All Active Job Profiles"", ""sibling_count"": 2}",2.0.0,20260804
Q20224,supervisory org prompted for Include Subordinate,sibling_discriminating,sibling_selection,Medium-Hard,Answerable,1,sibling_discriminating,axis - open positions - monthly,R2915,"{""construction"": ""family topic + facet carried by exactly one sibling"", ""distinguishing_kind"": ""prompt"", ""distinguishing_value"": ""Include Subordinate"", ""sibling_count"": 2}",2.0.0,20260804
Q20225,axis - open positions by job family including Correction Reason,sibling_discriminating,sibling_selection,Medium-Hard,Answerable,1,sibling_discriminating,axis - open positions by job family,R2398,"{""construction"": ""family topic + facet carried by exactly one sibling"", ""distinguishing_kind"": ""field"", ""distinguishing_value"": ""Correction Reason"", ""sibling_count"": 2}",2.0.0,20260804
Q20226,supervisory org including Measure Value,sibling_discriminating,sibling_selection,Medium-Hard,Answerable,1,sibling_discriminating,axis - open positions by organization - summary,R1684,"{""construction"": ""family topic + facet carried by exactly one sibling"", ""distinguishing_kind"": ""field"", ""distinguishing_value"": ""Measure Value"", ""sibling_count"": 2}",2.0.0,20260804
Q20227,workplace including Calculated Indicator,sibling_discriminating,sibling_selection,Medium-Hard,Answerable,1,sibling_discriminating,axis - open positions by status - ytd,R0585,"{""construction"": ""family topic + facet carried by exactly one sibling"", ""distinguishing_kind"": ""field"", ""distinguishing_value"": ""Calculated Indicator"", ""sibling_count"": 2}",2.0.0,20260804
Q20228,supervisory org including Job Family,sibling_discriminating,sibling_selection,Medium-Hard,Answerable,1,sibling_discriminating,axis - organization assignments - historical,R1546,"{""construction"": ""family topic + facet carried by exactly one sibling"", ""distinguishing_kind"": ""field"", ""distinguishing_value"": ""Job Family"", ""sibling_count"": 3}",2.0.0,20260804
Q20229,legal entity including Access Level,sibling_discriminating,sibling_selection,Medium-Hard,Answerable,1,sibling_discriminating,axis - organization assignments by company - quarterly,R2708,"{""construction"": ""family topic + facet carried by exactly one sibling"", ""distinguishing_kind"": ""field"", ""distinguishing_value"": ""Access Level"", ""sibling_count"": 2}",2.0.0,20260804
Q20230,employing company including Hierarchy Level,sibling_discriminating,sibling_selection,Medium-Hard,Answerable,1,sibling_discriminating,axis - organization assignments by parent - dashboard,R2021,"{""construction"": ""family topic + facet carried by exactly one sibling"", ""distinguishing_kind"": ""field"", ""distinguishing_value"": ""Hierarchy Level"", ""sibling_count"": 2}",2.0.0,20260804
Q20231,legal entity from Cost Centers,sibling_discriminating,sibling_selection,Medium-Hard,Answerable,1,sibling_discriminating,axis - organization assignments by parent - quarterly,R1778,"{""construction"": ""family topic + facet carried by exactly one sibling"", ""distinguishing_kind"": ""data_source"", ""distinguishing_value"": ""Cost Centers"", ""sibling_count"": 2}",2.0.0,20260804
Q20232,legal entity including Parent Organization,sibling_discriminating,sibling_selection,Medium-Hard,Answerable,1,sibling_discriminating,axis - organization hierarchy by company,R1335,"{""construction"": ""family topic + facet carried by exactly one sibling"", ""distinguishing_kind"": ""field"", ""distinguishing_value"": ""Parent Organization"", ""sibling_count"": 2}",2.0.0,20260804
Q20233,management organization including End Date,sibling_discriminating,sibling_selection,Medium-Hard,Answerable,1,sibling_discriminating,axis - organization hierarchy by parent,R2712,"{""construction"": ""family topic + facet carried by exactly one sibling"", ""distinguishing_kind"": ""field"", ""distinguishing_value"": ""End Date"", ""sibling_count"": 2}",2.0.0,20260804
Q20234,employing company from All Business Process,sibling_discriminating,sibling_selection,Medium-Hard,Answerable,1,sibling_discriminating,axis - pay calculation by company - audit,R0798,"{""construction"": ""family topic + facet carried by exactly one sibling"", ""distinguishing_kind"": ""data_source"", ""distinguishing_value"": ""All Business Process"", ""sibling_count"": 3}",2.0.0,20260804
Q20235,axis - pay equity - historical including Annualized Amount,sibling_discriminating,sibling_selection,Medium-Hard,Answerable,1,sibling_discriminating,axis - pay equity - historical,R0519,"{""construction"": ""family topic + facet carried by exactly one sibling"", ""distinguishing_kind"": ""field"", ""distinguishing_value"": ""Annualized Amount"", ""sibling_count"": 2}",2.0.0,20260804
Q20236,legal entity including Worker,sibling_discriminating,sibling_selection,Medium-Hard,Answerable,1,sibling_discriminating,axis - pay equity by company - current,R0882,"{""construction"": ""family topic + facet carried by exactly one sibling"", ""distinguishing_kind"": ""field"", ""distinguishing_value"": ""Worker"", ""sibling_count"": 3}",2.0.0,20260804
Q20237,employing company including Include Subordinate Organizations,sibling_discriminating,sibling_selection,Medium-Hard,Answerable,1,sibling_discriminating,axis - pay equity by company - detail,R2828,"{""construction"": ""family topic + facet carried by exactly one sibling"", ""distinguishing_kind"": ""field"", ""distinguishing_value"": ""Include Subordinate Organizations"", ""sibling_count"": 2}",2.0.0,20260804
Q20238,people leader as a Matrix report,sibling_discriminating,sibling_selection,Medium-Hard,Answerable,1,sibling_discriminating,axis - pay equity by manager,R0814,"{""construction"": ""family topic + facet carried by exactly one sibling"", ""distinguishing_kind"": ""report_type"", ""distinguishing_value"": ""Matrix"", ""sibling_count"": 4}",2.0.0,20260804
Q20239,annual earnings amount from All Compensation Events,sibling_discriminating,sibling_selection,Medium-Hard,Answerable,1,sibling_discriminating,axis - pay equity by plan,R3163,"{""construction"": ""family topic + facet carried by exactly one sibling"", ""distinguishing_kind"": ""data_source"", ""distinguishing_value"": ""All Compensation Events"", ""sibling_count"": 2}",2.0.0,20260804
Q20240,legal entity including Job Requisition ID,sibling_discriminating,sibling_selection,Medium-Hard,Answerable,1,sibling_discriminating,axis - payment election by company - current,R3772,"{""construction"": ""family topic + facet carried by exactly one sibling"", ""distinguishing_kind"": ""field"", ""distinguishing_value"": ""Job Requisition ID"", ""sibling_count"": 2}",2.0.0,20260804
Q20241,axis - payment election by period including Deduction Amount,sibling_discriminating,sibling_selection,Medium-Hard,Answerable,1,sibling_discriminating,axis - payment election by period,R3258,"{""construction"": ""family topic + facet carried by exactly one sibling"", ""distinguishing_kind"": ""field"", ""distinguishing_value"": ""Deduction Amount"", ""sibling_count"": 4}",2.0.0,20260804
Q20242,pay statement including Retro Amount,sibling_discriminating,sibling_selection,Medium-Hard,Answerable,1,sibling_discriminating,axis - payroll inputs - audit,R2651,"{""construction"": ""family topic + facet carried by exactly one sibling"", ""distinguishing_kind"": ""field"", ""distinguishing_value"": ""Retro Amount"", ""sibling_count"": 2}",2.0.0,20260804
Q20243,paycheck details including Deduction Amount,sibling_discriminating,sibling_selection,Medium-Hard,Answerable,1,sibling_discriminating,axis - payroll inputs by period,R1365,"{""construction"": ""family topic + facet carried by exactly one sibling"", ""distinguishing_kind"": ""field"", ""distinguishing_value"": ""Deduction Amount"", ""sibling_count"": 2}",2.0.0,20260804
Q20244,pay run period from Payroll Result Lines,sibling_discriminating,sibling_selection,Medium-Hard,Answerable,1,sibling_discriminating,axis - payroll inputs by period - monthly,R3471,"{""construction"": ""family topic + facet carried by exactly one sibling"", ""distinguishing_kind"": ""data_source"", ""distinguishing_value"": ""Payroll Result Lines"", ""sibling_count"": 2}",2.0.0,20260804
Q20245,paycheck period including Deductions,sibling_discriminating,sibling_selection,Medium-Hard,Answerable,1,sibling_discriminating,axis - payroll register by pay group,R0266,"{""construction"": ""family topic + facet carried by exactly one sibling"", ""distinguishing_kind"": ""field"", ""distinguishing_value"": ""Deductions"", ""sibling_count"": 2}",2.0.0,20260804
Q20246,payroll period including Hours,sibling_discriminating,sibling_selection,Medium-Hard,Answerable,1,sibling_discriminating,axis - payroll register by worker,R1298,"{""construction"": ""family topic + facet carried by exactly one sibling"", ""distinguishing_kind"": ""field"", ""distinguishing_value"": ""Hours"", ""sibling_count"": 2}",2.0.0,20260804
Q20247,workers including Effective Date,sibling_discriminating,sibling_selection,Medium-Hard,Answerable,1,sibling_discriminating,axis - payroll register by worker - monthly,R1842,"{""construction"": ""family topic + facet carried by exactly one sibling"", ""distinguishing_kind"": ""field"", ""distinguishing_value"": ""Effective Date"", ""sibling_count"": 3}",2.0.0,20260804
Q20248,pay run period including As of Date,sibling_discriminating,sibling_selection,Medium-Hard,Answerable,1,sibling_discriminating,axis - payroll results by earning - current,R3732,"{""construction"": ""family topic + facet carried by exactly one sibling"", ""distinguishing_kind"": ""field"", ""distinguishing_value"": ""As of Date"", ""sibling_count"": 2}",2.0.0,20260804
Q20249,supervisory team including Goal Category,sibling_discriminating,sibling_selection,Medium-Hard,Answerable,1,sibling_discriminating,axis - performance distribution by organization,R0325,"{""construction"": ""family topic + facet carried by exactly one sibling"", ""distinguishing_kind"": ""field"", ""distinguishing_value"": ""Goal Category"", ""sibling_count"": 2}",2.0.0,20260804
Q20250,boss as a Advanced report,sibling_discriminating,sibling_selection,Medium-Hard,Answerable,1,sibling_discriminating,axis - performance review by rating - quarterly,R3318,"{""construction"": ""family topic + facet carried by exactly one sibling"", ""distinguishing_kind"": ""report_type"", ""distinguishing_value"": ""Advanced"", ""sibling_count"": 2}",2.0.0,20260804
Q20251,workplace including Evergreen Indicator,sibling_discriminating,sibling_selection,Medium-Hard,Answerable,1,sibling_discriminating,axis - position budget by job family,R2241,"{""construction"": ""family topic + facet carried by exactly one sibling"", ""distinguishing_kind"": ""field"", ""distinguishing_value"": ""Evergreen Indicator"", ""sibling_count"": 2}",2.0.0,20260804
Q20252,legal entity including Location,sibling_discriminating,sibling_selection,Medium-Hard,Answerable,1,sibling_discriminating,axis - position budget by organization - historical,R3805,"{""construction"": ""family topic + facet carried by exactly one sibling"", ""distinguishing_kind"": ""field"", ""distinguishing_value"": ""Location"", ""sibling_count"": 2}",2.0.0,20260804
Q20253,organization from All Positions including,sibling_discriminating,sibling_selection,Medium-Hard,Answerable,1,sibling_discriminating,axis - position budget by organization - quarterly,R0821,"{""construction"": ""family topic + facet carried by exactly one sibling"", ""distinguishing_kind"": ""data_source"", ""distinguishing_value"": ""All Positions including"", ""sibling_count"": 4}",2.0.0,20260804
Q20254,open roles including As of Date,sibling_discriminating,sibling_selection,Medium-Hard,Answerable,1,sibling_discriminating,axis - position budget by recruiter,R2093,"{""construction"": ""family topic + facet carried by exactly one sibling"", ""distinguishing_kind"": ""field"", ""distinguishing_value"": ""As of Date"", ""sibling_count"": 2}",2.0.0,20260804
Q20255,legal entity including End Date,sibling_discriminating,sibling_selection,Medium-Hard,Answerable,1,sibling_discriminating,axis - position changes by event - monthly,R3725,"{""construction"": ""family topic + facet carried by exactly one sibling"", ""distinguishing_kind"": ""field"", ""distinguishing_value"": ""End Date"", ""sibling_count"": 2}",2.0.0,20260804
Q20256,management organization as a Transposed report,sibling_discriminating,sibling_selection,Medium-Hard,Answerable,1,sibling_discriminating,axis - position restrictions by company,R1793,"{""construction"": ""family topic + facet carried by exactly one sibling"", ""distinguishing_kind"": ""report_type"", ""distinguishing_value"": ""Transposed"", ""sibling_count"": 5}",2.0.0,20260804
Q20257,employing company from Positions for HCM,sibling_discriminating,sibling_selection,Medium-Hard,Answerable,1,sibling_discriminating,axis - position restrictions by organization,R3086,"{""construction"": ""family topic + facet carried by exactly one sibling"", ""distinguishing_kind"": ""data_source"", ""distinguishing_value"": ""Positions for HCM"", ""sibling_count"": 2}",2.0.0,20260804
Q20258,vacancies from All Positions including,sibling_discriminating,sibling_selection,Medium-Hard,Answerable,1,sibling_discriminating,axis - position restrictions by status,R3301,"{""construction"": ""family topic + facet carried by exactly one sibling"", ""distinguishing_kind"": ""data_source"", ""distinguishing_value"": ""All Positions including"", ""sibling_count"": 2}",2.0.0,20260804
Q20259,axis - process events by initiator - dashboard from Business Process Events,sibling_discriminating,sibling_selection,Medium-Hard,Answerable,1,sibling_discriminating,axis - process events by initiator - dashboard,R2139,"{""construction"": ""family topic + facet carried by exactly one sibling"", ""distinguishing_kind"": ""data_source"", ""distinguishing_value"": ""Business Process Events"", ""sibling_count"": 2}",2.0.0,20260804
Q20260,axis - process exceptions - ytd including Snapshot Date,sibling_discriminating,sibling_selection,Medium-Hard,Answerable,1,sibling_discriminating,axis - process exceptions - ytd,R2971,"{""construction"": ""family topic + facet carried by exactly one sibling"", ""distinguishing_kind"": ""field"", ""distinguishing_value"": ""Snapshot Date"", ""sibling_count"": 2}",2.0.0,20260804
Q20261,legal entity including Organization,sibling_discriminating,sibling_selection,Medium-Hard,Answerable,1,sibling_discriminating,axis - process exceptions by assignee - quarterly,R3224,"{""construction"": ""family topic + facet carried by exactly one sibling"", ""distinguishing_kind"": ""field"", ""distinguishing_value"": ""Organization"", ""sibling_count"": 2}",2.0.0,20260804
Q20262,axis - process transactions by process type including Worker,sibling_discriminating,sibling_selection,Medium-Hard,Answerable,1,sibling_discriminating,axis - process transactions by process type,R1542,"{""construction"": ""family topic + facet carried by exactly one sibling"", ""distinguishing_kind"": ""field"", ""distinguishing_value"": ""Worker"", ""sibling_count"": 2}",2.0.0,20260804
Q20263,open roles including Company,sibling_discriminating,sibling_selection,Medium-Hard,Answerable,1,sibling_discriminating,axis - process transactions by status - detail,R3736,"{""construction"": ""family topic + facet carried by exactly one sibling"", ""distinguishing_kind"": ""field"", ""distinguishing_value"": ""Company"", ""sibling_count"": 2}",2.0.0,20260804
Q20264,applicants from Recruiting Agencies,sibling_discriminating,sibling_selection,Medium-Hard,Answerable,1,sibling_discriminating,axis - recruiter activity,R3833,"{""construction"": ""family topic + facet carried by exactly one sibling"", ""distinguishing_kind"": ""data_source"", ""distinguishing_value"": ""Recruiting Agencies"", ""sibling_count"": 3}",2.0.0,20260804
Q20265,axis - recruiter activity - quarterly including Job Requisition ID,sibling_discriminating,sibling_selection,Medium-Hard,Answerable,1,sibling_discriminating,axis - recruiter activity - quarterly,R0683,"{""construction"": ""family topic + facet carried by exactly one sibling"", ""distinguishing_kind"": ""field"", ""distinguishing_value"": ""Job Requisition ID"", ""sibling_count"": 2}",2.0.0,20260804
Q20266,job application including Days in Stage,sibling_discriminating,sibling_selection,Medium-Hard,Answerable,1,sibling_discriminating,axis - recruiter activity by source,R0344,"{""construction"": ""family topic + facet carried by exactly one sibling"", ""distinguishing_kind"": ""field"", ""distinguishing_value"": ""Days in Stage"", ""sibling_count"": 2}",2.0.0,20260804
Q20267,applicants including Column Dimension,sibling_discriminating,sibling_selection,Medium-Hard,Answerable,1,sibling_discriminating,axis - recruiting source by candidate stage - historical,R0477,"{""construction"": ""family topic + facet carried by exactly one sibling"", ""distinguishing_kind"": ""field"", ""distinguishing_value"": ""Column Dimension"", ""sibling_count"": 3}",2.0.0,20260804
Q20268,axis - report repository by last run - quarterly including Report Tag,sibling_discriminating,sibling_selection,Medium-Hard,Answerable,1,sibling_discriminating,axis - report repository by last run - quarterly,R3938,"{""construction"": ""family topic + facet carried by exactly one sibling"", ""distinguishing_kind"": ""field"", ""distinguishing_value"": ""Report Tag"", ""sibling_count"": 2}",2.0.0,20260804
Q20269,axis - rescinds by assignee - dashboard from All Business Process,sibling_discriminating,sibling_selection,Medium-Hard,Answerable,1,sibling_discriminating,axis - rescinds by assignee - dashboard,R1309,"{""construction"": ""family topic + facet carried by exactly one sibling"", ""distinguishing_kind"": ""data_source"", ""distinguishing_value"": ""All Business Process"", ""sibling_count"": 2}",2.0.0,20260804
Q20270,org including Business Process Event,sibling_discriminating,sibling_selection,Medium-Hard,Answerable,1,sibling_discriminating,axis - rescinds by organization,R2141,"{""construction"": ""family topic + facet carried by exactly one sibling"", ""distinguishing_kind"": ""field"", ""distinguishing_value"": ""Business Process Event"", ""sibling_count"": 2}",2.0.0,20260804
Q20271,axis - rescinds by process type - monthly including Completed Date,sibling_discriminating,sibling_selection,Medium-Hard,Answerable,1,sibling_discriminating,axis - rescinds by process type - monthly,R1042,"{""construction"": ""family topic + facet carried by exactly one sibling"", ""distinguishing_kind"": ""field"", ""distinguishing_value"": ""Completed Date"", ""sibling_count"": 3}",2.0.0,20260804
Q20272,axis - rescinds by status including Due Date,sibling_discriminating,sibling_selection,Medium-Hard,Answerable,1,sibling_discriminating,axis - rescinds by status,R0333,"{""construction"": ""family topic + facet carried by exactly one sibling"", ""distinguishing_kind"": ""field"", ""distinguishing_value"": ""Due Date"", ""sibling_count"": 3}",2.0.0,20260804
Q20273,employee appraisal prompted for Worker (Default Prompt),sibling_discriminating,sibling_selection,Medium-Hard,Answerable,1,sibling_discriminating,axis - review ratings - ytd,R1021,"{""construction"": ""family topic + facet carried by exactly one sibling"", ""distinguishing_kind"": ""prompt"", ""distinguishing_value"": ""Worker (Default Prompt)"", ""sibling_count"": 2}",2.0.0,20260804
Q20274,people including Supervisory Organization,sibling_discriminating,sibling_selection,Medium-Hard,Answerable,1,sibling_discriminating,axis - review ratings by manager - detail,R0712,"{""construction"": ""family topic + facet carried by exactly one sibling"", ""distinguishing_kind"": ""field"", ""distinguishing_value"": ""Supervisory Organization"", ""sibling_count"": 2}",2.0.0,20260804
Q20275,boss including Age,sibling_discriminating,sibling_selection,Medium-Hard,Answerable,1,sibling_discriminating,axis - review ratings by organization - detail,R3011,"{""construction"": ""family topic + facet carried by exactly one sibling"", ""distinguishing_kind"": ""field"", ""distinguishing_value"": ""Age"", ""sibling_count"": 2}",2.0.0,20260804
Q20276,team leader as a Trending report,sibling_discriminating,sibling_selection,Medium-Hard,Answerable,1,sibling_discriminating,axis - review ratings by rating,R3259,"{""construction"": ""family topic + facet carried by exactly one sibling"", ""distinguishing_kind"": ""report_type"", ""distinguishing_value"": ""Trending"", ""sibling_count"": 2}",2.0.0,20260804
Q20277,people including Percentage of Total,sibling_discriminating,sibling_selection,Medium-Hard,Answerable,1,sibling_discriminating,axis - review ratings by review cycle - current,R0144,"{""construction"": ""family topic + facet carried by exactly one sibling"", ""distinguishing_kind"": ""field"", ""distinguishing_value"": ""Percentage of Total"", ""sibling_count"": 2}",2.0.0,20260804
Q20278,workers as a Trending report,sibling_discriminating,sibling_selection,Medium-Hard,Answerable,1,sibling_discriminating,axis - review ratings by talent pool - historical,R0168,"{""construction"": ""family topic + facet carried by exactly one sibling"", ""distinguishing_kind"": ""report_type"", ""distinguishing_value"": ""Trending"", ""sibling_count"": 4}",2.0.0,20260804
Q20279,axis - role assignments by domain - monthly including Assigned Date,sibling_discriminating,sibling_selection,Medium-Hard,Answerable,1,sibling_discriminating,axis - role assignments by domain - monthly,R2803,"{""construction"": ""family topic + facet carried by exactly one sibling"", ""distinguishing_kind"": ""field"", ""distinguishing_value"": ""Assigned Date"", ""sibling_count"": 2}",2.0.0,20260804
Q20280,axis - role assignments by role including Assignable Role,sibling_discriminating,sibling_selection,Medium-Hard,Answerable,1,sibling_discriminating,axis - role assignments by role,R2956,"{""construction"": ""family topic + facet carried by exactly one sibling"", ""distinguishing_kind"": ""field"", ""distinguishing_value"": ""Assignable Role"", ""sibling_count"": 2}",2.0.0,20260804
Q20281,range spread including Currency,sibling_discriminating,sibling_selection,Medium-Hard,Answerable,1,sibling_discriminating,axis - salary range by company - summary,R1312,"{""construction"": ""family topic + facet carried by exactly one sibling"", ""distinguishing_kind"": ""field"", ""distinguishing_value"": ""Currency"", ""sibling_count"": 2}",2.0.0,20260804
Q20282,people from All Compensation Review,sibling_discriminating,sibling_selection,Medium-Hard,Answerable,1,sibling_discriminating,axis - salary range by plan - audit,R2768,"{""construction"": ""family topic + facet carried by exactly one sibling"", ""distinguishing_kind"": ""data_source"", ""distinguishing_value"": ""All Compensation Review"", ""sibling_count"": 2}",2.0.0,20260804
Q20283,axis - salary range by region - dashboard including Application Status,sibling_discriminating,sibling_selection,Medium-Hard,Answerable,1,sibling_discriminating,axis - salary range by region - dashboard,R3552,"{""construction"": ""family topic + facet carried by exactly one sibling"", ""distinguishing_kind"": ""field"", ""distinguishing_value"": ""Application Status"", ""sibling_count"": 2}",2.0.0,20260804
Q20284,axis - security audit by role - dashboard including Organization Name,sibling_discriminating,sibling_selection,Medium-Hard,Answerable,1,sibling_discriminating,axis - security audit by role - dashboard,R1161,"{""construction"": ""family topic + facet carried by exactly one sibling"", ""distinguishing_kind"": ""field"", ""distinguishing_value"": ""Organization Name"", ""sibling_count"": 2}",2.0.0,20260804
Q20285,axis - security audit by security group - historical including Application Date,sibling_discriminating,sibling_selection,Medium-Hard,Answerable,1,sibling_discriminating,axis - security audit by security group - historical,R0864,"{""construction"": ""family topic + facet carried by exactly one sibling"", ""distinguishing_kind"": ""field"", ""distinguishing_value"": ""Application Date"", ""sibling_count"": 2}",2.0.0,20260804
Q20286,axis - security audit by user from Security Groups,sibling_discriminating,sibling_selection,Medium-Hard,Answerable,1,sibling_discriminating,axis - security audit by user,R3321,"{""construction"": ""family topic + facet carried by exactly one sibling"", ""distinguishing_kind"": ""data_source"", ""distinguishing_value"": ""Security Groups"", ""sibling_count"": 3}",2.0.0,20260804
Q20287,axis - security groups by user - dashboard prompted for Include Subdomains,sibling_discriminating,sibling_selection,Medium-Hard,Answerable,1,sibling_discriminating,axis - security groups by user - dashboard,R0549,"{""construction"": ""family topic + facet carried by exactly one sibling"", ""distinguishing_kind"": ""prompt"", ""distinguishing_value"": ""Include Subdomains"", ""sibling_count"": 3}",2.0.0,20260804
Q20288,axis - security transactions by domain including Column Dimension,sibling_discriminating,sibling_selection,Medium-Hard,Answerable,1,sibling_discriminating,axis - security transactions by domain,R2979,"{""construction"": ""family topic + facet carried by exactly one sibling"", ""distinguishing_kind"": ""field"", ""distinguishing_value"": ""Column Dimension"", ""sibling_count"": 2}",2.0.0,20260804
Q20289,supervisory team including Inactive,sibling_discriminating,sibling_selection,Medium-Hard,Answerable,1,sibling_discriminating,axis - supervisory organization by parent - detail,R1571,"{""construction"": ""family topic + facet carried by exactly one sibling"", ""distinguishing_kind"": ""field"", ""distinguishing_value"": ""Inactive"", ""sibling_count"": 2}",2.0.0,20260804
Q20290,supervisory org including Job Family,sibling_discriminating,sibling_selection,Medium-Hard,Answerable,1,sibling_discriminating,axis - supervisory position - monthly,R0486,"{""construction"": ""family topic + facet carried by exactly one sibling"", ""distinguishing_kind"": ""field"", ""distinguishing_value"": ""Job Family"", ""sibling_count"": 2}",2.0.0,20260804
Q20291,workplace including Row Dimension,sibling_discriminating,sibling_selection,Medium-Hard,Answerable,1,sibling_discriminating,axis - supervisory position by location - historical,R3809,"{""construction"": ""family topic + facet carried by exactly one sibling"", ""distinguishing_kind"": ""field"", ""distinguishing_value"": ""Row Dimension"", ""sibling_count"": 2}",2.0.0,20260804
Q20292,bench strength prompted for Include Subordinate,sibling_discriminating,sibling_selection,Medium-Hard,Answerable,1,sibling_discriminating,axis - talent card - dashboard,R3991,"{""construction"": ""family topic + facet carried by exactly one sibling"", ""distinguishing_kind"": ""prompt"", ""distinguishing_value"": ""Include Subordinate"", ""sibling_count"": 2}",2.0.0,20260804
Q20293,workers from All Workers,sibling_discriminating,sibling_selection,Medium-Hard,Answerable,1,sibling_discriminating,axis - talent review by organization - audit,R2319,"{""construction"": ""family topic + facet carried by exactly one sibling"", ""distinguishing_kind"": ""data_source"", ""distinguishing_value"": ""All Workers"", ""sibling_count"": 2}",2.0.0,20260804
Q20294,axis - tenure movement - quarterly including Attrition Rate,sibling_discriminating,sibling_selection,Medium-Hard,Answerable,1,sibling_discriminating,axis - tenure movement - quarterly,R2112,"{""construction"": ""family topic + facet carried by exactly one sibling"", ""distinguishing_kind"": ""field"", ""distinguishing_value"": ""Attrition Rate"", ""sibling_count"": 2}",2.0.0,20260804
Q20295,management organization including Termination Date,sibling_discriminating,sibling_selection,Medium-Hard,Answerable,1,sibling_discriminating,axis - tenure movement by business unit - quarterly,R3401,"{""construction"": ""family topic + facet carried by exactly one sibling"", ""distinguishing_kind"": ""field"", ""distinguishing_value"": ""Termination Date"", ""sibling_count"": 2}",2.0.0,20260804
Q20296,employing company including Hire Date,sibling_discriminating,sibling_selection,Medium-Hard,Answerable,1,sibling_discriminating,axis - tenure movement by country - summary,R0195,"{""construction"": ""family topic + facet carried by exactly one sibling"", ""distinguishing_kind"": ""field"", ""distinguishing_value"": ""Hire Date"", ""sibling_count"": 2}",2.0.0,20260804
Q20297,supervisory org from Workers for HCM,sibling_discriminating,sibling_selection,Medium-Hard,Answerable,1,sibling_discriminating,axis - tenure movement by quarter - current,R1168,"{""construction"": ""family topic + facet carried by exactly one sibling"", ""distinguishing_kind"": ""data_source"", ""distinguishing_value"": ""Workers for HCM"", ""sibling_count"": 2}",2.0.0,20260804
Q20298,employee including As of Date,sibling_discriminating,sibling_selection,Medium-Hard,Answerable,1,sibling_discriminating,axis - tenure movement by region - monthly,R0616,"{""construction"": ""family topic + facet carried by exactly one sibling"", ""distinguishing_kind"": ""field"", ""distinguishing_value"": ""As of Date"", ""sibling_count"": 3}",2.0.0,20260804
Q20299,exit details including Percentage of Total,sibling_discriminating,sibling_selection,Medium-Hard,Answerable,1,sibling_discriminating,axis - terminations by business unit - historical,R1150,"{""construction"": ""family topic + facet carried by exactly one sibling"", ""distinguishing_kind"": ""field"", ""distinguishing_value"": ""Percentage of Total"", ""sibling_count"": 4}",2.0.0,20260804
Q20300,termination details prompted for Effective as of Date,sibling_discriminating,sibling_selection,Medium-Hard,Answerable,1,sibling_discriminating,axis - terminations by month,R2144,"{""construction"": ""family topic + facet carried by exactly one sibling"", ""distinguishing_kind"": ""prompt"", ""distinguishing_value"": ""Effective as of Date"", ""sibling_count"": 2}",2.0.0,20260804
Q20301,who left from Trended Workers,sibling_discriminating,sibling_selection,Medium-Hard,Answerable,1,sibling_discriminating,axis - transfers by month - historical 2026,R0299,"{""construction"": ""family topic + facet carried by exactly one sibling"", ""distinguishing_kind"": ""data_source"", ""distinguishing_value"": ""Trended Workers"", ""sibling_count"": 2}",2.0.0,20260804
Q20302,management organization from Trended Workers,sibling_discriminating,sibling_selection,Medium-Hard,Answerable,1,sibling_discriminating,axis - turnover by business unit,R1308,"{""construction"": ""family topic + facet carried by exactly one sibling"", ""distinguishing_kind"": ""data_source"", ""distinguishing_value"": ""Trended Workers"", ""sibling_count"": 3}",2.0.0,20260804
Q20303,employing company from Trended Workers,sibling_discriminating,sibling_selection,Medium-Hard,Answerable,1,sibling_discriminating,axis - turnover by business unit - detail,R0304,"{""construction"": ""family topic + facet carried by exactly one sibling"", ""distinguishing_kind"": ""data_source"", ""distinguishing_value"": ""Trended Workers"", ""sibling_count"": 2}",2.0.0,20260804
Q20304,workforce attrition including Record Count,sibling_discriminating,sibling_selection,Medium-Hard,Answerable,1,sibling_discriminating,axis - turnover by month,R3702,"{""construction"": ""family topic + facet carried by exactly one sibling"", ""distinguishing_kind"": ""field"", ""distinguishing_value"": ""Record Count"", ""sibling_count"": 3}",2.0.0,20260804
Q20305,courses assigned prompted for Extended Enterprise,sibling_discriminating,sibling_selection,Medium-Hard,Answerable,1,sibling_discriminating,axis - upcoming learning by content - monthly,R3882,"{""construction"": ""family topic + facet carried by exactly one sibling"", ""distinguishing_kind"": ""prompt"", ""distinguishing_value"": ""Extended Enterprise"", ""sibling_count"": 2}",2.0.0,20260804
Q20306,org including Composite Section,sibling_discriminating,sibling_selection,Medium-Hard,Answerable,1,sibling_discriminating,axis - upcoming learning by organization - historical,R1056,"{""construction"": ""family topic + facet carried by exactly one sibling"", ""distinguishing_kind"": ""field"", ""distinguishing_value"": ""Composite Section"", ""sibling_count"": 2}",2.0.0,20260804
Q20307,axis - user access by security group as a Advanced report,sibling_discriminating,sibling_selection,Medium-Hard,Answerable,1,sibling_discriminating,axis - user access by security group,R1191,"{""construction"": ""family topic + facet carried by exactly one sibling"", ""distinguishing_kind"": ""report_type"", ""distinguishing_value"": ""Advanced"", ""sibling_count"": 2}",2.0.0,20260804
Q20308,axis - vacant positions by job family including Initiated By,sibling_discriminating,sibling_selection,Medium-Hard,Answerable,1,sibling_discriminating,axis - vacant positions by job family,R3970,"{""construction"": ""family topic + facet carried by exactly one sibling"", ""distinguishing_kind"": ""field"", ""distinguishing_value"": ""Initiated By"", ""sibling_count"": 2}",2.0.0,20260804
Q20309,where does each employee work prompted for Created Moment (Default),sibling_discriminating,sibling_selection,Medium-Hard,Answerable,1,sibling_discriminating,axis - vacant positions by location,R0194,"{""construction"": ""family topic + facet carried by exactly one sibling"", ""distinguishing_kind"": ""prompt"", ""distinguishing_value"": ""Created Moment (Default)"", ""sibling_count"": 4}",2.0.0,20260804
Q20310,where does each employee work including Management Level,sibling_discriminating,sibling_selection,Medium-Hard,Answerable,1,sibling_discriminating,axis - worker demographics,R1415,"{""construction"": ""family topic + facet carried by exactly one sibling"", ""distinguishing_kind"": ""field"", ""distinguishing_value"": ""Management Level"", ""sibling_count"": 3}",2.0.0,20260804
Q20311,staff including Continuous Service Date,sibling_discriminating,sibling_selection,Medium-Hard,Answerable,1,sibling_discriminating,axis - worker demographics - summary,R0282,"{""construction"": ""family topic + facet carried by exactly one sibling"", ""distinguishing_kind"": ""field"", ""distinguishing_value"": ""Continuous Service Date"", ""sibling_count"": 2}",2.0.0,20260804
Q20312,where does each employee work prompted for Location (Default Prompt),sibling_discriminating,sibling_selection,Medium-Hard,Answerable,1,sibling_discriminating,axis - worker demographics by company - audit,R1612,"{""construction"": ""family topic + facet carried by exactly one sibling"", ""distinguishing_kind"": ""prompt"", ""distinguishing_value"": ""Location (Default Prompt)"", ""sibling_count"": 2}",2.0.0,20260804
Q20313,legal entity including Age,sibling_discriminating,sibling_selection,Medium-Hard,Answerable,1,sibling_discriminating,axis - worker demographics by company - dashboard,R3348,"{""construction"": ""family topic + facet carried by exactly one sibling"", ""distinguishing_kind"": ""field"", ""distinguishing_value"": ""Age"", ""sibling_count"": 3}",2.0.0,20260804
Q20314,employing company including Postal Code,sibling_discriminating,sibling_selection,Medium-Hard,Answerable,1,sibling_discriminating,axis - worker demographics by country,R1011,"{""construction"": ""family topic + facet carried by exactly one sibling"", ""distinguishing_kind"": ""field"", ""distinguishing_value"": ""Postal Code"", ""sibling_count"": 2}",2.0.0,20260804
Q20315,where does each employee work including Hire Date,sibling_discriminating,sibling_selection,Medium-Hard,Answerable,1,sibling_discriminating,axis - worker demographics by location,R2795,"{""construction"": ""family topic + facet carried by exactly one sibling"", ""distinguishing_kind"": ""field"", ""distinguishing_value"": ""Hire Date"", ""sibling_count"": 3}",2.0.0,20260804
Q20316,work location including Remote Work Indicator,sibling_discriminating,sibling_selection,Medium-Hard,Answerable,1,sibling_discriminating,axis - worker demographics by location - audit,R1682,"{""construction"": ""family topic + facet carried by exactly one sibling"", ""distinguishing_kind"": ""field"", ""distinguishing_value"": ""Remote Work Indicator"", ""sibling_count"": 3}",2.0.0,20260804
Q20317,org from All Active and Terminated,sibling_discriminating,sibling_selection,Medium-Hard,Answerable,1,sibling_discriminating,axis - worker demographics by manager,R0478,"{""construction"": ""family topic + facet carried by exactly one sibling"", ""distinguishing_kind"": ""data_source"", ""distinguishing_value"": ""All Active and Terminated"", ""sibling_count"": 4}",2.0.0,20260804
Q20318,bosses including Period,sibling_discriminating,sibling_selection,Medium-Hard,Answerable,1,sibling_discriminating,axis - worker demographics by manager - current,R2212,"{""construction"": ""family topic + facet carried by exactly one sibling"", ""distinguishing_kind"": ""field"", ""distinguishing_value"": ""Period"", ""sibling_count"": 4}",2.0.0,20260804
Q20319,bosses including Calculated Indicator,sibling_discriminating,sibling_selection,Medium-Hard,Answerable,1,sibling_discriminating,axis - worker demographics by manager - detail,R1728,"{""construction"": ""family topic + facet carried by exactly one sibling"", ""distinguishing_kind"": ""field"", ""distinguishing_value"": ""Calculated Indicator"", ""sibling_count"": 2}",2.0.0,20260804
Q20320,employees including Worker ID,sibling_discriminating,sibling_selection,Medium-Hard,Answerable,1,sibling_discriminating,axis - worker demographics by organization - detail,R2430,"{""construction"": ""family topic + facet carried by exactly one sibling"", ""distinguishing_kind"": ""field"", ""distinguishing_value"": ""Worker ID"", ""sibling_count"": 2}",2.0.0,20260804
Q20321,employing company prompted for Employee Type,sibling_discriminating,sibling_selection,Medium-Hard,Answerable,1,sibling_discriminating,axis - worker demographics by region - ytd,R2769,"{""construction"": ""family topic + facet carried by exactly one sibling"", ""distinguishing_kind"": ""prompt"", ""distinguishing_value"": ""Employee Type"", ""sibling_count"": 2}",2.0.0,20260804
Q20322,work location including Contingent Worker Type,sibling_discriminating,sibling_selection,Medium-Hard,Answerable,1,sibling_discriminating,axis - worker eligibility,R3253,"{""construction"": ""family topic + facet carried by exactly one sibling"", ""distinguishing_kind"": ""field"", ""distinguishing_value"": ""Contingent Worker Type"", ""sibling_count"": 2}",2.0.0,20260804
Q20323,workplace including Employee ID,sibling_discriminating,sibling_selection,Medium-Hard,Answerable,1,sibling_discriminating,axis - worker eligibility - dashboard,R1958,"{""construction"": ""family topic + facet carried by exactly one sibling"", ""distinguishing_kind"": ""field"", ""distinguishing_value"": ""Employee ID"", ""sibling_count"": 2}",2.0.0,20260804
Q20324,employing company including Preferred Name,sibling_discriminating,sibling_selection,Medium-Hard,Answerable,1,sibling_discriminating,axis - worker eligibility by company - summary v3,R0776,"{""construction"": ""family topic + facet carried by exactly one sibling"", ""distinguishing_kind"": ""field"", ""distinguishing_value"": ""Preferred Name"", ""sibling_count"": 3}",2.0.0,20260804
Q20325,employing company from All Active and Terminated,sibling_discriminating,sibling_selection,Medium-Hard,Answerable,1,sibling_discriminating,axis - worker eligibility by country,R2235,"{""construction"": ""family topic + facet carried by exactly one sibling"", ""distinguishing_kind"": ""data_source"", ""distinguishing_value"": ""All Active and Terminated"", ""sibling_count"": 2}",2.0.0,20260804
Q20326,team leader including Age,sibling_discriminating,sibling_selection,Medium-Hard,Answerable,1,sibling_discriminating,axis - worker eligibility by country - ytd,R2181,"{""construction"": ""family topic + facet carried by exactly one sibling"", ""distinguishing_kind"": ""field"", ""distinguishing_value"": ""Age"", ""sibling_count"": 2}",2.0.0,20260804
Q20327,where does each employee work from Employees by Organization,sibling_discriminating,sibling_selection,Medium-Hard,Answerable,1,sibling_discriminating,axis - worker eligibility by manager - audit,R0446,"{""construction"": ""family topic + facet carried by exactly one sibling"", ""distinguishing_kind"": ""data_source"", ""distinguishing_value"": ""Employees by Organization"", ""sibling_count"": 2}",2.0.0,20260804
Q20328,workers including Location,sibling_discriminating,sibling_selection,Medium-Hard,Answerable,1,sibling_discriminating,axis - worker eligibility by worker type - ytd,R2564,"{""construction"": ""family topic + facet carried by exactly one sibling"", ""distinguishing_kind"": ""field"", ""distinguishing_value"": ""Location"", ""sibling_count"": 2}",2.0.0,20260804
Q20329,employing company as a Trending report,sibling_discriminating,sibling_selection,Medium-Hard,Answerable,1,sibling_discriminating,axis - worker location by company,R2117,"{""construction"": ""family topic + facet carried by exactly one sibling"", ""distinguishing_kind"": ""report_type"", ""distinguishing_value"": ""Trending"", ""sibling_count"": 2}",2.0.0,20260804
Q20330,workplace as a Advanced report,sibling_discriminating,sibling_selection,Medium-Hard,Answerable,1,sibling_discriminating,axis - worker location by country,R2981,"{""construction"": ""family topic + facet carried by exactly one sibling"", ""distinguishing_kind"": ""report_type"", ""distinguishing_value"": ""Advanced"", ""sibling_count"": 2}",2.0.0,20260804
Q20331,work location including CF - Worker Location Country Current 3111,sibling_discriminating,sibling_selection,Medium-Hard,Answerable,1,sibling_discriminating,axis - worker location by country - current,R3114,"{""construction"": ""family topic + facet carried by exactly one sibling"", ""distinguishing_kind"": ""field"", ""distinguishing_value"": ""CF - Worker Location Country Current 3111"", ""sibling_count"": 2}",2.0.0,20260804
Q20332,workplace including Management Level,sibling_discriminating,sibling_selection,Medium-Hard,Answerable,1,sibling_discriminating,axis - worker location by location,R3810,"{""construction"": ""family topic + facet carried by exactly one sibling"", ""distinguishing_kind"": ""field"", ""distinguishing_value"": ""Management Level"", ""sibling_count"": 2}",2.0.0,20260804
Q20333,workplace including Region,sibling_discriminating,sibling_selection,Medium-Hard,Answerable,1,sibling_discriminating,axis - worker location by location - current,R1600,"{""construction"": ""family topic + facet carried by exactly one sibling"", ""distinguishing_kind"": ""field"", ""distinguishing_value"": ""Region"", ""sibling_count"": 4}",2.0.0,20260804
Q20334,legal entity including Row Dimension,sibling_discriminating,sibling_selection,Medium-Hard,Answerable,1,sibling_discriminating,axis - worker location by manager - quarterly,R1584,"{""construction"": ""family topic + facet carried by exactly one sibling"", ""distinguishing_kind"": ""field"", ""distinguishing_value"": ""Row Dimension"", ""sibling_count"": 2}",2.0.0,20260804
Q20335,staff from All Active Employees,sibling_discriminating,sibling_selection,Medium-Hard,Answerable,1,sibling_discriminating,axis - worker location by region,R0788,"{""construction"": ""family topic + facet carried by exactly one sibling"", ""distinguishing_kind"": ""data_source"", ""distinguishing_value"": ""All Active Employees"", ""sibling_count"": 2}",2.0.0,20260804
Q20336,work location including Worker ID,sibling_discriminating,sibling_selection,Medium-Hard,Answerable,1,sibling_discriminating,axis - worker location by region - monthly,R3934,"{""construction"": ""family topic + facet carried by exactly one sibling"", ""distinguishing_kind"": ""field"", ""distinguishing_value"": ""Worker ID"", ""sibling_count"": 3}",2.0.0,20260804
Q20337,work location including Postal Code,sibling_discriminating,sibling_selection,Medium-Hard,Answerable,1,sibling_discriminating,axis - worker location by region - quarterly,R0565,"{""construction"": ""family topic + facet carried by exactly one sibling"", ""distinguishing_kind"": ""field"", ""distinguishing_value"": ""Postal Code"", ""sibling_count"": 3}",2.0.0,20260804
Q20338,employees prompted for Effective as of Date,sibling_discriminating,sibling_selection,Medium-Hard,Answerable,1,sibling_discriminating,axis - worker roster,R1111,"{""construction"": ""family topic + facet carried by exactly one sibling"", ""distinguishing_kind"": ""prompt"", ""distinguishing_value"": ""Effective as of Date"", ""sibling_count"": 2}",2.0.0,20260804
Q20339,employing company including Employee Type,sibling_discriminating,sibling_selection,Medium-Hard,Answerable,1,sibling_discriminating,axis - worker roster - detail,R1113,"{""construction"": ""family topic + facet carried by exactly one sibling"", ""distinguishing_kind"": ""field"", ""distinguishing_value"": ""Employee Type"", ""sibling_count"": 2}",2.0.0,20260804
Q20340,supervisory org prompted for Effective as of Date,sibling_discriminating,sibling_selection,Medium-Hard,Answerable,1,sibling_discriminating,axis - worker roster - monthly,R3549,"{""construction"": ""family topic + facet carried by exactly one sibling"", ""distinguishing_kind"": ""prompt"", ""distinguishing_value"": ""Effective as of Date"", ""sibling_count"": 3}",2.0.0,20260804
Q20341,axis - worker roster - ytd including Termination Date,sibling_discriminating,sibling_selection,Medium-Hard,Answerable,1,sibling_discriminating,axis - worker roster - ytd,R0792,"{""construction"": ""family topic + facet carried by exactly one sibling"", ""distinguishing_kind"": ""field"", ""distinguishing_value"": ""Termination Date"", ""sibling_count"": 2}",2.0.0,20260804
Q20342,axis - worker roster by country including Measure Value,sibling_discriminating,sibling_selection,Medium-Hard,Answerable,1,sibling_discriminating,axis - worker roster by country,R3649,"{""construction"": ""family topic + facet carried by exactly one sibling"", ""distinguishing_kind"": ""field"", ""distinguishing_value"": ""Measure Value"", ""sibling_count"": 5}",2.0.0,20260804
Q20343,org including Company,sibling_discriminating,sibling_selection,Medium-Hard,Answerable,1,sibling_discriminating,axis - worker roster by country - historical,R0130,"{""construction"": ""family topic + facet carried by exactly one sibling"", ""distinguishing_kind"": ""field"", ""distinguishing_value"": ""Company"", ""sibling_count"": 3}",2.0.0,20260804
Q20344,work location including Supervisory Organization,sibling_discriminating,sibling_selection,Medium-Hard,Answerable,1,sibling_discriminating,axis - worker roster by country - quarterly,R0979,"{""construction"": ""family topic + facet carried by exactly one sibling"", ""distinguishing_kind"": ""field"", ""distinguishing_value"": ""Supervisory Organization"", ""sibling_count"": 2}",2.0.0,20260804
Q20345,employing company including Employee ID,sibling_discriminating,sibling_selection,Medium-Hard,Answerable,1,sibling_discriminating,axis - worker roster by location - historical,R0914,"{""construction"": ""family topic + facet carried by exactly one sibling"", ""distinguishing_kind"": ""field"", ""distinguishing_value"": ""Employee ID"", ""sibling_count"": 2}",2.0.0,20260804
Q20346,work location including Record Count,sibling_discriminating,sibling_selection,Medium-Hard,Answerable,1,sibling_discriminating,axis - worker roster by location - monthly,R1846,"{""construction"": ""family topic + facet carried by exactly one sibling"", ""distinguishing_kind"": ""field"", ""distinguishing_value"": ""Record Count"", ""sibling_count"": 2}",2.0.0,20260804
Q20347,where does each employee work including Section Order,sibling_discriminating,sibling_selection,Medium-Hard,Answerable,1,sibling_discriminating,axis - worker roster by location - summary,R1863,"{""construction"": ""family topic + facet carried by exactly one sibling"", ""distinguishing_kind"": ""field"", ""distinguishing_value"": ""Section Order"", ""sibling_count"": 3}",2.0.0,20260804
Q20348,work location including Organization Type,sibling_discriminating,sibling_selection,Medium-Hard,Answerable,1,sibling_discriminating,axis - worker roster by location - ytd,R3030,"{""construction"": ""family topic + facet carried by exactly one sibling"", ""distinguishing_kind"": ""field"", ""distinguishing_value"": ""Organization Type"", ""sibling_count"": 4}",2.0.0,20260804
Q20349,supervisory org including Region,sibling_discriminating,sibling_selection,Medium-Hard,Answerable,1,sibling_discriminating,axis - worker roster by organization - current,R1288,"{""construction"": ""family topic + facet carried by exactly one sibling"", ""distinguishing_kind"": ""field"", ""distinguishing_value"": ""Region"", ""sibling_count"": 2}",2.0.0,20260804
Q20350,supervisory org including Worker Type,sibling_discriminating,sibling_selection,Medium-Hard,Answerable,1,sibling_discriminating,axis - worker roster by organization - ytd,R0398,"{""construction"": ""family topic + facet carried by exactly one sibling"", ""distinguishing_kind"": ""field"", ""distinguishing_value"": ""Worker Type"", ""sibling_count"": 2}",2.0.0,20260804
Q20351,work location including Worker,sibling_discriminating,sibling_selection,Medium-Hard,Answerable,1,sibling_discriminating,axis - worker roster by region,R0052,"{""construction"": ""family topic + facet carried by exactly one sibling"", ""distinguishing_kind"": ""field"", ""distinguishing_value"": ""Worker"", ""sibling_count"": 2}",2.0.0,20260804
Q20352,axis - worker roster by worker type - monthly from All Active and Terminated,sibling_discriminating,sibling_selection,Medium-Hard,Answerable,1,sibling_discriminating,axis - worker roster by worker type - monthly,R0166,"{""construction"": ""family topic + facet carried by exactly one sibling"", ""distinguishing_kind"": ""data_source"", ""distinguishing_value"": ""All Active and Terminated"", ""sibling_count"": 2}",2.0.0,20260804
Q20353,employing company including Worker Type,sibling_discriminating,sibling_selection,Medium-Hard,Answerable,1,sibling_discriminating,axis - worker snapshot,R3108,"{""construction"": ""family topic + facet carried by exactly one sibling"", ""distinguishing_kind"": ""field"", ""distinguishing_value"": ""Worker Type"", ""sibling_count"": 3}",2.0.0,20260804
Q20354,legal entity including As of Date,sibling_discriminating,sibling_selection,Medium-Hard,Answerable,1,sibling_discriminating,axis - worker snapshot by company,R3987,"{""construction"": ""family topic + facet carried by exactly one sibling"", ""distinguishing_kind"": ""field"", ""distinguishing_value"": ""As of Date"", ""sibling_count"": 2}",2.0.0,20260804
Q20355,employing company including Units,sibling_discriminating,sibling_selection,Medium-Hard,Answerable,1,sibling_discriminating,axis - worker snapshot by company - summary,R2289,"{""construction"": ""family topic + facet carried by exactly one sibling"", ""distinguishing_kind"": ""field"", ""distinguishing_value"": ""Units"", ""sibling_count"": 7}",2.0.0,20260804
Q20356,work location including Worker Status,sibling_discriminating,sibling_selection,Medium-Hard,Answerable,1,sibling_discriminating,axis - worker snapshot by country,R3246,"{""construction"": ""family topic + facet carried by exactly one sibling"", ""distinguishing_kind"": ""field"", ""distinguishing_value"": ""Worker Status"", ""sibling_count"": 3}",2.0.0,20260804
Q20357,legal entity including Business Process Type,sibling_discriminating,sibling_selection,Medium-Hard,Answerable,1,sibling_discriminating,axis - worker snapshot by country - audit,R2185,"{""construction"": ""family topic + facet carried by exactly one sibling"", ""distinguishing_kind"": ""field"", ""distinguishing_value"": ""Business Process Type"", ""sibling_count"": 2}",2.0.0,20260804
Q20358,work location from Workers for HCM,sibling_discriminating,sibling_selection,Medium-Hard,Answerable,1,sibling_discriminating,axis - worker snapshot by country - detail,R2865,"{""construction"": ""family topic + facet carried by exactly one sibling"", ""distinguishing_kind"": ""data_source"", ""distinguishing_value"": ""Workers for HCM"", ""sibling_count"": 2}",2.0.0,20260804
Q20359,workplace including Remote Work Indicator,sibling_discriminating,sibling_selection,Medium-Hard,Answerable,1,sibling_discriminating,axis - worker snapshot by location,R0467,"{""construction"": ""family topic + facet carried by exactly one sibling"", ""distinguishing_kind"": ""field"", ""distinguishing_value"": ""Remote Work Indicator"", ""sibling_count"": 2}",2.0.0,20260804
Q20360,boss including As of Date,sibling_discriminating,sibling_selection,Medium-Hard,Answerable,1,sibling_discriminating,axis - worker snapshot by manager - quarterly,R3522,"{""construction"": ""family topic + facet carried by exactly one sibling"", ""distinguishing_kind"": ""field"", ""distinguishing_value"": ""As of Date"", ""sibling_count"": 2}",2.0.0,20260804
Q20361,supervisory org including Worker Type,sibling_discriminating,sibling_selection,Medium-Hard,Answerable,1,sibling_discriminating,axis - worker snapshot by organization - current,R1476,"{""construction"": ""family topic + facet carried by exactly one sibling"", ""distinguishing_kind"": ""field"", ""distinguishing_value"": ""Worker Type"", ""sibling_count"": 2}",2.0.0,20260804
Q20362,employee including As of Date,sibling_discriminating,sibling_selection,Medium-Hard,Answerable,1,sibling_discriminating,axis - worker snapshot by organization - dashboard,R1210,"{""construction"": ""family topic + facet carried by exactly one sibling"", ""distinguishing_kind"": ""field"", ""distinguishing_value"": ""As of Date"", ""sibling_count"": 2}",2.0.0,20260804
Q20363,employees including Record Count,sibling_discriminating,sibling_selection,Medium-Hard,Answerable,1,sibling_discriminating,axis - worker snapshot by organization - quarterly,R3239,"{""construction"": ""family topic + facet carried by exactly one sibling"", ""distinguishing_kind"": ""field"", ""distinguishing_value"": ""Record Count"", ""sibling_count"": 2}",2.0.0,20260804
Q20364,where does each employee work from Workers for HCM,sibling_discriminating,sibling_selection,Medium-Hard,Answerable,1,sibling_discriminating,axis - worker snapshot by organization - ytd,R1095,"{""construction"": ""family topic + facet carried by exactly one sibling"", ""distinguishing_kind"": ""data_source"", ""distinguishing_value"": ""Workers for HCM"", ""sibling_count"": 2}",2.0.0,20260804
Q20365,organization from Employees by Organization,sibling_discriminating,sibling_selection,Medium-Hard,Answerable,1,sibling_discriminating,axis - worker trend by grade - audit,R0634,"{""construction"": ""family topic + facet carried by exactly one sibling"", ""distinguishing_kind"": ""data_source"", ""distinguishing_value"": ""Employees by Organization"", ""sibling_count"": 3}",2.0.0,20260804
Q20366,team leader from Trended Workers,sibling_discriminating,sibling_selection,Medium-Hard,Answerable,1,sibling_discriminating,axis - worker trend by manager - detail,R2687,"{""construction"": ""family topic + facet carried by exactly one sibling"", ""distinguishing_kind"": ""data_source"", ""distinguishing_value"": ""Trended Workers"", ""sibling_count"": 2}",2.0.0,20260804
Q20367,axis - worker trend by quarter - ytd including Supervisory Organization,sibling_discriminating,sibling_selection,Medium-Hard,Answerable,1,sibling_discriminating,axis - worker trend by quarter - ytd,R2820,"{""construction"": ""family topic + facet carried by exactly one sibling"", ""distinguishing_kind"": ""field"", ""distinguishing_value"": ""Supervisory Organization"", ""sibling_count"": 2}",2.0.0,20260804
Q20368,supervisory org including Measure Value,sibling_discriminating,sibling_selection,Medium-Hard,Answerable,1,sibling_discriminating,axis - workforce snapshot by country - summary,R2565,"{""construction"": ""family topic + facet carried by exactly one sibling"", ""distinguishing_kind"": ""field"", ""distinguishing_value"": ""Measure Value"", ""sibling_count"": 2}",2.0.0,20260804
Q20369,axis - workforce snapshot by grade - quarterly prompted for Business Process Types,sibling_discriminating,sibling_selection,Medium-Hard,Answerable,1,sibling_discriminating,axis - workforce snapshot by grade - quarterly,R3302,"{""construction"": ""family topic + facet carried by exactly one sibling"", ""distinguishing_kind"": ""prompt"", ""distinguishing_value"": ""Business Process Types"", ""sibling_count"": 2}",2.0.0,20260804
Q20370,people leader including Hire Date,sibling_discriminating,sibling_selection,Medium-Hard,Answerable,1,sibling_discriminating,axis - workforce snapshot by manager,R3109,"{""construction"": ""family topic + facet carried by exactly one sibling"", ""distinguishing_kind"": ""field"", ""distinguishing_value"": ""Hire Date"", ""sibling_count"": 3}",2.0.0,20260804
Q20371,boss as a Matrix report,sibling_discriminating,sibling_selection,Medium-Hard,Answerable,1,sibling_discriminating,axis - workforce snapshot by manager - monthly,R3829,"{""construction"": ""family topic + facet carried by exactly one sibling"", ""distinguishing_kind"": ""report_type"", ""distinguishing_value"": ""Matrix"", ""sibling_count"": 2}",2.0.0,20260804
Q20372,supervisory team including Composite Section,sibling_discriminating,sibling_selection,Medium-Hard,Answerable,1,sibling_discriminating,business process by organization,R2807,"{""construction"": ""family topic + facet carried by exactly one sibling"", ""distinguishing_kind"": ""field"", ""distinguishing_value"": ""Composite Section"", ""sibling_count"": 2}",2.0.0,20260804
Q20373,people leader including Row Dimension,sibling_discriminating,sibling_selection,Medium-Hard,Answerable,1,sibling_discriminating,calibration - detail,R0258,"{""construction"": ""family topic + facet carried by exactly one sibling"", ""distinguishing_kind"": ""field"", ""distinguishing_value"": ""Row Dimension"", ""sibling_count"": 2}",2.0.0,20260804
Q20374,job seekers including Application Date,sibling_discriminating,sibling_selection,Medium-Hard,Answerable,1,sibling_discriminating,candidate status by job,R2938,"{""construction"": ""family topic + facet carried by exactly one sibling"", ""distinguishing_kind"": ""field"", ""distinguishing_value"": ""Application Date"", ""sibling_count"": 2}",2.0.0,20260804
Q20375,employee as a nBox report,sibling_discriminating,sibling_selection,Medium-Hard,Answerable,1,sibling_discriminating,comp grade by plan,R3913,"{""construction"": ""family topic + facet carried by exactly one sibling"", ""distinguishing_kind"": ""report_type"", ""distinguishing_value"": ""nBox"", ""sibling_count"": 3}",2.0.0,20260804
Q20376,employing company including Organization Status,sibling_discriminating,sibling_selection,Medium-Hard,Answerable,1,sibling_discriminating,company structure by type - ytd,R1118,"{""construction"": ""family topic + facet carried by exactly one sibling"", ""distinguishing_kind"": ""field"", ""distinguishing_value"": ""Organization Status"", ""sibling_count"": 2}",2.0.0,20260804
Q20377,fixed pay including Row Dimension,sibling_discriminating,sibling_selection,Medium-Hard,Answerable,1,sibling_discriminating,compensation actuals by grade - historical,R2007,"{""construction"": ""family topic + facet carried by exactly one sibling"", ""distinguishing_kind"": ""field"", ""distinguishing_value"": ""Row Dimension"", ""sibling_count"": 2}",2.0.0,20260804
Q20378,cr active employee by country including Application Date,sibling_discriminating,sibling_selection,Medium-Hard,Answerable,1,sibling_discriminating,cr_active employee by country,R2404,"{""construction"": ""family topic + facet carried by exactly one sibling"", ""distinguishing_kind"": ""field"", ""distinguishing_value"": ""Application Date"", ""sibling_count"": 3}",2.0.0,20260804
Q20379,team leader including Worker,sibling_discriminating,sibling_selection,Medium-Hard,Answerable,1,sibling_discriminating,cr_active employee by manager,R0480,"{""construction"": ""family topic + facet carried by exactly one sibling"", ""distinguishing_kind"": ""field"", ""distinguishing_value"": ""Worker"", ""sibling_count"": 2}",2.0.0,20260804
Q20380,cr all custom reports by last run from All Active and Terminated,sibling_discriminating,sibling_selection,Medium-Hard,Answerable,1,sibling_discriminating,cr_all custom reports by last run,R3661,"{""construction"": ""family topic + facet carried by exactly one sibling"", ""distinguishing_kind"": ""data_source"", ""distinguishing_value"": ""All Active and Terminated"", ""sibling_count"": 2}",2.0.0,20260804
Q20381,cr all custom reports by owner - monthly including Column Dimension,sibling_discriminating,sibling_selection,Medium-Hard,Answerable,1,sibling_discriminating,cr_all custom reports by owner - monthly,R0718,"{""construction"": ""family topic + facet carried by exactly one sibling"", ""distinguishing_kind"": ""field"", ""distinguishing_value"": ""Column Dimension"", ""sibling_count"": 2}",2.0.0,20260804
Q20382,team leader including Worker Status,sibling_discriminating,sibling_selection,Medium-Hard,Answerable,1,sibling_discriminating,cr_compensation statement by manager - summary,R0006,"{""construction"": ""family topic + facet carried by exactly one sibling"", ""distinguishing_kind"": ""field"", ""distinguishing_value"": ""Worker Status"", ""sibling_count"": 3}",2.0.0,20260804
Q20383,management organization including Goal Name,sibling_discriminating,sibling_selection,Medium-Hard,Answerable,1,sibling_discriminating,cr_employee assignment by location - summary,R3305,"{""construction"": ""family topic + facet carried by exactly one sibling"", ""distinguishing_kind"": ""field"", ""distinguishing_value"": ""Goal Name"", ""sibling_count"": 2}",2.0.0,20260804
Q20384,legal entity including Employee Type,sibling_discriminating,sibling_selection,Medium-Hard,Answerable,1,sibling_discriminating,cr_job family by organization - quarterly,R2036,"{""construction"": ""family topic + facet carried by exactly one sibling"", ""distinguishing_kind"": ""field"", ""distinguishing_value"": ""Employee Type"", ""sibling_count"": 2}",2.0.0,20260804
Q20385,supervisory team including Candidate,sibling_discriminating,sibling_selection,Medium-Hard,Answerable,1,sibling_discriminating,cr_leave eligibility by organization,R2895,"{""construction"": ""family topic + facet carried by exactly one sibling"", ""distinguishing_kind"": ""field"", ""distinguishing_value"": ""Candidate"", ""sibling_count"": 2}",2.0.0,20260804
Q20386,boss including Supervisory Organization,sibling_discriminating,sibling_selection,Medium-Hard,Answerable,1,sibling_discriminating,cr_manager hierarchy by country - detail,R1735,"{""construction"": ""family topic + facet carried by exactly one sibling"", ""distinguishing_kind"": ""field"", ""distinguishing_value"": ""Supervisory Organization"", ""sibling_count"": 2}",2.0.0,20260804
Q20387,supervisory team including Position,sibling_discriminating,sibling_selection,Medium-Hard,Answerable,1,sibling_discriminating,cr_mobility events by organization - historical,R3686,"{""construction"": ""family topic + facet carried by exactly one sibling"", ""distinguishing_kind"": ""field"", ""distinguishing_value"": ""Position"", ""sibling_count"": 5}",2.0.0,20260804
Q20388,cr offer activity by agency - summary including Application Stage,sibling_discriminating,sibling_selection,Medium-Hard,Answerable,1,sibling_discriminating,cr_offer activity by agency - summary,R0510,"{""construction"": ""family topic + facet carried by exactly one sibling"", ""distinguishing_kind"": ""field"", ""distinguishing_value"": ""Application Stage"", ""sibling_count"": 2}",2.0.0,20260804
Q20389,cr pay equity by employee type - audit from All Compensation Events,sibling_discriminating,sibling_selection,Medium-Hard,Answerable,1,sibling_discriminating,cr_pay equity by employee type - audit,R0990,"{""construction"": ""family topic + facet carried by exactly one sibling"", ""distinguishing_kind"": ""data_source"", ""distinguishing_value"": ""All Compensation Events"", ""sibling_count"": 2}",2.0.0,20260804
Q20390,cr supervisory position by status - quarterly including Active,sibling_discriminating,sibling_selection,Medium-Hard,Answerable,1,sibling_discriminating,cr_supervisory position by status - quarterly,R2389,"{""construction"": ""family topic + facet carried by exactly one sibling"", ""distinguishing_kind"": ""field"", ""distinguishing_value"": ""Active"", ""sibling_count"": 3}",2.0.0,20260804
Q20391,people who left including Job Profile,sibling_discriminating,sibling_selection,Medium-Hard,Answerable,1,sibling_discriminating,cr_termination detail by event - quarterly,R2959,"{""construction"": ""family topic + facet carried by exactly one sibling"", ""distinguishing_kind"": ""field"", ""distinguishing_value"": ""Job Profile"", ""sibling_count"": 2}",2.0.0,20260804
Q20392,workplace including Composite Section,sibling_discriminating,sibling_selection,Medium-Hard,Answerable,1,sibling_discriminating,cr_worker location by organization,R0596,"{""construction"": ""family topic + facet carried by exactly one sibling"", ""distinguishing_kind"": ""field"", ""distinguishing_value"": ""Composite Section"", ""sibling_count"": 2}",2.0.0,20260804
Q20393,people leader including Employee ID,sibling_discriminating,sibling_selection,Medium-Hard,Answerable,1,sibling_discriminating,cr_worker roster by manager - current,R1234,"{""construction"": ""family topic + facet carried by exactly one sibling"", ""distinguishing_kind"": ""field"", ""distinguishing_value"": ""Employee ID"", ""sibling_count"": 2}",2.0.0,20260804
Q20394,absence status including Source,sibling_discriminating,sibling_selection,Medium-Hard,Answerable,1,sibling_discriminating,cr_workers on leave - detail,R1953,"{""construction"": ""family topic + facet carried by exactly one sibling"", ""distinguishing_kind"": ""field"", ""distinguishing_value"": ""Source"", ""sibling_count"": 2}",2.0.0,20260804
Q20395,dax active employee by country - dashboard including Job Requisition,sibling_discriminating,sibling_selection,Medium-Hard,Answerable,1,sibling_discriminating,dax active employee by country - dashboard,R3510,"{""construction"": ""family topic + facet carried by exactly one sibling"", ""distinguishing_kind"": ""field"", ""distinguishing_value"": ""Job Requisition"", ""sibling_count"": 2}",2.0.0,20260804
Q20396,people leader prompted for Completed Date On or,sibling_discriminating,sibling_selection,Medium-Hard,Answerable,1,sibling_discriminating,dax attrition by manager - dashboard,R0086,"{""construction"": ""family topic + facet carried by exactly one sibling"", ""distinguishing_kind"": ""prompt"", ""distinguishing_value"": ""Completed Date On or"", ""sibling_count"": 2}",2.0.0,20260804
Q20397,team leader including Worker,sibling_discriminating,sibling_selection,Medium-Hard,Answerable,1,sibling_discriminating,dax bonus and one-time by manager - monthly,R0752,"{""construction"": ""family topic + facet carried by exactly one sibling"", ""distinguishing_kind"": ""field"", ""distinguishing_value"": ""Worker"", ""sibling_count"": 2}",2.0.0,20260804
Q20398,legal entity including End Date,sibling_discriminating,sibling_selection,Medium-Hard,Answerable,1,sibling_discriminating,dax business process by initiator - copy,R2317,"{""construction"": ""family topic + facet carried by exactly one sibling"", ""distinguishing_kind"": ""field"", ""distinguishing_value"": ""End Date"", ""sibling_count"": 2}",2.0.0,20260804
Q20399,employees including Termination Date,sibling_discriminating,sibling_selection,Medium-Hard,Answerable,1,sibling_discriminating,dax calibration by rating - quarterly,R2471,"{""construction"": ""family topic + facet carried by exactly one sibling"", ""distinguishing_kind"": ""field"", ""distinguishing_value"": ""Termination Date"", ""sibling_count"": 2}",2.0.0,20260804
Q20400,dax comp grade by employee type - dashboard including Review Status,sibling_discriminating,sibling_selection,Medium-Hard,Answerable,1,sibling_discriminating,dax comp grade by employee type - dashboard,R0112,"{""construction"": ""family topic + facet carried by exactly one sibling"", ""distinguishing_kind"": ""field"", ""distinguishing_value"": ""Review Status"", ""sibling_count"": 3}",2.0.0,20260804
Q20401,employing company including Location,sibling_discriminating,sibling_selection,Medium-Hard,Answerable,1,sibling_discriminating,dax compensation review by employee type - ytd,R3699,"{""construction"": ""family topic + facet carried by exactly one sibling"", ""distinguishing_kind"": ""field"", ""distinguishing_value"": ""Location"", ""sibling_count"": 2}",2.0.0,20260804
Q20402,management organization prompted for Include Subordinate,sibling_discriminating,sibling_selection,Medium-Hard,Answerable,1,sibling_discriminating,dax development goals by organization,R1351,"{""construction"": ""family topic + facet carried by exactly one sibling"", ""distinguishing_kind"": ""prompt"", ""distinguishing_value"": ""Include Subordinate"", ""sibling_count"": 2}",2.0.0,20260804
Q20403,onboarded including As of Date,sibling_discriminating,sibling_selection,Medium-Hard,Answerable,1,sibling_discriminating,dax employee assignment by worker type - summary,R2063,"{""construction"": ""family topic + facet carried by exactly one sibling"", ""distinguishing_kind"": ""field"", ""distinguishing_value"": ""As of Date"", ""sibling_count"": 2}",2.0.0,20260804
Q20404,dax employee identifier by region - dashboard including Initiated By,sibling_discriminating,sibling_selection,Medium-Hard,Answerable,1,sibling_discriminating,dax employee identifier by region - dashboard,R3897,"{""construction"": ""family topic + facet carried by exactly one sibling"", ""distinguishing_kind"": ""field"", ""distinguishing_value"": ""Initiated By"", ""sibling_count"": 2}",2.0.0,20260804
Q20405,workplace including Calculated Indicator,sibling_discriminating,sibling_selection,Medium-Hard,Answerable,1,sibling_discriminating,dax employee identifier by region - monthly,R0087,"{""construction"": ""family topic + facet carried by exactly one sibling"", ""distinguishing_kind"": ""field"", ""distinguishing_value"": ""Calculated Indicator"", ""sibling_count"": 2}",2.0.0,20260804
Q20406,people leader including Review Template,sibling_discriminating,sibling_selection,Medium-Hard,Answerable,1,sibling_discriminating,dax goal summary by manager,R0123,"{""construction"": ""family topic + facet carried by exactly one sibling"", ""distinguishing_kind"": ""field"", ""distinguishing_value"": ""Review Template"", ""sibling_count"": 2}",2.0.0,20260804
Q20407,hiring requisition including Location,sibling_discriminating,sibling_selection,Medium-Hard,Answerable,1,sibling_discriminating,dax job requisitions by recruiter,R0512,"{""construction"": ""family topic + facet carried by exactly one sibling"", ""distinguishing_kind"": ""field"", ""distinguishing_value"": ""Location"", ""sibling_count"": 3}",2.0.0,20260804
Q20408,management organization including Completion Date,sibling_discriminating,sibling_selection,Medium-Hard,Answerable,1,sibling_discriminating,dax mobility events by organization - summary,R0196,"{""construction"": ""family topic + facet carried by exactly one sibling"", ""distinguishing_kind"": ""field"", ""distinguishing_value"": ""Completion Date"", ""sibling_count"": 2}",2.0.0,20260804
Q20409,vacancies prompted for End Date,sibling_discriminating,sibling_selection,Medium-Hard,Answerable,1,sibling_discriminating,dax open job requisitions by recruiter - detail,R0985,"{""construction"": ""family topic + facet carried by exactly one sibling"", ""distinguishing_kind"": ""prompt"", ""distinguishing_value"": ""End Date"", ""sibling_count"": 2}",2.0.0,20260804
Q20410,employing company prompted for Include Subordinate,sibling_discriminating,sibling_selection,Medium-Hard,Answerable,1,sibling_discriminating,dax organization hierarchy by location - detail,R1810,"{""construction"": ""family topic + facet carried by exactly one sibling"", ""distinguishing_kind"": ""prompt"", ""distinguishing_value"": ""Include Subordinate"", ""sibling_count"": 2}",2.0.0,20260804
Q20411,vacancy including Created Date,sibling_discriminating,sibling_selection,Medium-Hard,Answerable,1,sibling_discriminating,dax position budget by status - quarterly,R3559,"{""construction"": ""family topic + facet carried by exactly one sibling"", ""distinguishing_kind"": ""field"", ""distinguishing_value"": ""Created Date"", ""sibling_count"": 2}",2.0.0,20260804
Q20412,org including Goal Name,sibling_discriminating,sibling_selection,Medium-Hard,Answerable,1,sibling_discriminating,dax position restrictions by organization - quarterly,R0142,"{""construction"": ""family topic + facet carried by exactly one sibling"", ""distinguishing_kind"": ""field"", ""distinguishing_value"": ""Goal Name"", ""sibling_count"": 5}",2.0.0,20260804
Q20413,workplace including Worker Status,sibling_discriminating,sibling_selection,Medium-Hard,Answerable,1,sibling_discriminating,dax recruiting source by location,R3571,"{""construction"": ""family topic + facet carried by exactly one sibling"", ""distinguishing_kind"": ""field"", ""distinguishing_value"": ""Worker Status"", ""sibling_count"": 2}",2.0.0,20260804
Q20414,dax rescinds by initiator including Assigned To,sibling_discriminating,sibling_selection,Medium-Hard,Answerable,1,sibling_discriminating,dax rescinds by initiator,R1624,"{""construction"": ""family topic + facet carried by exactly one sibling"", ""distinguishing_kind"": ""field"", ""distinguishing_value"": ""Assigned To"", ""sibling_count"": 2}",2.0.0,20260804
Q20415,employing company including Job Family,sibling_discriminating,sibling_selection,Medium-Hard,Answerable,1,sibling_discriminating,dax supervisory position by company - audit,R0545,"{""construction"": ""family topic + facet carried by exactly one sibling"", ""distinguishing_kind"": ""field"", ""distinguishing_value"": ""Job Family"", ""sibling_count"": 2}",2.0.0,20260804
Q20416,pto plan prompted for Effective as of Date,sibling_discriminating,sibling_selection,Medium-Hard,Answerable,1,sibling_discriminating,dax time off requests by country,R1259,"{""construction"": ""family topic + facet carried by exactly one sibling"", ""distinguishing_kind"": ""prompt"", ""distinguishing_value"": ""Effective as of Date"", ""sibling_count"": 2}",2.0.0,20260804
Q20417,where does each employee work including Job Family,sibling_discriminating,sibling_selection,Medium-Hard,Answerable,1,sibling_discriminating,dax vacant positions - quarterly,R1218,"{""construction"": ""family topic + facet carried by exactly one sibling"", ""distinguishing_kind"": ""field"", ""distinguishing_value"": ""Job Family"", ""sibling_count"": 2}",2.0.0,20260804
Q20418,workers including Record Count,sibling_discriminating,sibling_selection,Medium-Hard,Answerable,1,sibling_discriminating,dax worker demographics by worker type - audit,R0774,"{""construction"": ""family topic + facet carried by exactly one sibling"", ""distinguishing_kind"": ""field"", ""distinguishing_value"": ""Record Count"", ""sibling_count"": 3}",2.0.0,20260804
Q20419,where does each employee work including Company,sibling_discriminating,sibling_selection,Medium-Hard,Answerable,1,sibling_discriminating,employee assignment by country - audit,R3879,"{""construction"": ""family topic + facet carried by exactly one sibling"", ""distinguishing_kind"": ""field"", ""distinguishing_value"": ""Company"", ""sibling_count"": 2}",2.0.0,20260804
Q20420,supervisory org including Worker,sibling_discriminating,sibling_selection,Medium-Hard,Answerable,1,sibling_discriminating,employee assignment by organization,R2085,"{""construction"": ""family topic + facet carried by exactly one sibling"", ""distinguishing_kind"": ""field"", ""distinguishing_value"": ""Worker"", ""sibling_count"": 2}",2.0.0,20260804
Q20421,employees prompted for Include Subordinate,sibling_discriminating,sibling_selection,Medium-Hard,Answerable,1,sibling_discriminating,employee contact by region,R1022,"{""construction"": ""family topic + facet carried by exactly one sibling"", ""distinguishing_kind"": ""prompt"", ""distinguishing_value"": ""Include Subordinate"", ""sibling_count"": 2}",2.0.0,20260804
Q20422,employing company including Worker Status,sibling_discriminating,sibling_selection,Medium-Hard,Answerable,1,sibling_discriminating,employee identifier by region - dashboard,R2843,"{""construction"": ""family topic + facet carried by exactly one sibling"", ""distinguishing_kind"": ""field"", ""distinguishing_value"": ""Worker Status"", ""sibling_count"": 2}",2.0.0,20260804
Q20423,employees including Completion Date,sibling_discriminating,sibling_selection,Medium-Hard,Answerable,1,sibling_discriminating,employee profile by organization - audit,R3406,"{""construction"": ""family topic + facet carried by exactly one sibling"", ""distinguishing_kind"": ""field"", ""distinguishing_value"": ""Completion Date"", ""sibling_count"": 3}",2.0.0,20260804
Q20424,legal entity including FTE,sibling_discriminating,sibling_selection,Medium-Hard,Answerable,1,sibling_discriminating,employee status by company - ytd,R3072,"{""construction"": ""family topic + facet carried by exactly one sibling"", ""distinguishing_kind"": ""field"", ""distinguishing_value"": ""FTE"", ""sibling_count"": 3}",2.0.0,20260804
Q20425,staff including Effective Date,sibling_discriminating,sibling_selection,Medium-Hard,Answerable,1,sibling_discriminating,hcm absence calendar,R3215,"{""construction"": ""family topic + facet carried by exactly one sibling"", ""distinguishing_kind"": ""field"", ""distinguishing_value"": ""Effective Date"", ""sibling_count"": 2}",2.0.0,20260804
Q20426,work location from All Active and Terminated,sibling_discriminating,sibling_selection,Medium-Hard,Answerable,1,sibling_discriminating,hcm active employee by location,R2347,"{""construction"": ""family topic + facet carried by exactly one sibling"", ""distinguishing_kind"": ""data_source"", ""distinguishing_value"": ""All Active and Terminated"", ""sibling_count"": 2}",2.0.0,20260804
Q20427,work location including Calculated Indicator,sibling_discriminating,sibling_selection,Medium-Hard,Answerable,1,sibling_discriminating,hcm active employee by location - summary,R1587,"{""construction"": ""family topic + facet carried by exactly one sibling"", ""distinguishing_kind"": ""field"", ""distinguishing_value"": ""Calculated Indicator"", ""sibling_count"": 2}",2.0.0,20260804
Q20428,hcm agency activity by agency including Candidate ID,sibling_discriminating,sibling_selection,Medium-Hard,Answerable,1,sibling_discriminating,hcm agency activity by agency,R2243,"{""construction"": ""family topic + facet carried by exactly one sibling"", ""distinguishing_kind"": ""field"", ""distinguishing_value"": ""Candidate ID"", ""sibling_count"": 3}",2.0.0,20260804
Q20429,employing company including Location,sibling_discriminating,sibling_selection,Medium-Hard,Answerable,1,sibling_discriminating,hcm all positions by organization - quarterly,R2627,"{""construction"": ""family topic + facet carried by exactly one sibling"", ""distinguishing_kind"": ""field"", ""distinguishing_value"": ""Location"", ""sibling_count"": 2}",2.0.0,20260804
Q20430,supervisory org including Earliest Hire Date,sibling_discriminating,sibling_selection,Medium-Hard,Answerable,1,sibling_discriminating,hcm all positions by status - ytd,R0025,"{""construction"": ""family topic + facet carried by exactly one sibling"", ""distinguishing_kind"": ""field"", ""distinguishing_value"": ""Earliest Hire Date"", ""sibling_count"": 2}",2.0.0,20260804
Q20431,employee including Worker Status,sibling_discriminating,sibling_selection,Medium-Hard,Answerable,1,sibling_discriminating,hcm attrition by country,R3039,"{""construction"": ""family topic + facet carried by exactly one sibling"", ""distinguishing_kind"": ""field"", ""distinguishing_value"": ""Worker Status"", ""sibling_count"": 2}",2.0.0,20260804
Q20432,job seekers including Source,sibling_discriminating,sibling_selection,Medium-Hard,Answerable,1,sibling_discriminating,hcm candidate pipeline by job,R0038,"{""construction"": ""family topic + facet carried by exactly one sibling"", ""distinguishing_kind"": ""field"", ""distinguishing_value"": ""Source"", ""sibling_count"": 2}",2.0.0,20260804
Q20433,where does each employee work including Legal Name,sibling_discriminating,sibling_selection,Medium-Hard,Answerable,1,sibling_discriminating,hcm candidate status by location - historical,R2990,"{""construction"": ""family topic + facet carried by exactly one sibling"", ""distinguishing_kind"": ""field"", ""distinguishing_value"": ""Legal Name"", ""sibling_count"": 2}",2.0.0,20260804
Q20434,legal entity including Organization Status,sibling_discriminating,sibling_selection,Medium-Hard,Answerable,1,sibling_discriminating,hcm company structure by type - monthly,R0234,"{""construction"": ""family topic + facet carried by exactly one sibling"", ""distinguishing_kind"": ""field"", ""distinguishing_value"": ""Organization Status"", ""sibling_count"": 3}",2.0.0,20260804
Q20435,hcm compensation actuals by plan - audit as a Advanced report,sibling_discriminating,sibling_selection,Medium-Hard,Answerable,1,sibling_discriminating,hcm compensation actuals by plan - audit,R1370,"{""construction"": ""family topic + facet carried by exactly one sibling"", ""distinguishing_kind"": ""report_type"", ""distinguishing_value"": ""Advanced"", ""sibling_count"": 2}",2.0.0,20260804
Q20436,hcm compensation plan setup by grade including Started Date,sibling_discriminating,sibling_selection,Medium-Hard,Answerable,1,sibling_discriminating,hcm compensation plan setup by grade,R3083,"{""construction"": ""family topic + facet carried by exactly one sibling"", ""distinguishing_kind"": ""field"", ""distinguishing_value"": ""Started Date"", ""sibling_count"": 2}",2.0.0,20260804
Q20437,hcm completed steps including Business Object,sibling_discriminating,sibling_selection,Medium-Hard,Answerable,1,sibling_discriminating,hcm completed steps,R2130,"{""construction"": ""family topic + facet carried by exactly one sibling"", ""distinguishing_kind"": ""field"", ""distinguishing_value"": ""Business Object"", ""sibling_count"": 2}",2.0.0,20260804
Q20438,hcm completed steps - detail including Percentage of Total,sibling_discriminating,sibling_selection,Medium-Hard,Answerable,1,sibling_discriminating,hcm completed steps - detail,R2071,"{""construction"": ""family topic + facet carried by exactly one sibling"", ""distinguishing_kind"": ""field"", ""distinguishing_value"": ""Percentage of Total"", ""sibling_count"": 2}",2.0.0,20260804
Q20439,supervisory org including Measure Value,sibling_discriminating,sibling_selection,Medium-Hard,Answerable,1,sibling_discriminating,hcm completed steps by organization - historical,R0380,"{""construction"": ""family topic + facet carried by exactly one sibling"", ""distinguishing_kind"": ""field"", ""distinguishing_value"": ""Measure Value"", ""sibling_count"": 2}",2.0.0,20260804
Q20440,people leader as a Matrix report,sibling_discriminating,sibling_selection,Medium-Hard,Answerable,1,sibling_discriminating,hcm employee identifier by manager - ytd,R1814,"{""construction"": ""family topic + facet carried by exactly one sibling"", ""distinguishing_kind"": ""report_type"", ""distinguishing_value"": ""Matrix"", ""sibling_count"": 3}",2.0.0,20260804
Q20441,hcm employee identifier by worker type - summary including Age Band,sibling_discriminating,sibling_selection,Medium-Hard,Answerable,1,sibling_discriminating,hcm employee identifier by worker type - summary,R3093,"{""construction"": ""family topic + facet carried by exactly one sibling"", ""distinguishing_kind"": ""field"", ""distinguishing_value"": ""Age Band"", ""sibling_count"": 2}",2.0.0,20260804
Q20442,where does each employee work including Effective Date,sibling_discriminating,sibling_selection,Medium-Hard,Answerable,1,sibling_discriminating,hcm employee profile by organization,R0518,"{""construction"": ""family topic + facet carried by exactly one sibling"", ""distinguishing_kind"": ""field"", ""distinguishing_value"": ""Effective Date"", ""sibling_count"": 2}",2.0.0,20260804
Q20443,hcm employee profile by region - detail v4 including Company,sibling_discriminating,sibling_selection,Medium-Hard,Answerable,1,sibling_discriminating,hcm employee profile by region - detail v4,R0976,"{""construction"": ""family topic + facet carried by exactly one sibling"", ""distinguishing_kind"": ""field"", ""distinguishing_value"": ""Company"", ""sibling_count"": 3}",2.0.0,20260804
Q20444,where does each employee work including Calculated Indicator,sibling_discriminating,sibling_selection,Medium-Hard,Answerable,1,sibling_discriminating,hcm employee status by location - dashboard,R1319,"{""construction"": ""family topic + facet carried by exactly one sibling"", ""distinguishing_kind"": ""field"", ""distinguishing_value"": ""Calculated Indicator"", ""sibling_count"": 2}",2.0.0,20260804
Q20445,people including Compensation Grade,sibling_discriminating,sibling_selection,Medium-Hard,Answerable,1,sibling_discriminating,hcm employee status by region,R0685,"{""construction"": ""family topic + facet carried by exactly one sibling"", ""distinguishing_kind"": ""field"", ""distinguishing_value"": ""Compensation Grade"", ""sibling_count"": 3}",2.0.0,20260804
Q20446,supervisory team including Effective Date,sibling_discriminating,sibling_selection,Medium-Hard,Answerable,1,sibling_discriminating,hcm goal summary by organization - quarterly,R3212,"{""construction"": ""family topic + facet carried by exactly one sibling"", ""distinguishing_kind"": ""field"", ""distinguishing_value"": ""Effective Date"", ""sibling_count"": 2}",2.0.0,20260804
Q20447,recent joiners including Worker Status,sibling_discriminating,sibling_selection,Medium-Hard,Answerable,1,sibling_discriminating,hcm hire detail by country - historical,R2206,"{""construction"": ""family topic + facet carried by exactly one sibling"", ""distinguishing_kind"": ""field"", ""distinguishing_value"": ""Worker Status"", ""sibling_count"": 2}",2.0.0,20260804
Q20448,employing company including Job Family,sibling_discriminating,sibling_selection,Medium-Hard,Answerable,1,sibling_discriminating,hcm job profile by company,R1434,"{""construction"": ""family topic + facet carried by exactly one sibling"", ""distinguishing_kind"": ""field"", ""distinguishing_value"": ""Job Family"", ""sibling_count"": 3}",2.0.0,20260804
Q20449,vacancies including Source Report,sibling_discriminating,sibling_selection,Medium-Hard,Answerable,1,sibling_discriminating,hcm job profile by job family,R0844,"{""construction"": ""family topic + facet carried by exactly one sibling"", ""distinguishing_kind"": ""field"", ""distinguishing_value"": ""Source Report"", ""sibling_count"": 2}",2.0.0,20260804
Q20450,work location including Measure Value,sibling_discriminating,sibling_selection,Medium-Hard,Answerable,1,sibling_discriminating,hcm job requisitions by status - historical,R0597,"{""construction"": ""family topic + facet carried by exactly one sibling"", ""distinguishing_kind"": ""field"", ""distinguishing_value"": ""Measure Value"", ""sibling_count"": 2}",2.0.0,20260804
Q20451,help me understand employing company,vague_outcome,vague; business_outcome; zero_title_overlap,Hard,Answerable,1,vague_outcome,worker demographics by organization (3),R0984,"{""construction"": ""lexicon phrase -> emitted fields -> carrying report"", ""emitted_canonicals"": [""Company""], ""lexicon_rule"": ""location.company"", ""phrase"": ""employing company""}",2.0.0,20260804
Q20452,help me understand org,vague_outcome,vague; business_outcome; zero_title_overlap,Hard,Answerable,1,vague_outcome,hcm worker trend by country - monthly,R0485,"{""construction"": ""lexicon phrase -> emitted fields -> carrying report"", ""emitted_canonicals"": [""Supervisory Organization""], ""lexicon_rule"": ""org.grouped_by_org"", ""phrase"": ""org""}",2.0.0,20260804
Q20453,can you show me something about deductions,vague_outcome,vague; business_outcome; zero_title_overlap,Hard,Answerable,1,vague_outcome,axis - payment election by period,R3586,"{""construction"": ""lexicon phrase -> emitted fields -> carrying report"", ""emitted_canonicals"": [""Deductions""], ""lexicon_rule"": ""core.deductions"", ""phrase"": ""deductions""}",2.0.0,20260804
Q20454,help me understand bosses,vague_outcome,vague; business_outcome; zero_title_overlap,Hard,Answerable,1,vague_outcome,axis - employee status by country - summary,R0574,"{""construction"": ""lexicon phrase -> emitted fields -> carrying report"", ""emitted_canonicals"": [""Manager""], ""lexicon_rule"": ""core.manager.boss"", ""phrase"": ""bosses""}",2.0.0,20260804
Q20455,i need to get a handle on open role,vague_outcome,vague; business_outcome; zero_title_overlap,Hard,Answerable,1,vague_outcome,position budget by location,R2100,"{""construction"": ""lexicon phrase -> emitted fields -> carrying report"", ""emitted_canonicals"": [""Filled Indicator"", ""Job Requisition"", ""Position Status""], ""lexicon_rule"": ""recruiting.requisition"", ""phrase"": ""open role""}",2.0.0,20260804
Q20456,i need to get a handle on talent review,vague_outcome,vague; business_outcome; zero_title_overlap,Hard,Answerable,1,vague_outcome,company structure by type - ytd,R2633,"{""construction"": ""lexicon phrase -> emitted fields -> carrying report"", ""emitted_canonicals"": [""Performance Rating""], ""lexicon_rule"": ""performance.review"", ""phrase"": ""talent review""}",2.0.0,20260804
Q20457,we are worried about workers,vague_outcome,vague; business_outcome; zero_title_overlap,Hard,Answerable,1,vague_outcome,axis - historical workforce by region - summary,R0313,"{""construction"": ""lexicon phrase -> emitted fields -> carrying report"", ""emitted_canonicals"": [""Worker""], ""lexicon_rule"": ""worker.people"", ""phrase"": ""workers""}",2.0.0,20260804
Q20458,we are worried about requisition cycle time,vague_outcome,vague; business_outcome; zero_title_overlap,Hard,Answerable,1,vague_outcome,axis - candidate pipeline by candidate stage,R0381,"{""construction"": ""lexicon phrase -> emitted fields -> carrying report"", ""emitted_canonicals"": [""Time to Fill""], ""lexicon_rule"": ""recruiting.time_to_fill"", ""phrase"": ""requisition cycle time""}",2.0.0,20260804
Q20459,what is going on with pay after taxes,vague_outcome,vague; business_outcome; zero_title_overlap,Hard,Answerable,1,vague_outcome,axis - compensation review - ytd,R2440,"{""construction"": ""lexicon phrase -> emitted fields -> carrying report"", ""emitted_canonicals"": [""Net Pay""], ""lexicon_rule"": ""core.net_pay"", ""phrase"": ""pay after taxes""}",2.0.0,20260804
Q20460,can you show me something about exit details,vague_outcome,vague; business_outcome; zero_title_overlap,Hard,Answerable,1,vague_outcome,axis - terminations by region - quarterly,R0524,"{""construction"": ""lexicon phrase -> emitted fields -> carrying report"", ""emitted_canonicals"": [""Termination Count"", ""Termination Date"", ""Termination Reason"", ""Termination Type""], ""lexicon_rule"": ""term.termination_detail"", ""phrase"": ""exit details""}",2.0.0,20260804
Q20461,i need to get a handle on org,vague_outcome,vague; business_outcome; zero_title_overlap,Hard,Answerable,1,vague_outcome,axis - goal summary by manager,R1423,"{""construction"": ""lexicon phrase -> emitted fields -> carrying report"", ""emitted_canonicals"": [""Supervisory Organization""], ""lexicon_rule"": ""org.grouped_by_org"", ""phrase"": ""org""}",2.0.0,20260804
Q20462,why are we employee appraisal,vague_outcome,vague; business_outcome; zero_title_overlap,Hard,Answerable,1,vague_outcome,osv-performance review by manager - dashboard,R2548,"{""construction"": ""lexicon phrase -> emitted fields -> carrying report"", ""emitted_canonicals"": [""Performance Rating""], ""lexicon_rule"": ""performance.review"", ""phrase"": ""employee appraisal""}",2.0.0,20260804
Q20463,we are worried about expected return,vague_outcome,vague; business_outcome; zero_title_overlap,Hard,Answerable,1,vague_outcome,axis - time off requests - detail,R2381,"{""construction"": ""lexicon phrase -> emitted fields -> carrying report"", ""emitted_canonicals"": [""Return Date""], ""lexicon_rule"": ""absence.return"", ""phrase"": ""expected return""}",2.0.0,20260804
Q20464,help me understand legal entity,vague_outcome,vague; business_outcome; zero_title_overlap,Hard,Answerable,1,vague_outcome,dax terminations - historical,R2636,"{""construction"": ""lexicon phrase -> emitted fields -> carrying report"", ""emitted_canonicals"": [""Company""], ""lexicon_rule"": ""location.company"", ""phrase"": ""legal entity""}",2.0.0,20260804
Q20465,help me understand range middle,vague_outcome,vague; business_outcome; zero_title_overlap,Hard,Answerable,1,vague_outcome,employee status by company - ytd,R3647,"{""construction"": ""lexicon phrase -> emitted fields -> carrying report"", ""emitted_canonicals"": [""Range Midpoint""], ""lexicon_rule"": ""salary_ranges.midpoint"", ""phrase"": ""range middle""}",2.0.0,20260804
Q20466,why are we deduction,vague_outcome,vague; business_outcome; zero_title_overlap,Hard,Answerable,1,vague_outcome,axis - earnings and deductions by company - detail,R3023,"{""construction"": ""lexicon phrase -> emitted fields -> carrying report"", ""emitted_canonicals"": [""Deductions""], ""lexicon_rule"": ""core.deductions"", ""phrase"": ""deduction""}",2.0.0,20260804
Q20467,what is going on with successors,vague_outcome,vague; business_outcome; zero_title_overlap,Hard,Answerable,1,vague_outcome,talent matrix by organization - ytd,R1649,"{""construction"": ""lexicon phrase -> emitted fields -> carrying report"", ""emitted_canonicals"": [""Succession Candidate"", ""Succession Plan"", ""Succession Readiness""], ""lexicon_rule"": ""succession.replacement"", ""phrase"": ""successors""}",2.0.0,20260804
Q20468,we are worried about training assignment,vague_outcome,vague; business_outcome; zero_title_overlap,Hard,Answerable,1,vague_outcome,hcm learning completion by content - audit,R0943,"{""construction"": ""lexicon phrase -> emitted fields -> carrying report"", ""emitted_canonicals"": [""Learner"", ""Learning Assignment""], ""lexicon_rule"": ""learning.training"", ""phrase"": ""training assignment""}",2.0.0,20260804
Q20469,why are we workforce attrition,vague_outcome,vague; business_outcome; zero_title_overlap,Hard,Answerable,1,vague_outcome,axis - turnover by business unit - summary,R1678,"{""construction"": ""lexicon phrase -> emitted fields -> carrying report"", ""emitted_canonicals"": [""Average Headcount"", ""Termination Count"", ""Turnover Rate""], ""lexicon_rule"": ""term.turnover_rate"", ""phrase"": ""workforce attrition""}",2.0.0,20260804
Q20470,we are worried about gross earnings,vague_outcome,vague; business_outcome; zero_title_overlap,Hard,Answerable,1,vague_outcome,axis - compensation review - ytd,R2440,"{""construction"": ""lexicon phrase -> emitted fields -> carrying report"", ""emitted_canonicals"": [""Gross Pay""], ""lexicon_rule"": ""comp.gross"", ""phrase"": ""gross earnings""}",2.0.0,20260804
Q20471,help me understand previous department,vague_outcome,vague; business_outcome; zero_title_overlap,Hard,Answerable,1,vague_outcome,cr_termination detail by country - monthly,R0722,"{""construction"": ""lexicon phrase -> emitted fields -> carrying report"", ""emitted_canonicals"": [""Previous Organization""], ""lexicon_rule"": ""mobility.previous_org"", ""phrase"": ""previous department""}",2.0.0,20260804
Q20472,what is going on with candidate application,vague_outcome,vague; business_outcome; zero_title_overlap,Hard,Answerable,1,vague_outcome,job posting by job - summary,R1869,"{""construction"": ""lexicon phrase -> emitted fields -> carrying report"", ""emitted_canonicals"": [""Application Date"", ""Application Stage"", ""Application Status""], ""lexicon_rule"": ""recruiting.application"", ""phrase"": ""candidate application""}",2.0.0,20260804
Q20473,why are we gross earnings,vague_outcome,vague; business_outcome; zero_title_overlap,Hard,Answerable,1,vague_outcome,axis - payment election by worker - dashboard,R1381,"{""construction"": ""lexicon phrase -> emitted fields -> carrying report"", ""emitted_canonicals"": [""Gross Pay""], ""lexicon_rule"": ""comp.gross"", ""phrase"": ""gross earnings""}",2.0.0,20260804
Q20474,can you show me something about who could replace,vague_outcome,vague; business_outcome; zero_title_overlap,Hard,Answerable,1,vague_outcome,hcm succession plan by manager,R3004,"{""construction"": ""lexicon phrase -> emitted fields -> carrying report"", ""emitted_canonicals"": [""Succession Candidate"", ""Succession Plan"", ""Succession Readiness""], ""lexicon_rule"": ""succession.replacement"", ""phrase"": ""who could replace""}",2.0.0,20260804
Q20475,we are worried about leave plan,vague_outcome,vague; business_outcome; zero_title_overlap,Hard,Answerable,1,vague_outcome,axis - time off requests by organization - dashboard,R3043,"{""construction"": ""lexicon phrase -> emitted fields -> carrying report"", ""emitted_canonicals"": [""Time Off Plan""], ""lexicon_rule"": ""absence.plan"", ""phrase"": ""leave plan""}",2.0.0,20260804
Q20476,we are worried about churn rate,vague_outcome,vague; business_outcome; zero_title_overlap,Hard,Answerable,1,vague_outcome,axis - turnover by business unit,R3451,"{""construction"": ""lexicon phrase -> emitted fields -> carrying report"", ""emitted_canonicals"": [""Average Headcount"", ""Termination Count"", ""Turnover Rate""], ""lexicon_rule"": ""term.turnover_rate"", ""phrase"": ""churn rate""}",2.0.0,20260804
Q20477,i need to get a handle on application step,vague_outcome,vague; business_outcome; zero_title_overlap,Hard,Answerable,1,vague_outcome,axis - goal progress by rating - dashboard,R3386,"{""construction"": ""lexicon phrase -> emitted fields -> carrying report"", ""emitted_canonicals"": [""Application Stage""], ""lexicon_rule"": ""recruiting.stage"", ""phrase"": ""application step""}",2.0.0,20260804
Q20478,can you show me something about termination details,vague_outcome,vague; business_outcome; zero_title_overlap,Hard,Answerable,1,vague_outcome,axis - terminations by region - quarterly,R0524,"{""construction"": ""lexicon phrase -> emitted fields -> carrying report"", ""emitted_canonicals"": [""Termination Count"", ""Termination Date"", ""Termination Reason"", ""Termination Type""], ""lexicon_rule"": ""term.termination_detail"", ""phrase"": ""termination details""}",2.0.0,20260804
Q20479,why are we organization,vague_outcome,vague; business_outcome; zero_title_overlap,Hard,Answerable,1,vague_outcome,hcm manager hierarchy - summary,R2428,"{""construction"": ""lexicon phrase -> emitted fields -> carrying report"", ""emitted_canonicals"": [""Supervisory Organization""], ""lexicon_rule"": ""org.grouped_by_org"", ""phrase"": ""organization""}",2.0.0,20260804
Q20480,why are we people leaving,vague_outcome,vague; business_outcome; zero_title_overlap,Hard,Answerable,1,vague_outcome,terminations by country - current,R3664,"{""construction"": ""lexicon phrase -> emitted fields -> carrying report"", ""emitted_canonicals"": [""Termination Date"", ""Termination Reason""], ""lexicon_rule"": ""term.people_left"", ""phrase"": ""people leaving""}",2.0.0,20260804
Q20481,help me understand old organization,vague_outcome,vague; business_outcome; zero_title_overlap,Hard,Answerable,1,vague_outcome,cr_mobility events by worker type,R1385,"{""construction"": ""lexicon phrase -> emitted fields -> carrying report"", ""emitted_canonicals"": [""Previous Organization""], ""lexicon_rule"": ""mobility.previous_org"", ""phrase"": ""old organization""}",2.0.0,20260804
Q20482,can you show me something about gross earnings,vague_outcome,vague; business_outcome; zero_title_overlap,Hard,Answerable,1,vague_outcome,axis - payroll register by worker - monthly,R0205,"{""construction"": ""lexicon phrase -> emitted fields -> carrying report"", ""emitted_canonicals"": [""Gross Pay""], ""lexicon_rule"": ""comp.gross"", ""phrase"": ""gross earnings""}",2.0.0,20260804
Q20483,why are we resigned,vague_outcome,vague; business_outcome; zero_title_overlap,Hard,Answerable,1,vague_outcome,hcm new hires - audit,R2034,"{""construction"": ""lexicon phrase -> emitted fields -> carrying report"", ""emitted_canonicals"": [""Termination Reason"", ""Termination Type""], ""lexicon_rule"": ""term.voluntary_exit"", ""phrase"": ""resigned""}",2.0.0,20260804
Q20484,what is going on with coverage window,vague_outcome,vague; business_outcome; zero_title_overlap,Hard,Answerable,1,vague_outcome,axis - benefit dependents by company,R0915,"{""construction"": ""lexicon phrase -> emitted fields -> carrying report"", ""emitted_canonicals"": [""Coverage Begin Date"", ""Coverage End Date""], ""lexicon_rule"": ""benefits.coverage_dates"", ""phrase"": ""coverage window""}",2.0.0,20260804
Q20485,i need to get a handle on coverage dates,vague_outcome,vague; business_outcome; zero_title_overlap,Hard,Answerable,1,vague_outcome,axis - benefit enrollment by company - current,R1884,"{""construction"": ""lexicon phrase -> emitted fields -> carrying report"", ""emitted_canonicals"": [""Coverage Begin Date"", ""Coverage End Date""], ""lexicon_rule"": ""benefits.coverage_dates"", ""phrase"": ""coverage dates""}",2.0.0,20260804
Q20486,i need to get a handle on number of employees,vague_outcome,vague; business_outcome; zero_title_overlap,Hard,Answerable,1,vague_outcome,osv-headcount by manager - quarterly,R1216,"{""construction"": ""lexicon phrase -> emitted fields -> carrying report"", ""emitted_canonicals"": [""Headcount""], ""lexicon_rule"": ""core.headcount.team_size"", ""phrase"": ""number of employees""}",2.0.0,20260804
Q20487,can you show me something about organization,vague_outcome,vague; business_outcome; zero_title_overlap,Hard,Answerable,1,vague_outcome,learning content by learner,R1281,"{""construction"": ""lexicon phrase -> emitted fields -> carrying report"", ""emitted_canonicals"": [""Supervisory Organization""], ""lexicon_rule"": ""org.grouped_by_org"", ""phrase"": ""organization""}",2.0.0,20260804
Q20488,what is going on with courses assigned,vague_outcome,vague; business_outcome; zero_title_overlap,Hard,Answerable,1,vague_outcome,axis - upcoming learning by content - monthly,R3882,"{""construction"": ""lexicon phrase -> emitted fields -> carrying report"", ""emitted_canonicals"": [""Learner"", ""Learning Assignment""], ""lexicon_rule"": ""learning.training"", ""phrase"": ""courses assigned""}",2.0.0,20260804
Q20489,can you show me something about bench strength,vague_outcome,vague; business_outcome; zero_title_overlap,Hard,Answerable,1,vague_outcome,hcm succession plan by manager,R3004,"{""construction"": ""lexicon phrase -> emitted fields -> carrying report"", ""emitted_canonicals"": [""Succession Candidate"", ""Succession Plan"", ""Succession Readiness""], ""lexicon_rule"": ""succession.readiness"", ""phrase"": ""bench strength""}",2.0.0,20260804
Q20490,what is going on with workforce attrition,vague_outcome,vague; business_outcome; zero_title_overlap,Hard,Answerable,1,vague_outcome,axis - turnover by manager - current,R2854,"{""construction"": ""lexicon phrase -> emitted fields -> carrying report"", ""emitted_canonicals"": [""Average Headcount"", ""Termination Count"", ""Turnover Rate""], ""lexicon_rule"": ""term.turnover_rate"", ""phrase"": ""workforce attrition""}",2.0.0,20260804
Q20491,can you show me something about yearly compensation,vague_outcome,vague; business_outcome; zero_title_overlap,Hard,Answerable,1,vague_outcome,axis - allowance by company - ytd v2,R3812,"{""construction"": ""lexicon phrase -> emitted fields -> carrying report"", ""emitted_canonicals"": [""Annualized Amount""], ""lexicon_rule"": ""worker.annualized_pay"", ""phrase"": ""yearly compensation""}",2.0.0,20260804
Q20492,what is going on with employee rating,vague_outcome,vague; business_outcome; zero_title_overlap,Hard,Answerable,1,vague_outcome,axis - performance review by manager,R1888,"{""construction"": ""lexicon phrase -> emitted fields -> carrying report"", ""emitted_canonicals"": [""Performance Rating""], ""lexicon_rule"": ""performance.score"", ""phrase"": ""employee rating""}",2.0.0,20260804
Q20493,i need to get a handle on paycheck cycle,vague_outcome,vague; business_outcome; zero_title_overlap,Hard,Answerable,1,vague_outcome,axis - payment election by period - monthly,R0214,"{""construction"": ""lexicon phrase -> emitted fields -> carrying report"", ""emitted_canonicals"": [""Pay Period""], ""lexicon_rule"": ""payroll.period"", ""phrase"": ""paycheck cycle""}",2.0.0,20260804
Q20494,help me understand net paycheck,vague_outcome,vague; business_outcome; zero_title_overlap,Hard,Answerable,1,vague_outcome,cr_payment election by earning - audit,R0173,"{""construction"": ""lexicon phrase -> emitted fields -> carrying report"", ""emitted_canonicals"": [""Net Pay""], ""lexicon_rule"": ""payroll.take_home"", ""phrase"": ""net paycheck""}",2.0.0,20260804
Q20495,i need to get a handle on after tax pay,vague_outcome,vague; business_outcome; zero_title_overlap,Hard,Answerable,1,vague_outcome,axis - payment election by earning - detail,R1037,"{""construction"": ""lexicon phrase -> emitted fields -> carrying report"", ""emitted_canonicals"": [""Net Pay""], ""lexicon_rule"": ""payroll.take_home"", ""phrase"": ""after tax pay""}",2.0.0,20260804
Q20496,why are we legal entity,vague_outcome,vague; business_outcome; zero_title_overlap,Hard,Answerable,1,vague_outcome,cr_job profile by job family,R1180,"{""construction"": ""lexicon phrase -> emitted fields -> carrying report"", ""emitted_canonicals"": [""Company""], ""lexicon_rule"": ""location.company"", ""phrase"": ""legal entity""}",2.0.0,20260804
Q20497,why are we start date,vague_outcome,vague; business_outcome; zero_title_overlap,Hard,Answerable,1,vague_outcome,axis - attrition by country - ytd,R1032,"{""construction"": ""lexicon phrase -> emitted fields -> carrying report"", ""emitted_canonicals"": [""Hire Date""], ""lexicon_rule"": ""worker.hire_start_date"", ""phrase"": ""start date""}",2.0.0,20260804
Q20498,can you show me something about gross earnings,vague_outcome,vague; business_outcome; zero_title_overlap,Hard,Answerable,1,vague_outcome,payroll inputs by pay group - audit,R2969,"{""construction"": ""lexicon phrase -> emitted fields -> carrying report"", ""emitted_canonicals"": [""Gross Pay""], ""lexicon_rule"": ""comp.gross"", ""phrase"": ""gross earnings""}",2.0.0,20260804
Q20499,we are worried about termination details,vague_outcome,vague; business_outcome; zero_title_overlap,Hard,Answerable,1,vague_outcome,axis - terminations by region - quarterly,R0524,"{""construction"": ""lexicon phrase -> emitted fields -> carrying report"", ""emitted_canonicals"": [""Termination Count"", ""Termination Date"", ""Termination Reason"", ""Termination Type""], ""lexicon_rule"": ""term.termination_detail"", ""phrase"": ""termination details""}",2.0.0,20260804
Q20500,help me understand fixed pay,vague_outcome,vague; business_outcome; zero_title_overlap,Hard,Answerable,1,vague_outcome,axis - compensation review by region - summary,R0887,"{""construction"": ""lexicon phrase -> emitted fields -> carrying report"", ""emitted_canonicals"": [""Base Pay""], ""lexicon_rule"": ""comp.salary"", ""phrase"": ""fixed pay""}",2.0.0,20260804
Q20501,we are worried about churn rate,vague_outcome,vague; business_outcome; zero_title_overlap,Hard,Answerable,1,vague_outcome,axis - turnover by business unit,R0463,"{""construction"": ""lexicon phrase -> emitted fields -> carrying report"", ""emitted_canonicals"": [""Average Headcount"", ""Termination Count"", ""Turnover Rate""], ""lexicon_rule"": ""term.turnover_rate"", ""phrase"": ""churn rate""}",2.0.0,20260804
Q20502,help me understand prior boss,vague_outcome,vague; business_outcome; zero_title_overlap,Hard,Answerable,1,vague_outcome,dax terminations by event (5),R2933,"{""construction"": ""lexicon phrase -> emitted fields -> carrying report"", ""emitted_canonicals"": [""Previous Manager""], ""lexicon_rule"": ""mobility.previous_manager"", ""phrase"": ""prior boss""}",2.0.0,20260804
Q20503,why are we boss,vague_outcome,vague; business_outcome; zero_title_overlap,Hard,Answerable,1,vague_outcome,osv-employee movement by region,R0023,"{""construction"": ""lexicon phrase -> emitted fields -> carrying report"", ""emitted_canonicals"": [""Manager""], ""lexicon_rule"": ""core.manager.boss"", ""phrase"": ""boss""}",2.0.0,20260804
Q20504,help me understand market midpoint,vague_outcome,vague; business_outcome; zero_title_overlap,Hard,Answerable,1,vague_outcome,axis - worker location by location - current,R1600,"{""construction"": ""lexicon phrase -> emitted fields -> carrying report"", ""emitted_canonicals"": [""Range Midpoint""], ""lexicon_rule"": ""salary_ranges.midpoint"", ""phrase"": ""market midpoint""}",2.0.0,20260804
Q20505,can you show me something about workplace,vague_outcome,vague; business_outcome; zero_title_overlap,Hard,Answerable,1,vague_outcome,axis - agency activity by agency,R1699,"{""construction"": ""lexicon phrase -> emitted fields -> carrying report"", ""emitted_canonicals"": [""Location""], ""lexicon_rule"": ""core.location.workplace"", ""phrase"": ""workplace""}",2.0.0,20260804
Q20506,can you show me something about boss,vague_outcome,vague; business_outcome; zero_title_overlap,Hard,Answerable,1,vague_outcome,osv-learning enrollment by learner - monthly,R1225,"{""construction"": ""lexicon phrase -> emitted fields -> carrying report"", ""emitted_canonicals"": [""Manager""], ""lexicon_rule"": ""core.manager.boss"", ""phrase"": ""boss""}",2.0.0,20260804
Q20507,help me understand how big is each team,vague_outcome,vague; business_outcome; zero_title_overlap,Hard,Answerable,1,vague_outcome,axis - headcount by quarter,R0246,"{""construction"": ""lexicon phrase -> emitted fields -> carrying report"", ""emitted_canonicals"": [""Headcount""], ""lexicon_rule"": ""core.headcount.team_size"", ""phrase"": ""how big is each team""}",2.0.0,20260804
Q20508,can you show me something about absence type,vague_outcome,vague; business_outcome; zero_title_overlap,Hard,Answerable,1,vague_outcome,axis - leave details by country - ytd,R2065,"{""construction"": ""lexicon phrase -> emitted fields -> carrying report"", ""emitted_canonicals"": [""Leave Type"", ""Time Off Type""], ""lexicon_rule"": ""absence.type"", ""phrase"": ""absence type""}",2.0.0,20260804
Q20509,i need to get a handle on separation details,vague_outcome,vague; business_outcome; zero_title_overlap,Hard,Answerable,1,vague_outcome,axis - terminations by region - quarterly,R0524,"{""construction"": ""lexicon phrase -> emitted fields -> carrying report"", ""emitted_canonicals"": [""Termination Count"", ""Termination Date"", ""Termination Reason"", ""Termination Type""], ""lexicon_rule"": ""term.termination_detail"", ""phrase"": ""separation details""}",2.0.0,20260804
Q20510,can you show me something about requisition cycle time,vague_outcome,vague; business_outcome; zero_title_overlap,Hard,Answerable,1,vague_outcome,hcm recruiter activity by source,R0959,"{""construction"": ""lexicon phrase -> emitted fields -> carrying report"", ""emitted_canonicals"": [""Time to Fill""], ""lexicon_rule"": ""recruiting.time_to_fill"", ""phrase"": ""requisition cycle time""}",2.0.0,20260804
Q20511,why are we former boss,vague_outcome,vague; business_outcome; zero_title_overlap,Hard,Answerable,1,vague_outcome,hcm new hires by event - dashboard,R3347,"{""construction"": ""lexicon phrase -> emitted fields -> carrying report"", ""emitted_canonicals"": [""Previous Manager""], ""lexicon_rule"": ""mobility.previous_manager"", ""phrase"": ""former boss""}",2.0.0,20260804
Q20512,what is going on with paycheck cycle,vague_outcome,vague; business_outcome; zero_title_overlap,Hard,Answerable,1,vague_outcome,hcm pay calculation by company,R3161,"{""construction"": ""lexicon phrase -> emitted fields -> carrying report"", ""emitted_canonicals"": [""Pay Period""], ""lexicon_rule"": ""payroll.period"", ""phrase"": ""paycheck cycle""}",2.0.0,20260804
Q20513,why are we vacancy,vague_outcome,vague; business_outcome; zero_title_overlap,Hard,Answerable,1,vague_outcome,job family by recruiter - quarterly,R1551,"{""construction"": ""lexicon phrase -> emitted fields -> carrying report"", ""emitted_canonicals"": [""Filled Indicator"", ""Job Requisition"", ""Position Status""], ""lexicon_rule"": ""recruiting.requisition"", ""phrase"": ""vacancy""}",2.0.0,20260804
Q20514,help me understand training overdue,vague_outcome,vague; business_outcome; zero_title_overlap,Hard,Answerable,1,vague_outcome,hcm learning audit by learner,R3872,"{""construction"": ""lexicon phrase -> emitted fields -> carrying report"", ""emitted_canonicals"": [""Completion Status"", ""Due Date""], ""lexicon_rule"": ""learning.overdue"", ""phrase"": ""training overdue""}",2.0.0,20260804
Q20515,i need to get a handle on start date,vague_outcome,vague; business_outcome; zero_title_overlap,Hard,Answerable,1,vague_outcome,worker roster - summary,R0615,"{""construction"": ""lexicon phrase -> emitted fields -> carrying report"", ""emitted_canonicals"": [""Hire Date""], ""lexicon_rule"": ""worker.hire_start_date"", ""phrase"": ""start date""}",2.0.0,20260804
Q20516,help me understand payroll period,vague_outcome,vague; business_outcome; zero_title_overlap,Hard,Answerable,1,vague_outcome,axis - compensation statement by region - quarterly,R0226,"{""construction"": ""lexicon phrase -> emitted fields -> carrying report"", ""emitted_canonicals"": [""Pay Period""], ""lexicon_rule"": ""core.pay_period"", ""phrase"": ""payroll period""}",2.0.0,20260804
Q20517,can you show me something about deduction,vague_outcome,vague; business_outcome; zero_title_overlap,Hard,Answerable,1,vague_outcome,axis - earnings and deductions by earning v4,R1346,"{""construction"": ""lexicon phrase -> emitted fields -> carrying report"", ""emitted_canonicals"": [""Deductions""], ""lexicon_rule"": ""core.deductions"", ""phrase"": ""deduction""}",2.0.0,20260804
Q20518,can you show me something about recruiting stage,vague_outcome,vague; business_outcome; zero_title_overlap,Hard,Answerable,1,vague_outcome,dax open job requisitions by job - current,R1741,"{""construction"": ""lexicon phrase -> emitted fields -> carrying report"", ""emitted_canonicals"": [""Application Stage""], ""lexicon_rule"": ""recruiting.stage"", ""phrase"": ""recruiting stage""}",2.0.0,20260804
Q20519,what is going on with recruiting stage,vague_outcome,vague; business_outcome; zero_title_overlap,Hard,Answerable,1,vague_outcome,hcm candidate pipeline by location - quarterly,R3389,"{""construction"": ""lexicon phrase -> emitted fields -> carrying report"", ""emitted_canonicals"": [""Application Stage""], ""lexicon_rule"": ""recruiting.stage"", ""phrase"": ""recruiting stage""}",2.0.0,20260804
Q20520,we are worried about potential replacement,vague_outcome,vague; business_outcome; zero_title_overlap,Hard,Answerable,1,vague_outcome,talent matrix by organization - ytd,R1649,"{""construction"": ""lexicon phrase -> emitted fields -> carrying report"", ""emitted_canonicals"": [""Succession Candidate"", ""Succession Plan"", ""Succession Readiness""], ""lexicon_rule"": ""succession.replacement"", ""phrase"": ""potential replacement""}",2.0.0,20260804
Q20521,help me understand voluntary termination,vague_outcome,vague; business_outcome; zero_title_overlap,Hard,Answerable,1,vague_outcome,axis - mobility events by country - monthly,R3731,"{""construction"": ""lexicon phrase -> emitted fields -> carrying report"", ""emitted_canonicals"": [""Termination Reason"", ""Termination Type""], ""lexicon_rule"": ""term.voluntary_exit"", ""phrase"": ""voluntary termination""}",2.0.0,20260804
Q20522,help me understand who left,vague_outcome,vague; business_outcome; zero_title_overlap,Hard,Answerable,1,vague_outcome,position changes - monthly,R0326,"{""construction"": ""lexicon phrase -> emitted fields -> carrying report"", ""emitted_canonicals"": [""Termination Date"", ""Termination Reason""], ""lexicon_rule"": ""term.people_left"", ""phrase"": ""who left""}",2.0.0,20260804
Q20523,we are worried about ready now successor,vague_outcome,vague; business_outcome; zero_title_overlap,Hard,Answerable,1,vague_outcome,hcm readiness by talent pool - monthly,R3826,"{""construction"": ""lexicon phrase -> emitted fields -> carrying report"", ""emitted_canonicals"": [""Succession Candidate"", ""Succession Plan"", ""Succession Readiness""], ""lexicon_rule"": ""succession.readiness"", ""phrase"": ""ready now successor""}",2.0.0,20260804
Q20524,why are we prior manager,vague_outcome,vague; business_outcome; zero_title_overlap,Hard,Answerable,1,vague_outcome,axis - mobility events by worker type,R1437,"{""construction"": ""lexicon phrase -> emitted fields -> carrying report"", ""emitted_canonicals"": [""Previous Manager""], ""lexicon_rule"": ""mobility.previous_manager"", ""phrase"": ""prior manager""}",2.0.0,20260804
Q20525,what is going on with leave type,vague_outcome,vague; business_outcome; zero_title_overlap,Hard,Answerable,1,vague_outcome,axis - absence calendar by worker - quarterly - copy,R0070,"{""construction"": ""lexicon phrase -> emitted fields -> carrying report"", ""emitted_canonicals"": [""Leave Type"", ""Time Off Type""], ""lexicon_rule"": ""absence.type"", ""phrase"": ""leave type""}",2.0.0,20260804
Q20526,we are worried about bosses,vague_outcome,vague; business_outcome; zero_title_overlap,Hard,Answerable,1,vague_outcome,axis - goal summary by organization - dashboard,R0898,"{""construction"": ""lexicon phrase -> emitted fields -> carrying report"", ""emitted_canonicals"": [""Manager""], ""lexicon_rule"": ""core.manager.boss"", ""phrase"": ""bosses""}",2.0.0,20260804
Q20527,we are worried about paycheck period,vague_outcome,vague; business_outcome; zero_title_overlap,Hard,Answerable,1,vague_outcome,axis - earnings and deductions by earning v4,R1346,"{""construction"": ""lexicon phrase -> emitted fields -> carrying report"", ""emitted_canonicals"": [""Pay Period""], ""lexicon_rule"": ""core.pay_period"", ""phrase"": ""paycheck period""}",2.0.0,20260804
Q20528,can you show me something about benefits group,vague_outcome,vague; business_outcome; zero_title_overlap,Hard,Answerable,1,vague_outcome,axis - benefit census by company,R2196,"{""construction"": ""lexicon phrase -> emitted fields -> carrying report"", ""emitted_canonicals"": [""Benefit Group""], ""lexicon_rule"": ""benefits.group"", ""phrase"": ""benefits group""}",2.0.0,20260804
Q20529,i need to get a handle on work location,vague_outcome,vague; business_outcome; zero_title_overlap,Hard,Answerable,1,vague_outcome,osv-manager hierarchy - current,R3963,"{""construction"": ""lexicon phrase -> emitted fields -> carrying report"", ""emitted_canonicals"": [""Location""], ""lexicon_rule"": ""core.location.workplace"", ""phrase"": ""work location""}",2.0.0,20260804
Q20530,we are worried about take home pay,vague_outcome,vague; business_outcome; zero_title_overlap,Hard,Answerable,1,vague_outcome,axis - earnings and deductions by period - monthly v2,R0165,"{""construction"": ""lexicon phrase -> emitted fields -> carrying report"", ""emitted_canonicals"": [""Net Pay""], ""lexicon_rule"": ""core.net_pay"", ""phrase"": ""take home pay""}",2.0.0,20260804
Q20531,we are worried about successors,vague_outcome,vague; business_outcome; zero_title_overlap,Hard,Answerable,1,vague_outcome,hcm readiness by talent pool - monthly,R3826,"{""construction"": ""lexicon phrase -> emitted fields -> carrying report"", ""emitted_canonicals"": [""Succession Candidate"", ""Succession Plan"", ""Succession Readiness""], ""lexicon_rule"": ""succession.replacement"", ""phrase"": ""successors""}",2.0.0,20260804
Q20532,can you show me something about team leader,vague_outcome,vague; business_outcome; zero_title_overlap,Hard,Answerable,1,vague_outcome,axis - employee profile by company - quarterly,R2926,"{""construction"": ""lexicon phrase -> emitted fields -> carrying report"", ""emitted_canonicals"": [""Manager""], ""lexicon_rule"": ""core.manager.boss"", ""phrase"": ""team leader""}",2.0.0,20260804
Q20533,help me understand pay before taxes,vague_outcome,vague; business_outcome; zero_title_overlap,Hard,Answerable,1,vague_outcome,axis - payroll inputs by earning - monthly,R3838,"{""construction"": ""lexicon phrase -> emitted fields -> carrying report"", ""emitted_canonicals"": [""Gross Pay""], ""lexicon_rule"": ""comp.gross"", ""phrase"": ""pay before taxes""}",2.0.0,20260804
Q20534,help me understand past due,vague_outcome,vague; business_outcome; zero_title_overlap,Hard,Answerable,1,vague_outcome,axis - upcoming learning - current - copy,R0732,"{""construction"": ""lexicon phrase -> emitted fields -> carrying report"", ""emitted_canonicals"": [""Completion Status"", ""Due Date""], ""lexicon_rule"": ""learning.overdue"", ""phrase"": ""past due""}",2.0.0,20260804
Q20535,i need to get a handle on changed managers,vague_outcome,vague; business_outcome; zero_title_overlap,Hard,Answerable,1,vague_outcome,dax terminations by event (5),R2933,"{""construction"": ""lexicon phrase -> emitted fields -> carrying report"", ""emitted_canonicals"": [""New Manager"", ""Previous Manager""], ""lexicon_rule"": ""mobility.manager_change"", ""phrase"": ""changed managers""}",2.0.0,20260804
Q20536,help me understand org,vague_outcome,vague; business_outcome; zero_title_overlap,Hard,Answerable,1,vague_outcome,axis - performance review by organization - historical,R3679,"{""construction"": ""lexicon phrase -> emitted fields -> carrying report"", ""emitted_canonicals"": [""Supervisory Organization""], ""lexicon_rule"": ""org.grouped_by_org"", ""phrase"": ""org""}",2.0.0,20260804
Q20537,i need to get a handle on past due,vague_outcome,vague; business_outcome; zero_title_overlap,Hard,Answerable,1,vague_outcome,axis - upcoming learning by learner,R0293,"{""construction"": ""lexicon phrase -> emitted fields -> carrying report"", ""emitted_canonicals"": [""Completion Status"", ""Due Date""], ""lexicon_rule"": ""learning.overdue"", ""phrase"": ""past due""}",2.0.0,20260804
Q20538,what is going on with take-home pay,vague_outcome,vague; business_outcome; zero_title_overlap,Hard,Answerable,1,vague_outcome,dax time off requests by country,R2050,"{""construction"": ""lexicon phrase -> emitted fields -> carrying report"", ""emitted_canonicals"": [""Net Pay""], ""lexicon_rule"": ""core.net_pay"", ""phrase"": ""take-home pay""}",2.0.0,20260804
Q20539,i need to get a handle on open roles,vague_outcome,vague; business_outcome; zero_title_overlap,Hard,Answerable,1,vague_outcome,axis - job family by organization - current,R3923,"{""construction"": ""lexicon phrase -> emitted fields -> carrying report"", ""emitted_canonicals"": [""Filled Indicator"", ""Job Requisition"", ""Position Status""], ""lexicon_rule"": ""recruiting.requisition"", ""phrase"": ""open roles""}",2.0.0,20260804
Q20540,why are we salary midpoint,vague_outcome,vague; business_outcome; zero_title_overlap,Hard,Answerable,1,vague_outcome,compensation statement by plan - ytd,R3548,"{""construction"": ""lexicon phrase -> emitted fields -> carrying report"", ""emitted_canonicals"": [""Range Midpoint""], ""lexicon_rule"": ""salary_ranges.midpoint"", ""phrase"": ""salary midpoint""}",2.0.0,20260804
Q20541,what is going on with quit,vague_outcome,vague; business_outcome; zero_title_overlap,Hard,Answerable,1,vague_outcome,terminations by business unit,R3830,"{""construction"": ""lexicon phrase -> emitted fields -> carrying report"", ""emitted_canonicals"": [""Termination Reason"", ""Termination Type""], ""lexicon_rule"": ""term.voluntary_exit"", ""phrase"": ""quit""}",2.0.0,20260804
Q20542,what is going on with review rating,vague_outcome,vague; business_outcome; zero_title_overlap,Hard,Answerable,1,vague_outcome,axis - development goals by organization - ytd,R3538,"{""construction"": ""lexicon phrase -> emitted fields -> carrying report"", ""emitted_canonicals"": [""Performance Rating""], ""lexicon_rule"": ""performance.score"", ""phrase"": ""review rating""}",2.0.0,20260804
Q20543,can you show me something about salary midpoint,vague_outcome,vague; business_outcome; zero_title_overlap,Hard,Answerable,1,vague_outcome,compensation statement by plan - ytd,R3548,"{""construction"": ""lexicon phrase -> emitted fields -> carrying report"", ""emitted_canonicals"": [""Range Midpoint""], ""lexicon_rule"": ""salary_ranges.midpoint"", ""phrase"": ""salary midpoint""}",2.0.0,20260804
Q20544,we are worried about paycheck period,vague_outcome,vague; business_outcome; zero_title_overlap,Hard,Answerable,1,vague_outcome,pay calculation by earning - copy,R0360,"{""construction"": ""lexicon phrase -> emitted fields -> carrying report"", ""emitted_canonicals"": [""Pay Period""], ""lexicon_rule"": ""core.pay_period"", ""phrase"": ""paycheck period""}",2.0.0,20260804
Q20545,what is going on with old organization,vague_outcome,vague; business_outcome; zero_title_overlap,Hard,Answerable,1,vague_outcome,axis - position changes by company 2026,R0789,"{""construction"": ""lexicon phrase -> emitted fields -> carrying report"", ""emitted_canonicals"": [""Previous Organization""], ""lexicon_rule"": ""mobility.previous_org"", ""phrase"": ""old organization""}",2.0.0,20260804
Q20546,we are worried about applicants,vague_outcome,vague; business_outcome; zero_title_overlap,Hard,Answerable,1,vague_outcome,axis - job posting,R1203,"{""construction"": ""lexicon phrase -> emitted fields -> carrying report"", ""emitted_canonicals"": [""Candidate""], ""lexicon_rule"": ""recruiting.applicant"", ""phrase"": ""applicants""}",2.0.0,20260804
Q20547,help me understand bench strength,vague_outcome,vague; business_outcome; zero_title_overlap,Hard,Answerable,1,vague_outcome,axis - potential rating by readiness - detail,R0106,"{""construction"": ""lexicon phrase -> emitted fields -> carrying report"", ""emitted_canonicals"": [""Succession Candidate"", ""Succession Plan"", ""Succession Readiness""], ""lexicon_rule"": ""succession.readiness"", ""phrase"": ""bench strength""}",2.0.0,20260804
Q20548,what is going on with paycheck period,vague_outcome,vague; business_outcome; zero_title_overlap,Hard,Answerable,1,vague_outcome,cr_payroll results by earning - detail,R0939,"{""construction"": ""lexicon phrase -> emitted fields -> carrying report"", ""emitted_canonicals"": [""Pay Period""], ""lexicon_rule"": ""core.pay_period"", ""phrase"": ""paycheck period""}",2.0.0,20260804
Q20549,can you show me something about leave plan,vague_outcome,vague; business_outcome; zero_title_overlap,Hard,Answerable,1,vague_outcome,axis - time off requests by worker,R0382,"{""construction"": ""lexicon phrase -> emitted fields -> carrying report"", ""emitted_canonicals"": [""Time Off Plan""], ""lexicon_rule"": ""absence.plan"", ""phrase"": ""leave plan""}",2.0.0,20260804
Q20550,help me understand vacancy,vague_outcome,vague; business_outcome; zero_title_overlap,Hard,Answerable,1,vague_outcome,axis - position budget by job family - detail,R0511,"{""construction"": ""lexicon phrase -> emitted fields -> carrying report"", ""emitted_canonicals"": [""Filled Indicator"", ""Job Requisition"", ""Position Status""], ""lexicon_rule"": ""recruiting.requisition"", ""phrase"": ""vacancy""}",2.0.0,20260804
Q20551,why are we requisition cycle time,vague_outcome,vague; business_outcome; zero_title_overlap,Hard,Answerable,1,vague_outcome,axis - open job requisitions by source - quarterly,R3097,"{""construction"": ""lexicon phrase -> emitted fields -> carrying report"", ""emitted_canonicals"": [""Time to Fill""], ""lexicon_rule"": ""recruiting.time_to_fill"", ""phrase"": ""requisition cycle time""}",2.0.0,20260804
Q20552,what is going on with supervisory org,vague_outcome,vague; business_outcome; zero_title_overlap,Hard,Answerable,1,vague_outcome,hcm employee movement by quarter - current,R0469,"{""construction"": ""lexicon phrase -> emitted fields -> carrying report"", ""emitted_canonicals"": [""Supervisory Organization""], ""lexicon_rule"": ""location.supervisory_org"", ""phrase"": ""supervisory org""}",2.0.0,20260804
Q20553,help me understand training results,vague_outcome,vague; business_outcome; zero_title_overlap,Hard,Answerable,1,vague_outcome,axis - upcoming learning by learner,R0293,"{""construction"": ""lexicon phrase -> emitted fields -> carrying report"", ""emitted_canonicals"": [""Completion Date"", ""Completion Score"", ""Completion Status""], ""lexicon_rule"": ""learning.completion"", ""phrase"": ""training results""}",2.0.0,20260804
Q20554,we are worried about overdue training,vague_outcome,vague; business_outcome; zero_title_overlap,Hard,Answerable,1,vague_outcome,axis - learning assignment by learner - current,R0137,"{""construction"": ""lexicon phrase -> emitted fields -> carrying report"", ""emitted_canonicals"": [""Completion Status"", ""Due Date""], ""lexicon_rule"": ""learning.overdue"", ""phrase"": ""overdue training""}",2.0.0,20260804
Q20555,why are we days to hire,vague_outcome,vague; business_outcome; zero_title_overlap,Hard,Answerable,1,vague_outcome,hcm agency activity by recruiter - dashboard,R2592,"{""construction"": ""lexicon phrase -> emitted fields -> carrying report"", ""emitted_canonicals"": [""Time to Fill""], ""lexicon_rule"": ""recruiting.time_to_fill"", ""phrase"": ""days to hire""}",2.0.0,20260804
Q20556,can you show me something about previous boss,vague_outcome,vague; business_outcome; zero_title_overlap,Hard,Answerable,1,vague_outcome,axis - termination detail by event - detail,R1148,"{""construction"": ""lexicon phrase -> emitted fields -> carrying report"", ""emitted_canonicals"": [""Previous Manager""], ""lexicon_rule"": ""mobility.previous_manager"", ""phrase"": ""previous boss""}",2.0.0,20260804
Q20557,i need to get a handle on annual salary,vague_outcome,vague; business_outcome; zero_title_overlap,Hard,Answerable,1,vague_outcome,axis - pay equity by manager,R3232,"{""construction"": ""lexicon phrase -> emitted fields -> carrying report"", ""emitted_canonicals"": [""Base Pay""], ""lexicon_rule"": ""comp.salary"", ""phrase"": ""annual salary""}",2.0.0,20260804
Q20558,why are we vacation plan,vague_outcome,vague; business_outcome; zero_title_overlap,Hard,Answerable,1,vague_outcome,axis - leave eligibility by date - summary,R2426,"{""construction"": ""lexicon phrase -> emitted fields -> carrying report"", ""emitted_canonicals"": [""Time Off Plan""], ""lexicon_rule"": ""absence.plan"", ""phrase"": ""vacation plan""}",2.0.0,20260804
Q20559,help me understand employee rating,vague_outcome,vague; business_outcome; zero_title_overlap,Hard,Answerable,1,vague_outcome,axis - performance distribution by review cycle (7),R2338,"{""construction"": ""lexicon phrase -> emitted fields -> carrying report"", ""emitted_canonicals"": [""Performance Rating""], ""lexicon_rule"": ""performance.score"", ""phrase"": ""employee rating""}",2.0.0,20260804
Q20560,can you show me something about kind of leave,vague_outcome,vague; business_outcome; zero_title_overlap,Hard,Answerable,1,vague_outcome,axis - time off requests by organization - dashboard,R3043,"{""construction"": ""lexicon phrase -> emitted fields -> carrying report"", ""emitted_canonicals"": [""Leave Type"", ""Time Off Type""], ""lexicon_rule"": ""absence.type"", ""phrase"": ""kind of leave""}",2.0.0,20260804
Q20561,why are we boss,vague_outcome,vague; business_outcome; zero_title_overlap,Hard,Answerable,1,vague_outcome,axis - goal progress - monthly,R2162,"{""construction"": ""lexicon phrase -> emitted fields -> carrying report"", ""emitted_canonicals"": [""Manager""], ""lexicon_rule"": ""core.manager.boss"", ""phrase"": ""boss""}",2.0.0,20260804
Q20562,can you show me something about paycheck details,vague_outcome,vague; business_outcome; zero_title_overlap,Hard,Answerable,1,vague_outcome,axis - earnings and deductions by period - current,R2120,"{""construction"": ""lexicon phrase -> emitted fields -> carrying report"", ""emitted_canonicals"": [""Deductions"", ""Gross Pay"", ""Net Pay""], ""lexicon_rule"": ""payroll.amounts"", ""phrase"": ""paycheck details""}",2.0.0,20260804
Q20563,what is going on with organization,vague_outcome,vague; business_outcome; zero_title_overlap,Hard,Answerable,1,vague_outcome,dax position budget by status - quarterly,R2392,"{""construction"": ""lexicon phrase -> emitted fields -> carrying report"", ""emitted_canonicals"": [""Supervisory Organization""], ""lexicon_rule"": ""org.grouped_by_org"", ""phrase"": ""organization""}",2.0.0,20260804
Q20564,we are worried about benefits group,vague_outcome,vague; business_outcome; zero_title_overlap,Hard,Answerable,1,vague_outcome,axis - benefit coverage by company - monthly,R2739,"{""construction"": ""lexicon phrase -> emitted fields -> carrying report"", ""emitted_canonicals"": [""Benefit Group""], ""lexicon_rule"": ""benefits.group"", ""phrase"": ""benefits group""}",2.0.0,20260804
Q20565,we are worried about previous department,vague_outcome,vague; business_outcome; zero_title_overlap,Hard,Answerable,1,vague_outcome,axis - staffing snapshot - summary v2,R0210,"{""construction"": ""lexicon phrase -> emitted fields -> carrying report"", ""emitted_canonicals"": [""Previous Organization""], ""lexicon_rule"": ""mobility.previous_org"", ""phrase"": ""previous department""}",2.0.0,20260804
Q20566,can you show me something about overdue training,vague_outcome,vague; business_outcome; zero_title_overlap,Hard,Answerable,1,vague_outcome,axis - learning enrollment v4,R2412,"{""construction"": ""lexicon phrase -> emitted fields -> carrying report"", ""emitted_canonicals"": [""Completion Status"", ""Due Date""], ""lexicon_rule"": ""learning.overdue"", ""phrase"": ""overdue training""}",2.0.0,20260804
Q20567,why are we hiring turnaround,vague_outcome,vague; business_outcome; zero_title_overlap,Hard,Answerable,1,vague_outcome,cr_job posting by candidate stage,R2818,"{""construction"": ""lexicon phrase -> emitted fields -> carrying report"", ""emitted_canonicals"": [""Time to Fill""], ""lexicon_rule"": ""recruiting.time_to_fill"", ""phrase"": ""hiring turnaround""}",2.0.0,20260804
Q20568,we are worried about job seeker,vague_outcome,vague; business_outcome; zero_title_overlap,Hard,Answerable,1,vague_outcome,cr_leave eligibility by organization,R2895,"{""construction"": ""lexicon phrase -> emitted fields -> carrying report"", ""emitted_canonicals"": [""Candidate""], ""lexicon_rule"": ""recruiting.applicant"", ""phrase"": ""job seeker""}",2.0.0,20260804
Q20569,we are worried about team leader,vague_outcome,vague; business_outcome; zero_title_overlap,Hard,Answerable,1,vague_outcome,axis - manager hierarchy - current,R1926,"{""construction"": ""lexicon phrase -> emitted fields -> carrying report"", ""emitted_canonicals"": [""Manager""], ""lexicon_rule"": ""core.manager.boss"", ""phrase"": ""team leader""}",2.0.0,20260804
Q20570,help me understand paycheck period,vague_outcome,vague; business_outcome; zero_title_overlap,Hard,Answerable,1,vague_outcome,axis - payroll register,R1158,"{""construction"": ""lexicon phrase -> emitted fields -> carrying report"", ""emitted_canonicals"": [""Pay Period""], ""lexicon_rule"": ""core.pay_period"", ""phrase"": ""paycheck period""}",2.0.0,20260804
Q20571,why are we recruiting partner,vague_outcome,vague; business_outcome; zero_title_overlap,Hard,Answerable,1,vague_outcome,dax applications by agency - audit,R2374,"{""construction"": ""lexicon phrase -> emitted fields -> carrying report"", ""emitted_canonicals"": [""Recruiter""], ""lexicon_rule"": ""recruiting.recruiter"", ""phrase"": ""recruiting partner""}",2.0.0,20260804
Q20572,help me understand pay before taxes,vague_outcome,vague; business_outcome; zero_title_overlap,Hard,Answerable,1,vague_outcome,axis - payment election by worker - dashboard,R1381,"{""construction"": ""lexicon phrase -> emitted fields -> carrying report"", ""emitted_canonicals"": [""Gross Pay""], ""lexicon_rule"": ""comp.gross"", ""phrase"": ""pay before taxes""}",2.0.0,20260804
Q20573,help me understand pay before taxes,vague_outcome,vague; business_outcome; zero_title_overlap,Hard,Answerable,1,vague_outcome,axis - payment election by period,R2300,"{""construction"": ""lexicon phrase -> emitted fields -> carrying report"", ""emitted_canonicals"": [""Gross Pay""], ""lexicon_rule"": ""comp.gross"", ""phrase"": ""pay before taxes""}",2.0.0,20260804
Q20574,help me understand gross earnings,vague_outcome,vague; business_outcome; zero_title_overlap,Hard,Answerable,1,vague_outcome,payroll inputs - quarterly,R3541,"{""construction"": ""lexicon phrase -> emitted fields -> carrying report"", ""emitted_canonicals"": [""Gross Pay""], ""lexicon_rule"": ""comp.gross"", ""phrase"": ""gross earnings""}",2.0.0,20260804
Q20575,i need to get a handle on coverage dates,vague_outcome,vague; business_outcome; zero_title_overlap,Hard,Answerable,1,vague_outcome,axis - job posting by agency,R0713,"{""construction"": ""lexicon phrase -> emitted fields -> carrying report"", ""emitted_canonicals"": [""Coverage Begin Date"", ""Coverage End Date""], ""lexicon_rule"": ""benefits.coverage_dates"", ""phrase"": ""coverage dates""}",2.0.0,20260804
Q20576,we are worried about old boss,vague_outcome,vague; business_outcome; zero_title_overlap,Hard,Answerable,1,vague_outcome,hcm position changes,R3098,"{""construction"": ""lexicon phrase -> emitted fields -> carrying report"", ""emitted_canonicals"": [""Previous Manager""], ""lexicon_rule"": ""mobility.previous_manager"", ""phrase"": ""old boss""}",2.0.0,20260804
Q20577,i need to get a handle on prior boss,vague_outcome,vague; business_outcome; zero_title_overlap,Hard,Answerable,1,vague_outcome,axis - staffing events by event,R2087,"{""construction"": ""lexicon phrase -> emitted fields -> carrying report"", ""emitted_canonicals"": [""Previous Manager""], ""lexicon_rule"": ""mobility.previous_manager"", ""phrase"": ""prior boss""}",2.0.0,20260804
Q20578,help me understand replacement readiness,vague_outcome,vague; business_outcome; zero_title_overlap,Hard,Answerable,1,vague_outcome,hcm succession plan by manager,R3004,"{""construction"": ""lexicon phrase -> emitted fields -> carrying report"", ""emitted_canonicals"": [""Succession Candidate"", ""Succession Plan"", ""Succession Readiness""], ""lexicon_rule"": ""succession.readiness"", ""phrase"": ""replacement readiness""}",2.0.0,20260804
Q20579,why are we deductions,vague_outcome,vague; business_outcome; zero_title_overlap,Hard,Answerable,1,vague_outcome,axis - pay run audit,R1784,"{""construction"": ""lexicon phrase -> emitted fields -> carrying report"", ""emitted_canonicals"": [""Deductions""], ""lexicon_rule"": ""core.deductions"", ""phrase"": ""deductions""}",2.0.0,20260804
Q20580,help me understand deduction,vague_outcome,vague; business_outcome; zero_title_overlap,Hard,Answerable,1,vague_outcome,axis - payroll inputs by worker - historical,R2152,"{""construction"": ""lexicon phrase -> emitted fields -> carrying report"", ""emitted_canonicals"": [""Deductions""], ""lexicon_rule"": ""core.deductions"", ""phrase"": ""deduction""}",2.0.0,20260804
Q20581,i need to get a handle on offboarding,vague_outcome,vague; business_outcome; zero_title_overlap,Hard,Answerable,1,vague_outcome,axis - terminations by business unit - historical,R0655,"{""construction"": ""lexicon phrase -> emitted fields -> carrying report"", ""emitted_canonicals"": [""Termination Date"", ""Termination Reason""], ""lexicon_rule"": ""term.people_left"", ""phrase"": ""offboarding""}",2.0.0,20260804
Q20582,why are we ta partner,vague_outcome,vague; business_outcome; zero_title_overlap,Hard,Answerable,1,vague_outcome,process transactions by initiator - dashboard,R1562,"{""construction"": ""lexicon phrase -> emitted fields -> carrying report"", ""emitted_canonicals"": [""Recruiter""], ""lexicon_rule"": ""recruiting.recruiter"", ""phrase"": ""ta partner""}",2.0.0,20260804
Q20583,what is going on with offboarding,vague_outcome,vague; business_outcome; zero_title_overlap,Hard,Answerable,1,vague_outcome,axis - terminations by month,R3921,"{""construction"": ""lexicon phrase -> emitted fields -> carrying report"", ""emitted_canonicals"": [""Termination Date"", ""Termination Reason""], ""lexicon_rule"": ""term.people_left"", ""phrase"": ""offboarding""}",2.0.0,20260804
Q20584,what is going on with how many people,vague_outcome,vague; business_outcome; zero_title_overlap,Hard,Answerable,1,vague_outcome,dax headcount by manager - detail,R0167,"{""construction"": ""lexicon phrase -> emitted fields -> carrying report"", ""emitted_canonicals"": [""Headcount""], ""lexicon_rule"": ""core.headcount.team_size"", ""phrase"": ""how many people""}",2.0.0,20260804
Q20585,what is going on with changed managers,vague_outcome,vague; business_outcome; zero_title_overlap,Hard,Answerable,1,vague_outcome,dax terminations,R2585,"{""construction"": ""lexicon phrase -> emitted fields -> carrying report"", ""emitted_canonicals"": [""New Manager"", ""Previous Manager""], ""lexicon_rule"": ""mobility.manager_change"", ""phrase"": ""changed managers""}",2.0.0,20260804
Q20586,why are we organization,vague_outcome,vague; business_outcome; zero_title_overlap,Hard,Answerable,1,vague_outcome,axis - employee profile by location - summary,R0556,"{""construction"": ""lexicon phrase -> emitted fields -> carrying report"", ""emitted_canonicals"": [""Supervisory Organization""], ""lexicon_rule"": ""org.grouped_by_org"", ""phrase"": ""organization""}",2.0.0,20260804
Q20587,we are worried about paycheck period,vague_outcome,vague; business_outcome; zero_title_overlap,Hard,Answerable,1,vague_outcome,earnings and deductions by pay group - ytd,R3291,"{""construction"": ""lexicon phrase -> emitted fields -> carrying report"", ""emitted_canonicals"": [""Pay Period""], ""lexicon_rule"": ""core.pay_period"", ""phrase"": ""paycheck period""}",2.0.0,20260804
Q20588,i need to get a handle on job seekers,vague_outcome,vague; business_outcome; zero_title_overlap,Hard,Answerable,1,vague_outcome,candidate status by recruiter - historical,R1489,"{""construction"": ""lexicon phrase -> emitted fields -> carrying report"", ""emitted_canonicals"": [""Candidate""], ""lexicon_rule"": ""recruiting.applicant"", ""phrase"": ""job seekers""}",2.0.0,20260804
Q20589,i need to get a handle on back from leave,vague_outcome,vague; business_outcome; zero_title_overlap,Hard,Answerable,1,vague_outcome,absence calendar,R3988,"{""construction"": ""lexicon phrase -> emitted fields -> carrying report"", ""emitted_canonicals"": [""Return Date""], ""lexicon_rule"": ""absence.return"", ""phrase"": ""back from leave""}",2.0.0,20260804
Q20590,help me understand start date,vague_outcome,vague; business_outcome; zero_title_overlap,Hard,Answerable,1,vague_outcome,hcm worker location - monthly,R0506,"{""construction"": ""lexicon phrase -> emitted fields -> carrying report"", ""emitted_canonicals"": [""Hire Date""], ""lexicon_rule"": ""worker.hire_start_date"", ""phrase"": ""start date""}",2.0.0,20260804
Q20591,can you show me something about application pipeline,vague_outcome,vague; business_outcome; zero_title_overlap,Hard,Answerable,1,vague_outcome,axis - recruiting source by agency,R3446,"{""construction"": ""lexicon phrase -> emitted fields -> carrying report"", ""emitted_canonicals"": [""Application Date"", ""Application Stage"", ""Application Status""], ""lexicon_rule"": ""recruiting.application"", ""phrase"": ""application pipeline""}",2.0.0,20260804
Q20592,can you show me something about absence type,vague_outcome,vague; business_outcome; zero_title_overlap,Hard,Answerable,1,vague_outcome,workers on leave by country - dashboard,R3435,"{""construction"": ""lexicon phrase -> emitted fields -> carrying report"", ""emitted_canonicals"": [""Leave Type"", ""Time Off Type""], ""lexicon_rule"": ""absence.type"", ""phrase"": ""absence type""}",2.0.0,20260804
Q20593,i need to get a handle on absence status,vague_outcome,vague; business_outcome; zero_title_overlap,Hard,Answerable,1,vague_outcome,axis - leave eligibility by worker - dashboard,R1608,"{""construction"": ""lexicon phrase -> emitted fields -> carrying report"", ""emitted_canonicals"": [""Leave Status""], ""lexicon_rule"": ""absence.status"", ""phrase"": ""absence status""}",2.0.0,20260804
Q20594,can you show me something about new boss,vague_outcome,vague; business_outcome; zero_title_overlap,Hard,Answerable,1,vague_outcome,axis - staffing events by event,R2087,"{""construction"": ""lexicon phrase -> emitted fields -> carrying report"", ""emitted_canonicals"": [""New Manager"", ""Previous Manager""], ""lexicon_rule"": ""mobility.manager_change"", ""phrase"": ""new boss""}",2.0.0,20260804
Q20595,can you show me something about how big is each team,vague_outcome,vague; business_outcome; zero_title_overlap,Hard,Answerable,1,vague_outcome,dax headcount by manager - detail,R0167,"{""construction"": ""lexicon phrase -> emitted fields -> carrying report"", ""emitted_canonicals"": [""Headcount""], ""lexicon_rule"": ""core.headcount.team_size"", ""phrase"": ""how big is each team""}",2.0.0,20260804
Q20596,can you show me something about absence status,vague_outcome,vague; business_outcome; zero_title_overlap,Hard,Answerable,1,vague_outcome,axis - leave details - historical,R1963,"{""construction"": ""lexicon phrase -> emitted fields -> carrying report"", ""emitted_canonicals"": [""Leave Status""], ""lexicon_rule"": ""absence.status"", ""phrase"": ""absence status""}",2.0.0,20260804
Q20597,help me understand training overdue,vague_outcome,vague; business_outcome; zero_title_overlap,Hard,Answerable,1,vague_outcome,axis - upcoming learning by content - monthly,R3882,"{""construction"": ""lexicon phrase -> emitted fields -> carrying report"", ""emitted_canonicals"": [""Completion Status"", ""Due Date""], ""lexicon_rule"": ""learning.overdue"", ""phrase"": ""training overdue""}",2.0.0,20260804
Q20598,what is going on with past due,vague_outcome,vague; business_outcome; zero_title_overlap,Hard,Answerable,1,vague_outcome,hcm learning content by content - ytd,R0781,"{""construction"": ""lexicon phrase -> emitted fields -> carrying report"", ""emitted_canonicals"": [""Completion Status"", ""Due Date""], ""lexicon_rule"": ""learning.overdue"", ""phrase"": ""past due""}",2.0.0,20260804
Q20599,help me understand separation details,vague_outcome,vague; business_outcome; zero_title_overlap,Hard,Answerable,1,vague_outcome,axis - terminations by region - quarterly,R0524,"{""construction"": ""lexicon phrase -> emitted fields -> carrying report"", ""emitted_canonicals"": [""Termination Count"", ""Termination Date"", ""Termination Reason"", ""Termination Type""], ""lexicon_rule"": ""term.termination_detail"", ""phrase"": ""separation details""}",2.0.0,20260804
Q20600,i need to get a handle on voluntary separation,vague_outcome,vague; business_outcome; zero_title_overlap,Hard,Answerable,1,vague_outcome,axis - terminations by manager - current,R3651,"{""construction"": ""lexicon phrase -> emitted fields -> carrying report"", ""emitted_canonicals"": [""Termination Reason"", ""Termination Type""], ""lexicon_rule"": ""term.voluntary_exit"", ""phrase"": ""voluntary separation""}",2.0.0,20260804
Q20601,why are we training overdue,vague_outcome,vague; business_outcome; zero_title_overlap,Hard,Answerable,1,vague_outcome,axis - learning enrollment by learner - monthly,R3918,"{""construction"": ""lexicon phrase -> emitted fields -> carrying report"", ""emitted_canonicals"": [""Completion Status"", ""Due Date""], ""lexicon_rule"": ""learning.overdue"", ""phrase"": ""training overdue""}",2.0.0,20260804
Q20602,i need to get a handle on team leader,vague_outcome,vague; business_outcome; zero_title_overlap,Hard,Answerable,1,vague_outcome,dax goal progress by manager - quarterly,R2143,"{""construction"": ""lexicon phrase -> emitted fields -> carrying report"", ""emitted_canonicals"": [""Manager""], ""lexicon_rule"": ""core.manager.boss"", ""phrase"": ""team leader""}",2.0.0,20260804
Q20603,what is going on with return to work,vague_outcome,vague; business_outcome; zero_title_overlap,Hard,Answerable,1,vague_outcome,axis - vacation report - audit,R1974,"{""construction"": ""lexicon phrase -> emitted fields -> carrying report"", ""emitted_canonicals"": [""Return Date""], ""lexicon_rule"": ""absence.return"", ""phrase"": ""return to work""}",2.0.0,20260804
Q20604,can you show me something about annualized pay,vague_outcome,vague; business_outcome; zero_title_overlap,Hard,Answerable,1,vague_outcome,axis - allowance by company - current,R2168,"{""construction"": ""lexicon phrase -> emitted fields -> carrying report"", ""emitted_canonicals"": [""Annualized Amount""], ""lexicon_rule"": ""worker.annualized_pay"", ""phrase"": ""annualized pay""}",2.0.0,20260804
Q20605,what is going on with start date,vague_outcome,vague; business_outcome; zero_title_overlap,Hard,Answerable,1,vague_outcome,hcm tenure movement by quarter - audit,R2193,"{""construction"": ""lexicon phrase -> emitted fields -> carrying report"", ""emitted_canonicals"": [""Hire Date""], ""lexicon_rule"": ""worker.hire_start_date"", ""phrase"": ""start date""}",2.0.0,20260804
Q20606,we are worried about back from leave,vague_outcome,vague; business_outcome; zero_title_overlap,Hard,Answerable,1,vague_outcome,absence calendar,R3988,"{""construction"": ""lexicon phrase -> emitted fields -> carrying report"", ""emitted_canonicals"": [""Return Date""], ""lexicon_rule"": ""absence.return"", ""phrase"": ""back from leave""}",2.0.0,20260804
Q20607,what is going on with organization,vague_outcome,vague; business_outcome; zero_title_overlap,Hard,Answerable,1,vague_outcome,hcm open positions by location - detail,R0426,"{""construction"": ""lexicon phrase -> emitted fields -> carrying report"", ""emitted_canonicals"": [""Supervisory Organization""], ""lexicon_rule"": ""org.grouped_by_org"", ""phrase"": ""organization""}",2.0.0,20260804
Q20608,what is going on with exit details,vague_outcome,vague; business_outcome; zero_title_overlap,Hard,Answerable,1,vague_outcome,axis - terminations by region - quarterly,R0524,"{""construction"": ""lexicon phrase -> emitted fields -> carrying report"", ""emitted_canonicals"": [""Termination Count"", ""Termination Date"", ""Termination Reason"", ""Termination Type""], ""lexicon_rule"": ""term.termination_detail"", ""phrase"": ""exit details""}",2.0.0,20260804
Q20609,help me understand how many people,vague_outcome,vague; business_outcome; zero_title_overlap,Hard,Answerable,1,vague_outcome,axis - headcount by region - summary,R1496,"{""construction"": ""lexicon phrase -> emitted fields -> carrying report"", ""emitted_canonicals"": [""Headcount""], ""lexicon_rule"": ""core.headcount.team_size"", ""phrase"": ""how many people""}",2.0.0,20260804
Q20610,help me understand supervisory team,vague_outcome,vague; business_outcome; zero_title_overlap,Hard,Answerable,1,vague_outcome,axis - worker demographics by manager - current,R2212,"{""construction"": ""lexicon phrase -> emitted fields -> carrying report"", ""emitted_canonicals"": [""Supervisory Organization""], ""lexicon_rule"": ""location.supervisory_org"", ""phrase"": ""supervisory team""}",2.0.0,20260804
Q20611,can you show me something about annualized pay,vague_outcome,vague; business_outcome; zero_title_overlap,Hard,Answerable,1,vague_outcome,axis - compensation review by manager - audit,R3336,"{""construction"": ""lexicon phrase -> emitted fields -> carrying report"", ""emitted_canonicals"": [""Annualized Amount""], ""lexicon_rule"": ""worker.annualized_pay"", ""phrase"": ""annualized pay""}",2.0.0,20260804
Q20612,why are we changed managers,vague_outcome,vague; business_outcome; zero_title_overlap,Hard,Answerable,1,vague_outcome,dax terminations by event (5),R2933,"{""construction"": ""lexicon phrase -> emitted fields -> carrying report"", ""emitted_canonicals"": [""New Manager"", ""Previous Manager""], ""lexicon_rule"": ""mobility.manager_change"", ""phrase"": ""changed managers""}",2.0.0,20260804
Q20613,we are worried about people who left,vague_outcome,vague; business_outcome; zero_title_overlap,Hard,Answerable,1,vague_outcome,hcm new hires by company,R1944,"{""construction"": ""lexicon phrase -> emitted fields -> carrying report"", ""emitted_canonicals"": [""Termination Date"", ""Termination Reason""], ""lexicon_rule"": ""term.people_left"", ""phrase"": ""people who left""}",2.0.0,20260804
Q20614,help me understand changed managers,vague_outcome,vague; business_outcome; zero_title_overlap,Hard,Answerable,1,vague_outcome,axis - staffing events by event,R2087,"{""construction"": ""lexicon phrase -> emitted fields -> carrying report"", ""emitted_canonicals"": [""New Manager"", ""Previous Manager""], ""lexicon_rule"": ""mobility.manager_change"", ""phrase"": ""changed managers""}",2.0.0,20260804
Q20615,we are worried about open roles,vague_outcome,vague; business_outcome; zero_title_overlap,Hard,Answerable,1,vague_outcome,axis - vacant positions - current,R1752,"{""construction"": ""lexicon phrase -> emitted fields -> carrying report"", ""emitted_canonicals"": [""Filled Indicator"", ""Job Requisition"", ""Position Status""], ""lexicon_rule"": ""recruiting.requisition"", ""phrase"": ""open roles""}",2.0.0,20260804
Q20616,i need to get a handle on previous department,vague_outcome,vague; business_outcome; zero_title_overlap,Hard,Answerable,1,vague_outcome,axis - new hires by worker type - summary,R3298,"{""construction"": ""lexicon phrase -> emitted fields -> carrying report"", ""emitted_canonicals"": [""Previous Organization""], ""lexicon_rule"": ""mobility.previous_org"", ""phrase"": ""previous department""}",2.0.0,20260804
Q20617,we are worried about after tax pay,vague_outcome,vague; business_outcome; zero_title_overlap,Hard,Answerable,1,vague_outcome,axis - payment election by earning - detail,R1037,"{""construction"": ""lexicon phrase -> emitted fields -> carrying report"", ""emitted_canonicals"": [""Net Pay""], ""lexicon_rule"": ""payroll.take_home"", ""phrase"": ""after tax pay""}",2.0.0,20260804
Q20618,can you show me something about absence status,vague_outcome,vague; business_outcome; zero_title_overlap,Hard,Answerable,1,vague_outcome,axis - leave eligibility by worker,R0584,"{""construction"": ""lexicon phrase -> emitted fields -> carrying report"", ""emitted_canonicals"": [""Leave Status""], ""lexicon_rule"": ""absence.status"", ""phrase"": ""absence status""}",2.0.0,20260804
Q20619,i need to get a handle on vacancies,vague_outcome,vague; business_outcome; zero_title_overlap,Hard,Answerable,1,vague_outcome,axis - supervisory position by status - historical,R3425,"{""construction"": ""lexicon phrase -> emitted fields -> carrying report"", ""emitted_canonicals"": [""Filled Indicator"", ""Job Requisition"", ""Position Status""], ""lexicon_rule"": ""recruiting.requisition"", ""phrase"": ""vacancies""}",2.0.0,20260804
Q20620,can you show me something about moved from,vague_outcome,vague; business_outcome; zero_title_overlap,Hard,Answerable,1,vague_outcome,hcm new hires by event - dashboard,R3347,"{""construction"": ""lexicon phrase -> emitted fields -> carrying report"", ""emitted_canonicals"": [""Previous Organization""], ""lexicon_rule"": ""mobility.previous_org"", ""phrase"": ""moved from""}",2.0.0,20260804
Q20621,help me understand talent acquisition,vague_outcome,vague; business_outcome; zero_title_overlap,Hard,Answerable,1,vague_outcome,osv-recruiting source by source - monthly,R1676,"{""construction"": ""lexicon phrase -> emitted fields -> carrying report"", ""emitted_canonicals"": [""Recruiter""], ""lexicon_rule"": ""recruiting.recruiter"", ""phrase"": ""talent acquisition""}",2.0.0,20260804
Q20622,can you show me something about where does each employee work,vague_outcome,vague; business_outcome; zero_title_overlap,Hard,Answerable,1,vague_outcome,axis - open positions by recruiter - dashboard,R1313,"{""construction"": ""lexicon phrase -> emitted fields -> carrying report"", ""emitted_canonicals"": [""Location""], ""lexicon_rule"": ""core.location.workplace"", ""phrase"": ""where does each employee work""}",2.0.0,20260804
Q20623,what is going on with employee appraisal,vague_outcome,vague; business_outcome; zero_title_overlap,Hard,Answerable,1,vague_outcome,axis - goal summary by manager,R1423,"{""construction"": ""lexicon phrase -> emitted fields -> carrying report"", ""emitted_canonicals"": [""Performance Rating""], ""lexicon_rule"": ""performance.review"", ""phrase"": ""employee appraisal""}",2.0.0,20260804
Q20624,we are worried about exited,vague_outcome,vague; business_outcome; zero_title_overlap,Hard,Answerable,1,vague_outcome,axis - position changes by worker type - ytd,R2380,"{""construction"": ""lexicon phrase -> emitted fields -> carrying report"", ""emitted_canonicals"": [""Termination Date"", ""Termination Reason""], ""lexicon_rule"": ""term.people_left"", ""phrase"": ""exited""}",2.0.0,20260804
Q20625,i need to get a handle on review ratings,vague_outcome,vague; business_outcome; zero_title_overlap,Hard,Answerable,1,vague_outcome,axis - headcount by quarter - current,R1808,"{""construction"": ""lexicon phrase -> emitted fields -> carrying report"", ""emitted_canonicals"": [""Performance Rating""], ""lexicon_rule"": ""performance.score"", ""phrase"": ""review ratings""}",2.0.0,20260804
Q20626,what is going on with termination details,vague_outcome,vague; business_outcome; zero_title_overlap,Hard,Answerable,1,vague_outcome,axis - terminations by region - quarterly,R0524,"{""construction"": ""lexicon phrase -> emitted fields -> carrying report"", ""emitted_canonicals"": [""Termination Count"", ""Termination Date"", ""Termination Reason"", ""Termination Type""], ""lexicon_rule"": ""term.termination_detail"", ""phrase"": ""termination details""}",2.0.0,20260804
Q20627,what is going on with after tax pay,vague_outcome,vague; business_outcome; zero_title_overlap,Hard,Answerable,1,vague_outcome,axis - payroll results by company - quarterly,R0948,"{""construction"": ""lexicon phrase -> emitted fields -> carrying report"", ""emitted_canonicals"": [""Net Pay""], ""lexicon_rule"": ""payroll.take_home"", ""phrase"": ""after tax pay""}",2.0.0,20260804
Q20628,can you show me something about salary,vague_outcome,vague; business_outcome; zero_title_overlap,Hard,Answerable,1,vague_outcome,axis - comp grade by employee type - ytd,R3551,"{""construction"": ""lexicon phrase -> emitted fields -> carrying report"", ""emitted_canonicals"": [""Base Pay""], ""lexicon_rule"": ""comp.salary"", ""phrase"": ""salary""}",2.0.0,20260804
Q20629,what is going on with pto plan,vague_outcome,vague; business_outcome; zero_title_overlap,Hard,Answerable,1,vague_outcome,axis - leave details - dashboard,R2509,"{""construction"": ""lexicon phrase -> emitted fields -> carrying report"", ""emitted_canonicals"": [""Time Off Plan""], ""lexicon_rule"": ""absence.plan"", ""phrase"": ""pto plan""}",2.0.0,20260804
Q20630,what is going on with pay after taxes,vague_outcome,vague; business_outcome; zero_title_overlap,Hard,Answerable,1,vague_outcome,hcm payroll register by company - quarterly,R0256,"{""construction"": ""lexicon phrase -> emitted fields -> carrying report"", ""emitted_canonicals"": [""Net Pay""], ""lexicon_rule"": ""core.net_pay"", ""phrase"": ""pay after taxes""}",2.0.0,20260804
Q20631,we are worried about manager change,vague_outcome,vague; business_outcome; zero_title_overlap,Hard,Answerable,1,vague_outcome,axis - staffing events by event,R2087,"{""construction"": ""lexicon phrase -> emitted fields -> carrying report"", ""emitted_canonicals"": [""New Manager"", ""Previous Manager""], ""lexicon_rule"": ""mobility.manager_change"", ""phrase"": ""manager change""}",2.0.0,20260804
Q20632,help me understand course completion,vague_outcome,vague; business_outcome; zero_title_overlap,Hard,Answerable,1,vague_outcome,hcm learning enrollment by learner - audit,R1494,"{""construction"": ""lexicon phrase -> emitted fields -> carrying report"", ""emitted_canonicals"": [""Completion Date"", ""Completion Score"", ""Completion Status""], ""lexicon_rule"": ""learning.completion"", ""phrase"": ""course completion""}",2.0.0,20260804
Q20633,i need to get a handle on people leaving,vague_outcome,vague; business_outcome; zero_title_overlap,Hard,Answerable,1,vague_outcome,axis - staffing events by organization - ytd,R3293,"{""construction"": ""lexicon phrase -> emitted fields -> carrying report"", ""emitted_canonicals"": [""Termination Date"", ""Termination Reason""], ""lexicon_rule"": ""term.people_left"", ""phrase"": ""people leaving""}",2.0.0,20260804
Q20634,help me understand staff,vague_outcome,vague; business_outcome; zero_title_overlap,Hard,Answerable,1,vague_outcome,axis - benefit events by company - monthly,R0059,"{""construction"": ""lexicon phrase -> emitted fields -> carrying report"", ""emitted_canonicals"": [""Worker""], ""lexicon_rule"": ""worker.people"", ""phrase"": ""staff""}",2.0.0,20260804
Q20635,help me understand pay cycle,vague_outcome,vague; business_outcome; zero_title_overlap,Hard,Answerable,1,vague_outcome,cr_payment election by earning - audit,R0173,"{""construction"": ""lexicon phrase -> emitted fields -> carrying report"", ""emitted_canonicals"": [""Pay Period""], ""lexicon_rule"": ""core.pay_period"", ""phrase"": ""pay cycle""}",2.0.0,20260804
Q20636,i need to get a handle on churn rate,vague_outcome,vague; business_outcome; zero_title_overlap,Hard,Answerable,1,vague_outcome,hcm turnover by business unit - current,R0347,"{""construction"": ""lexicon phrase -> emitted fields -> carrying report"", ""emitted_canonicals"": [""Average Headcount"", ""Termination Count"", ""Turnover Rate""], ""lexicon_rule"": ""term.turnover_rate"", ""phrase"": ""churn rate""}",2.0.0,20260804
Q20637,why are we training assignments,vague_outcome,vague; business_outcome; zero_title_overlap,Hard,Answerable,1,vague_outcome,dax position restrictions by organization - quarterly,R0273,"{""construction"": ""lexicon phrase -> emitted fields -> carrying report"", ""emitted_canonicals"": [""Learner"", ""Learning Assignment""], ""lexicon_rule"": ""learning.training"", ""phrase"": ""training assignments""}",2.0.0,20260804
Q20638,we are worried about return to work,vague_outcome,vague; business_outcome; zero_title_overlap,Hard,Answerable,1,vague_outcome,axis - absence calendar by leave type - historical,R3292,"{""construction"": ""lexicon phrase -> emitted fields -> carrying report"", ""emitted_canonicals"": [""Return Date""], ""lexicon_rule"": ""absence.return"", ""phrase"": ""return to work""}",2.0.0,20260804
Q20639,i need to get a handle on employees,vague_outcome,vague; business_outcome; zero_title_overlap,Hard,Answerable,1,vague_outcome,axis - merit review by company,R3082,"{""construction"": ""lexicon phrase -> emitted fields -> carrying report"", ""emitted_canonicals"": [""Worker""], ""lexicon_rule"": ""worker.people"", ""phrase"": ""employees""}",2.0.0,20260804
Q20640,we are worried about employee,vague_outcome,vague; business_outcome; zero_title_overlap,Hard,Answerable,1,vague_outcome,osv-pay equity by manager,R2228,"{""construction"": ""lexicon phrase -> emitted fields -> carrying report"", ""emitted_canonicals"": [""Worker""], ""lexicon_rule"": ""worker.people"", ""phrase"": ""employee""}",2.0.0,20260804
Q20641,can you show me something about job application,vague_outcome,vague; business_outcome; zero_title_overlap,Hard,Answerable,1,vague_outcome,axis - candidate pipeline by location - ytd,R1424,"{""construction"": ""lexicon phrase -> emitted fields -> carrying report"", ""emitted_canonicals"": [""Application Date"", ""Application Stage"", ""Application Status""], ""lexicon_rule"": ""recruiting.application"", ""phrase"": ""job application""}",2.0.0,20260804
Q20642,can you show me something about potential replacement,vague_outcome,vague; business_outcome; zero_title_overlap,Hard,Answerable,1,vague_outcome,talent matrix by organization - ytd,R1649,"{""construction"": ""lexicon phrase -> emitted fields -> carrying report"", ""emitted_canonicals"": [""Succession Candidate"", ""Succession Plan"", ""Succession Readiness""], ""lexicon_rule"": ""succession.replacement"", ""phrase"": ""potential replacement""}",2.0.0,20260804
Q20643,can you show me something about deduction,vague_outcome,vague; business_outcome; zero_title_overlap,Hard,Answerable,1,vague_outcome,axis - payment election by earning - audit,R1202,"{""construction"": ""lexicon phrase -> emitted fields -> carrying report"", ""emitted_canonicals"": [""Deductions""], ""lexicon_rule"": ""core.deductions"", ""phrase"": ""deduction""}",2.0.0,20260804
Q20644,we are worried about organization,vague_outcome,vague; business_outcome; zero_title_overlap,Hard,Answerable,1,vague_outcome,dax worker roster by manager,R0569,"{""construction"": ""lexicon phrase -> emitted fields -> carrying report"", ""emitted_canonicals"": [""Supervisory Organization""], ""lexicon_rule"": ""org.grouped_by_org"", ""phrase"": ""organization""}",2.0.0,20260804
Q20645,can you show me something about range middle,vague_outcome,vague; business_outcome; zero_title_overlap,Hard,Answerable,1,vague_outcome,cr_allowance by grade - current,R0967,"{""construction"": ""lexicon phrase -> emitted fields -> carrying report"", ""emitted_canonicals"": [""Range Midpoint""], ""lexicon_rule"": ""salary_ranges.midpoint"", ""phrase"": ""range middle""}",2.0.0,20260804
Q20646,we are worried about separation details,vague_outcome,vague; business_outcome; zero_title_overlap,Hard,Answerable,1,vague_outcome,axis - terminations by region - quarterly,R0524,"{""construction"": ""lexicon phrase -> emitted fields -> carrying report"", ""emitted_canonicals"": [""Termination Count"", ""Termination Date"", ""Termination Reason"", ""Termination Type""], ""lexicon_rule"": ""term.termination_detail"", ""phrase"": ""separation details""}",2.0.0,20260804
Q20647,can you show me something about churn rate,vague_outcome,vague; business_outcome; zero_title_overlap,Hard,Answerable,1,vague_outcome,axis - turnover by business unit,R3451,"{""construction"": ""lexicon phrase -> emitted fields -> carrying report"", ""emitted_canonicals"": [""Average Headcount"", ""Termination Count"", ""Turnover Rate""], ""lexicon_rule"": ""term.turnover_rate"", ""phrase"": ""churn rate""}",2.0.0,20260804
Q20648,we are worried about training assignments,vague_outcome,vague; business_outcome; zero_title_overlap,Hard,Answerable,1,vague_outcome,axis - upcoming learning by organization - ytd,R1686,"{""construction"": ""lexicon phrase -> emitted fields -> carrying report"", ""emitted_canonicals"": [""Learner"", ""Learning Assignment""], ""lexicon_rule"": ""learning.training"", ""phrase"": ""training assignments""}",2.0.0,20260804
Q20649,what is going on with payroll period,vague_outcome,vague; business_outcome; zero_title_overlap,Hard,Answerable,1,vague_outcome,osv-pay calculation by earning - dashboard,R0980,"{""construction"": ""lexicon phrase -> emitted fields -> carrying report"", ""emitted_canonicals"": [""Pay Period""], ""lexicon_rule"": ""core.pay_period"", ""phrase"": ""payroll period""}",2.0.0,20260804
Q20650,we are worried about training overdue,vague_outcome,vague; business_outcome; zero_title_overlap,Hard,Answerable,1,vague_outcome,dax learning assignment by organization - quarterly,R1293,"{""construction"": ""lexicon phrase -> emitted fields -> carrying report"", ""emitted_canonicals"": [""Completion Status"", ""Due Date""], ""lexicon_rule"": ""learning.overdue"", ""phrase"": ""training overdue""}",2.0.0,20260804
Q20651,help me understand courses assigned,vague_outcome,vague; business_outcome; zero_title_overlap,Hard,Answerable,1,vague_outcome,learning campaign - current,R0397,"{""construction"": ""lexicon phrase -> emitted fields -> carrying report"", ""emitted_canonicals"": [""Learner"", ""Learning Assignment""], ""lexicon_rule"": ""learning.training"", ""phrase"": ""courses assigned""}",2.0.0,20260804
Q20652,why are we prior manager,vague_outcome,vague; business_outcome; zero_title_overlap,Hard,Answerable,1,vague_outcome,axis - termination detail by event - detail,R1148,"{""construction"": ""lexicon phrase -> emitted fields -> carrying report"", ""emitted_canonicals"": [""Previous Manager""], ""lexicon_rule"": ""mobility.previous_manager"", ""phrase"": ""prior manager""}",2.0.0,20260804
Q20653,can you show me something about return to work,vague_outcome,vague; business_outcome; zero_title_overlap,Hard,Answerable,1,vague_outcome,axis - time off balances - current,R2929,"{""construction"": ""lexicon phrase -> emitted fields -> carrying report"", ""emitted_canonicals"": [""Return Date""], ""lexicon_rule"": ""absence.return"", ""phrase"": ""return to work""}",2.0.0,20260804
Q20654,what is going on with former manager,vague_outcome,vague; business_outcome; zero_title_overlap,Hard,Answerable,1,vague_outcome,dax terminations,R2585,"{""construction"": ""lexicon phrase -> emitted fields -> carrying report"", ""emitted_canonicals"": [""Previous Manager""], ""lexicon_rule"": ""mobility.previous_manager"", ""phrase"": ""former manager""}",2.0.0,20260804
Q20655,what is going on with market midpoint,vague_outcome,vague; business_outcome; zero_title_overlap,Hard,Answerable,1,vague_outcome,allowance by region - quarterly,R1992,"{""construction"": ""lexicon phrase -> emitted fields -> carrying report"", ""emitted_canonicals"": [""Range Midpoint""], ""lexicon_rule"": ""salary_ranges.midpoint"", ""phrase"": ""market midpoint""}",2.0.0,20260804
Q20656,help me understand where does each employee work,vague_outcome,vague; business_outcome; zero_title_overlap,Hard,Answerable,1,vague_outcome,hcm worker demographics - audit,R2114,"{""construction"": ""lexicon phrase -> emitted fields -> carrying report"", ""emitted_canonicals"": [""Location""], ""lexicon_rule"": ""core.location.workplace"", ""phrase"": ""where does each employee work""}",2.0.0,20260804
Q20657,we are worried about leave status,vague_outcome,vague; business_outcome; zero_title_overlap,Hard,Answerable,1,vague_outcome,absence calendar by worker - historical,R1828,"{""construction"": ""lexicon phrase -> emitted fields -> carrying report"", ""emitted_canonicals"": [""Leave Status""], ""lexicon_rule"": ""absence.status"", ""phrase"": ""leave status""}",2.0.0,20260804
Q20658,what is going on with employee churn,vague_outcome,vague; business_outcome; zero_title_overlap,Hard,Answerable,1,vague_outcome,axis - turnover by business unit - monthly,R2307,"{""construction"": ""lexicon phrase -> emitted fields -> carrying report"", ""emitted_canonicals"": [""Average Headcount"", ""Termination Count"", ""Turnover Rate""], ""lexicon_rule"": ""term.turnover_rate"", ""phrase"": ""employee churn""}",2.0.0,20260804
Q20659,why are we paycheck period,vague_outcome,vague; business_outcome; zero_title_overlap,Hard,Answerable,1,vague_outcome,axis - payroll register - audit,R0145,"{""construction"": ""lexicon phrase -> emitted fields -> carrying report"", ""emitted_canonicals"": [""Pay Period""], ""lexicon_rule"": ""core.pay_period"", ""phrase"": ""paycheck period""}",2.0.0,20260804
Q20660,help me understand job application,vague_outcome,vague; business_outcome; zero_title_overlap,Hard,Answerable,1,vague_outcome,dax agency activity,R1949,"{""construction"": ""lexicon phrase -> emitted fields -> carrying report"", ""emitted_canonicals"": [""Application Date"", ""Application Stage"", ""Application Status""], ""lexicon_rule"": ""recruiting.application"", ""phrase"": ""job application""}",2.0.0,20260804
Q20661,what is going on with take-home pay,vague_outcome,vague; business_outcome; zero_title_overlap,Hard,Answerable,1,vague_outcome,axis - payroll results by earning - current,R3732,"{""construction"": ""lexicon phrase -> emitted fields -> carrying report"", ""emitted_canonicals"": [""Net Pay""], ""lexicon_rule"": ""core.net_pay"", ""phrase"": ""take-home pay""}",2.0.0,20260804
Q20662,i need to get a handle on benefit enrollment,vague_outcome,vague; business_outcome; zero_title_overlap,Hard,Answerable,1,vague_outcome,axis - cost centers by location - audit,R1426,"{""construction"": ""lexicon phrase -> emitted fields -> carrying report"", ""emitted_canonicals"": [""Benefit Plan"", ""Election Status""], ""lexicon_rule"": ""benefits.coverage"", ""phrase"": ""benefit enrollment""}",2.0.0,20260804
Q20663,we are worried about employing company,vague_outcome,vague; business_outcome; zero_title_overlap,Hard,Answerable,1,vague_outcome,axis - job profile by location,R2403,"{""construction"": ""lexicon phrase -> emitted fields -> carrying report"", ""emitted_canonicals"": [""Company""], ""lexicon_rule"": ""location.company"", ""phrase"": ""employing company""}",2.0.0,20260804
Q20664,can you show me something about pay after taxes,vague_outcome,vague; business_outcome; zero_title_overlap,Hard,Answerable,1,vague_outcome,axis - payroll inputs - audit,R2651,"{""construction"": ""lexicon phrase -> emitted fields -> carrying report"", ""emitted_canonicals"": [""Net Pay""], ""lexicon_rule"": ""core.net_pay"", ""phrase"": ""pay after taxes""}",2.0.0,20260804
Q20665,we are worried about job openings,vague_outcome,vague; business_outcome; zero_title_overlap,Hard,Answerable,1,vague_outcome,dax vacant positions - quarterly,R1218,"{""construction"": ""lexicon phrase -> emitted fields -> carrying report"", ""emitted_canonicals"": [""Filled Indicator"", ""Job Requisition"", ""Position Status""], ""lexicon_rule"": ""recruiting.requisition"", ""phrase"": ""job openings""}",2.0.0,20260804
Q20666,can you show me something about absence type,vague_outcome,vague; business_outcome; zero_title_overlap,Hard,Answerable,1,vague_outcome,axis - workers on leave - historical,R0741,"{""construction"": ""lexicon phrase -> emitted fields -> carrying report"", ""emitted_canonicals"": [""Leave Type"", ""Time Off Type""], ""lexicon_rule"": ""absence.type"", ""phrase"": ""absence type""}",2.0.0,20260804
Q20667,i need to get a handle on new boss,vague_outcome,vague; business_outcome; zero_title_overlap,Hard,Answerable,1,vague_outcome,axis - staffing events by event,R2087,"{""construction"": ""lexicon phrase -> emitted fields -> carrying report"", ""emitted_canonicals"": [""New Manager"", ""Previous Manager""], ""lexicon_rule"": ""mobility.manager_change"", ""phrase"": ""new boss""}",2.0.0,20260804
Q20668,can you show me something about people leader,vague_outcome,vague; business_outcome; zero_title_overlap,Hard,Answerable,1,vague_outcome,axis - goal summary by organization - dashboard,R0898,"{""construction"": ""lexicon phrase -> emitted fields -> carrying report"", ""emitted_canonicals"": [""Manager""], ""lexicon_rule"": ""core.manager.boss"", ""phrase"": ""people leader""}",2.0.0,20260804
Q20669,help me understand candidate application,vague_outcome,vague; business_outcome; zero_title_overlap,Hard,Answerable,1,vague_outcome,transfers by business unit - quarterly,R3837,"{""construction"": ""lexicon phrase -> emitted fields -> carrying report"", ""emitted_canonicals"": [""Application Date"", ""Application Stage"", ""Application Status""], ""lexicon_rule"": ""recruiting.application"", ""phrase"": ""candidate application""}",2.0.0,20260804
Q20670,we are worried about org,vague_outcome,vague; business_outcome; zero_title_overlap,Hard,Answerable,1,vague_outcome,axis - manager hierarchy by company - current v2,R0771,"{""construction"": ""lexicon phrase -> emitted fields -> carrying report"", ""emitted_canonicals"": [""Supervisory Organization""], ""lexicon_rule"": ""org.grouped_by_org"", ""phrase"": ""org""}",2.0.0,20260804
Q20671,i need to get a handle on past due,vague_outcome,vague; business_outcome; zero_title_overlap,Hard,Answerable,1,vague_outcome,dax position restrictions by organization - quarterly,R0273,"{""construction"": ""lexicon phrase -> emitted fields -> carrying report"", ""emitted_canonicals"": [""Completion Status"", ""Due Date""], ""lexicon_rule"": ""learning.overdue"", ""phrase"": ""past due""}",2.0.0,20260804
Q20672,why are we paycheck cycle,vague_outcome,vague; business_outcome; zero_title_overlap,Hard,Answerable,1,vague_outcome,axis - payment election by company - current,R1625,"{""construction"": ""lexicon phrase -> emitted fields -> carrying report"", ""emitted_canonicals"": [""Pay Period""], ""lexicon_rule"": ""payroll.period"", ""phrase"": ""paycheck cycle""}",2.0.0,20260804
Q20673,we are worried about base salary,vague_outcome,vague; business_outcome; zero_title_overlap,Hard,Answerable,1,vague_outcome,axis - compensation actuals by company,R1340,"{""construction"": ""lexicon phrase -> emitted fields -> carrying report"", ""emitted_canonicals"": [""Base Pay""], ""lexicon_rule"": ""comp.salary"", ""phrase"": ""base salary""}",2.0.0,20260804
Q20674,help me understand separations,vague_outcome,vague; business_outcome; zero_title_overlap,Hard,Answerable,1,vague_outcome,axis - terminations by organization - historical,R2604,"{""construction"": ""lexicon phrase -> emitted fields -> carrying report"", ""emitted_canonicals"": [""Termination Date"", ""Termination Reason""], ""lexicon_rule"": ""term.people_left"", ""phrase"": ""separations""}",2.0.0,20260804
Q20675,why are we employees,vague_outcome,vague; business_outcome; zero_title_overlap,Hard,Answerable,1,vague_outcome,cr_employee profile by organization - historical,R1906,"{""construction"": ""lexicon phrase -> emitted fields -> carrying report"", ""emitted_canonicals"": [""Worker""], ""lexicon_rule"": ""worker.people"", ""phrase"": ""employees""}",2.0.0,20260804
Q20676,help me understand leave status,vague_outcome,vague; business_outcome; zero_title_overlap,Hard,Answerable,1,vague_outcome,absence calendar - audit,R0436,"{""construction"": ""lexicon phrase -> emitted fields -> carrying report"", ""emitted_canonicals"": [""Leave Status""], ""lexicon_rule"": ""absence.status"", ""phrase"": ""leave status""}",2.0.0,20260804
Q20677,why are we overdue,vague_outcome,vague; business_outcome; zero_title_overlap,Hard,Answerable,1,vague_outcome,hcm upcoming learning by learner - audit,R2919,"{""construction"": ""lexicon phrase -> emitted fields -> carrying report"", ""emitted_canonicals"": [""Completion Status"", ""Due Date""], ""lexicon_rule"": ""learning.overdue"", ""phrase"": ""overdue""}",2.0.0,20260804
Q20678,what is going on with application pipeline,vague_outcome,vague; business_outcome; zero_title_overlap,Hard,Answerable,1,vague_outcome,hcm job posting by source - detail,R1777,"{""construction"": ""lexicon phrase -> emitted fields -> carrying report"", ""emitted_canonicals"": [""Application Date"", ""Application Stage"", ""Application Status""], ""lexicon_rule"": ""recruiting.application"", ""phrase"": ""application pipeline""}",2.0.0,20260804
Q20679,we are worried about who left,vague_outcome,vague; business_outcome; zero_title_overlap,Hard,Answerable,1,vague_outcome,axis - mobility events by organization - historical,R0239,"{""construction"": ""lexicon phrase -> emitted fields -> carrying report"", ""emitted_canonicals"": [""Termination Date"", ""Termination Reason""], ""lexicon_rule"": ""term.people_left"", ""phrase"": ""who left""}",2.0.0,20260804
Q20680,help me understand leave status,vague_outcome,vague; business_outcome; zero_title_overlap,Hard,Answerable,1,vague_outcome,vacation report by worker - summary,R3353,"{""construction"": ""lexicon phrase -> emitted fields -> carrying report"", ""emitted_canonicals"": [""Leave Status""], ""lexicon_rule"": ""absence.status"", ""phrase"": ""leave status""}",2.0.0,20260804
Q20681,can you show me something about successors,vague_outcome,vague; business_outcome; zero_title_overlap,Hard,Answerable,1,vague_outcome,hcm readiness by talent pool - monthly,R3826,"{""construction"": ""lexicon phrase -> emitted fields -> carrying report"", ""emitted_canonicals"": [""Succession Candidate"", ""Succession Plan"", ""Succession Readiness""], ""lexicon_rule"": ""succession.replacement"", ""phrase"": ""successors""}",2.0.0,20260804
Q20682,why are we previous department,vague_outcome,vague; business_outcome; zero_title_overlap,Hard,Answerable,1,vague_outcome,axis - new hires by worker type - summary,R3298,"{""construction"": ""lexicon phrase -> emitted fields -> carrying report"", ""emitted_canonicals"": [""Previous Organization""], ""lexicon_rule"": ""mobility.previous_org"", ""phrase"": ""previous department""}",2.0.0,20260804
Q20683,i need to get a handle on gross earnings,vague_outcome,vague; business_outcome; zero_title_overlap,Hard,Answerable,1,vague_outcome,axis - payroll register by worker - quarterly,R0472,"{""construction"": ""lexicon phrase -> emitted fields -> carrying report"", ""emitted_canonicals"": [""Gross Pay""], ""lexicon_rule"": ""comp.gross"", ""phrase"": ""gross earnings""}",2.0.0,20260804
Q20684,what is going on with team size,vague_outcome,vague; business_outcome; zero_title_overlap,Hard,Answerable,1,vague_outcome,axis - headcount by manager - summary,R0628,"{""construction"": ""lexicon phrase -> emitted fields -> carrying report"", ""emitted_canonicals"": [""Headcount""], ""lexicon_rule"": ""core.headcount.team_size"", ""phrase"": ""team size""}",2.0.0,20260804
Q20685,why are we annual earnings amount,vague_outcome,vague; business_outcome; zero_title_overlap,Hard,Answerable,1,vague_outcome,axis - position budget by organization - quarterly,R1547,"{""construction"": ""lexicon phrase -> emitted fields -> carrying report"", ""emitted_canonicals"": [""Annualized Amount""], ""lexicon_rule"": ""worker.annualized_pay"", ""phrase"": ""annual earnings amount""}",2.0.0,20260804
Q20686,i need to get a handle on org,vague_outcome,vague; business_outcome; zero_title_overlap,Hard,Answerable,1,vague_outcome,axis - worker snapshot by country - detail,R2865,"{""construction"": ""lexicon phrase -> emitted fields -> carrying report"", ""emitted_canonicals"": [""Supervisory Organization""], ""lexicon_rule"": ""org.grouped_by_org"", ""phrase"": ""org""}",2.0.0,20260804
Q20687,why are we former department,vague_outcome,vague; business_outcome; zero_title_overlap,Hard,Answerable,1,vague_outcome,axis - staffing snapshot - summary v2,R0210,"{""construction"": ""lexicon phrase -> emitted fields -> carrying report"", ""emitted_canonicals"": [""Previous Organization""], ""lexicon_rule"": ""mobility.previous_org"", ""phrase"": ""former department""}",2.0.0,20260804
Q20688,what is going on with former department,vague_outcome,vague; business_outcome; zero_title_overlap,Hard,Answerable,1,vague_outcome,axis - new hires by worker type - summary,R3298,"{""construction"": ""lexicon phrase -> emitted fields -> carrying report"", ""emitted_canonicals"": [""Previous Organization""], ""lexicon_rule"": ""mobility.previous_org"", ""phrase"": ""former department""}",2.0.0,20260804
Q20689,what is going on with new boss,vague_outcome,vague; business_outcome; zero_title_overlap,Hard,Answerable,1,vague_outcome,dax terminations by event (5),R2933,"{""construction"": ""lexicon phrase -> emitted fields -> carrying report"", ""emitted_canonicals"": [""New Manager"", ""Previous Manager""], ""lexicon_rule"": ""mobility.manager_change"", ""phrase"": ""new boss""}",2.0.0,20260804
Q20690,we are worried about salary,vague_outcome,vague; business_outcome; zero_title_overlap,Hard,Answerable,1,vague_outcome,axis - bonus and one-time by company - ytd,R2518,"{""construction"": ""lexicon phrase -> emitted fields -> carrying report"", ""emitted_canonicals"": [""Base Pay""], ""lexicon_rule"": ""comp.salary"", ""phrase"": ""salary""}",2.0.0,20260804
Q20691,can you show me something about employee appraisal,vague_outcome,vague; business_outcome; zero_title_overlap,Hard,Answerable,1,vague_outcome,hcm readiness by talent pool - monthly,R3826,"{""construction"": ""lexicon phrase -> emitted fields -> carrying report"", ""emitted_canonicals"": [""Performance Rating""], ""lexicon_rule"": ""performance.review"", ""phrase"": ""employee appraisal""}",2.0.0,20260804
Q20692,i need to get a handle on talent acquisition,vague_outcome,vague; business_outcome; zero_title_overlap,Hard,Answerable,1,vague_outcome,axis - job posting by source - quarterly,R0764,"{""construction"": ""lexicon phrase -> emitted fields -> carrying report"", ""emitted_canonicals"": [""Recruiter""], ""lexicon_rule"": ""recruiting.recruiter"", ""phrase"": ""talent acquisition""}",2.0.0,20260804
Q20693,can you show me something about fixed pay,vague_outcome,vague; business_outcome; zero_title_overlap,Hard,Answerable,1,vague_outcome,active employee by company,R2080,"{""construction"": ""lexicon phrase -> emitted fields -> carrying report"", ""emitted_canonicals"": [""Base Pay""], ""lexicon_rule"": ""comp.salary"", ""phrase"": ""fixed pay""}",2.0.0,20260804
Q20694,why are we previous boss,vague_outcome,vague; business_outcome; zero_title_overlap,Hard,Answerable,1,vague_outcome,axis - worker demographics by manager - detail,R2467,"{""construction"": ""lexicon phrase -> emitted fields -> carrying report"", ""emitted_canonicals"": [""Previous Manager""], ""lexicon_rule"": ""mobility.previous_manager"", ""phrase"": ""previous boss""}",2.0.0,20260804
Q20695,we are worried about workplace,vague_outcome,vague; business_outcome; zero_title_overlap,Hard,Answerable,1,vague_outcome,hcm active employee - ytd 2026,R1685,"{""construction"": ""lexicon phrase -> emitted fields -> carrying report"", ""emitted_canonicals"": [""Location""], ""lexicon_rule"": ""core.location.workplace"", ""phrase"": ""workplace""}",2.0.0,20260804
Q20696,what is going on with voluntary termination,vague_outcome,vague; business_outcome; zero_title_overlap,Hard,Answerable,1,vague_outcome,axis - staffing events by country - dashboard,R2594,"{""construction"": ""lexicon phrase -> emitted fields -> carrying report"", ""emitted_canonicals"": [""Termination Reason"", ""Termination Type""], ""lexicon_rule"": ""term.voluntary_exit"", ""phrase"": ""voluntary termination""}",2.0.0,20260804
Q20697,i need to get a handle on return to work,vague_outcome,vague; business_outcome; zero_title_overlap,Hard,Answerable,1,vague_outcome,osv-leave details by worker - dashboard (1),R0999,"{""construction"": ""lexicon phrase -> emitted fields -> carrying report"", ""emitted_canonicals"": [""Return Date""], ""lexicon_rule"": ""absence.return"", ""phrase"": ""return to work""}",2.0.0,20260804
Q20698,i need to get a handle on work location,vague_outcome,vague; business_outcome; zero_title_overlap,Hard,Answerable,1,vague_outcome,axis - open positions by job family - dashboard,R1821,"{""construction"": ""lexicon phrase -> emitted fields -> carrying report"", ""emitted_canonicals"": [""Location""], ""lexicon_rule"": ""core.location.workplace"", ""phrase"": ""work location""}",2.0.0,20260804
Q20699,help me understand successor,vague_outcome,vague; business_outcome; zero_title_overlap,Hard,Answerable,1,vague_outcome,hcm readiness by talent pool - monthly,R3826,"{""construction"": ""lexicon phrase -> emitted fields -> carrying report"", ""emitted_canonicals"": [""Succession Candidate"", ""Succession Plan"", ""Succession Readiness""], ""lexicon_rule"": ""succession.replacement"", ""phrase"": ""successor""}",2.0.0,20260804
Q20700,we are worried about legal entity,vague_outcome,vague; business_outcome; zero_title_overlap,Hard,Answerable,1,vague_outcome,axis - headcount by country,R3211,"{""construction"": ""lexicon phrase -> emitted fields -> carrying report"", ""emitted_canonicals"": [""Company""], ""lexicon_rule"": ""location.company"", ""phrase"": ""legal entity""}",2.0.0,20260804
Q20701,i need to get a handle on resigned,vague_outcome,vague; business_outcome; zero_title_overlap,Hard,Answerable,1,vague_outcome,axis - terminations by manager - current,R3651,"{""construction"": ""lexicon phrase -> emitted fields -> carrying report"", ""emitted_canonicals"": [""Termination Reason"", ""Termination Type""], ""lexicon_rule"": ""term.voluntary_exit"", ""phrase"": ""resigned""}",2.0.0,20260804
Q20702,what is going on with pay cycle,vague_outcome,vague; business_outcome; zero_title_overlap,Hard,Answerable,1,vague_outcome,cr_payroll results by earning - detail,R0939,"{""construction"": ""lexicon phrase -> emitted fields -> carrying report"", ""emitted_canonicals"": [""Pay Period""], ""lexicon_rule"": ""core.pay_period"", ""phrase"": ""pay cycle""}",2.0.0,20260804
Q20703,we are worried about return to work,vague_outcome,vague; business_outcome; zero_title_overlap,Hard,Answerable,1,vague_outcome,axis - absence calendar by date (3),R0954,"{""construction"": ""lexicon phrase -> emitted fields -> carrying report"", ""emitted_canonicals"": [""Return Date""], ""lexicon_rule"": ""absence.return"", ""phrase"": ""return to work""}",2.0.0,20260804
Q20704,i need to get a handle on former manager,vague_outcome,vague; business_outcome; zero_title_overlap,Hard,Answerable,1,vague_outcome,dax terminations by event (5),R2933,"{""construction"": ""lexicon phrase -> emitted fields -> carrying report"", ""emitted_canonicals"": [""Previous Manager""], ""lexicon_rule"": ""mobility.previous_manager"", ""phrase"": ""former manager""}",2.0.0,20260804
Q20705,can you show me something about old boss,vague_outcome,vague; business_outcome; zero_title_overlap,Hard,Answerable,1,vague_outcome,cr_mobility events by organization - historical,R0027,"{""construction"": ""lexicon phrase -> emitted fields -> carrying report"", ""emitted_canonicals"": [""Previous Manager""], ""lexicon_rule"": ""mobility.previous_manager"", ""phrase"": ""old boss""}",2.0.0,20260804
Q20706,why are we people,vague_outcome,vague; business_outcome; zero_title_overlap,Hard,Answerable,1,vague_outcome,axis - attrition by business unit - current,R1669,"{""construction"": ""lexicon phrase -> emitted fields -> carrying report"", ""emitted_canonicals"": [""Worker""], ""lexicon_rule"": ""worker.people"", ""phrase"": ""people""}",2.0.0,20260804
Q20707,what is going on with paycheck period,vague_outcome,vague; business_outcome; zero_title_overlap,Hard,Answerable,1,vague_outcome,axis - payment election by earning - audit,R1202,"{""construction"": ""lexicon phrase -> emitted fields -> carrying report"", ""emitted_canonicals"": [""Pay Period""], ""lexicon_rule"": ""core.pay_period"", ""phrase"": ""paycheck period""}",2.0.0,20260804
Q20708,help me understand exit details,vague_outcome,vague; business_outcome; zero_title_overlap,Hard,Answerable,1,vague_outcome,axis - terminations by region - quarterly,R0524,"{""construction"": ""lexicon phrase -> emitted fields -> carrying report"", ""emitted_canonicals"": [""Termination Count"", ""Termination Date"", ""Termination Reason"", ""Termination Type""], ""lexicon_rule"": ""term.termination_detail"", ""phrase"": ""exit details""}",2.0.0,20260804
Q20709,i need to get a handle on requisition cycle time,vague_outcome,vague; business_outcome; zero_title_overlap,Hard,Answerable,1,vague_outcome,hcm agency activity by recruiter - dashboard,R2592,"{""construction"": ""lexicon phrase -> emitted fields -> carrying report"", ""emitted_canonicals"": [""Time to Fill""], ""lexicon_rule"": ""recruiting.time_to_fill"", ""phrase"": ""requisition cycle time""}",2.0.0,20260804
Q20710,help me understand employee appraisal,vague_outcome,vague; business_outcome; zero_title_overlap,Hard,Answerable,1,vague_outcome,hcm allowance by plan - monthly,R3438,"{""construction"": ""lexicon phrase -> emitted fields -> carrying report"", ""emitted_canonicals"": [""Performance Rating""], ""lexicon_rule"": ""performance.review"", ""phrase"": ""employee appraisal""}",2.0.0,20260804
Q20711,we are worried about team leader,vague_outcome,vague; business_outcome; zero_title_overlap,Hard,Answerable,1,vague_outcome,osv-employee identifier by manager - monthly,R1670,"{""construction"": ""lexicon phrase -> emitted fields -> carrying report"", ""emitted_canonicals"": [""Manager""], ""lexicon_rule"": ""core.manager.boss"", ""phrase"": ""team leader""}",2.0.0,20260804
Q20712,we are worried about past due,vague_outcome,vague; business_outcome; zero_title_overlap,Hard,Answerable,1,vague_outcome,osv-learning enrollment by learner - monthly,R1225,"{""construction"": ""lexicon phrase -> emitted fields -> carrying report"", ""emitted_canonicals"": [""Completion Status"", ""Due Date""], ""lexicon_rule"": ""learning.overdue"", ""phrase"": ""past due""}",2.0.0,20260804
Q20713,help me understand benefits group,vague_outcome,vague; business_outcome; zero_title_overlap,Hard,Answerable,1,vague_outcome,osv-benefit enrollment by company,R3585,"{""construction"": ""lexicon phrase -> emitted fields -> carrying report"", ""emitted_canonicals"": [""Benefit Group""], ""lexicon_rule"": ""benefits.group"", ""phrase"": ""benefits group""}",2.0.0,20260804
Q20714,what is going on with hiring turnaround,vague_outcome,vague; business_outcome; zero_title_overlap,Hard,Answerable,1,vague_outcome,axis - offer activity - detail,R3993,"{""construction"": ""lexicon phrase -> emitted fields -> carrying report"", ""emitted_canonicals"": [""Time to Fill""], ""lexicon_rule"": ""recruiting.time_to_fill"", ""phrase"": ""hiring turnaround""}",2.0.0,20260804
Q20715,help me understand prior manager,vague_outcome,vague; business_outcome; zero_title_overlap,Hard,Answerable,1,vague_outcome,axis - termination detail by event - detail,R1148,"{""construction"": ""lexicon phrase -> emitted fields -> carrying report"", ""emitted_canonicals"": [""Previous Manager""], ""lexicon_rule"": ""mobility.previous_manager"", ""phrase"": ""prior manager""}",2.0.0,20260804
Q20716,help me understand changed managers,vague_outcome,vague; business_outcome; zero_title_overlap,Hard,Answerable,1,vague_outcome,dax terminations by event (5),R2933,"{""construction"": ""lexicon phrase -> emitted fields -> carrying report"", ""emitted_canonicals"": [""New Manager"", ""Previous Manager""], ""lexicon_rule"": ""mobility.manager_change"", ""phrase"": ""changed managers""}",2.0.0,20260804
Q20717,we are worried about vacation plan,vague_outcome,vague; business_outcome; zero_title_overlap,Hard,Answerable,1,vague_outcome,axis - time off requests by organization - quarterly,R1109,"{""construction"": ""lexicon phrase -> emitted fields -> carrying report"", ""emitted_canonicals"": [""Time Off Plan""], ""lexicon_rule"": ""absence.plan"", ""phrase"": ""vacation plan""}",2.0.0,20260804
Q20718,i need to get a handle on past due,vague_outcome,vague; business_outcome; zero_title_overlap,Hard,Answerable,1,vague_outcome,hcm learning completion by campaign,R3883,"{""construction"": ""lexicon phrase -> emitted fields -> carrying report"", ""emitted_canonicals"": [""Completion Status"", ""Due Date""], ""lexicon_rule"": ""learning.overdue"", ""phrase"": ""past due""}",2.0.0,20260804
Q20719,can you show me something about absence status,vague_outcome,vague; business_outcome; zero_title_overlap,Hard,Answerable,1,vague_outcome,cr_vacation report by leave type - quarterly,R2368,"{""construction"": ""lexicon phrase -> emitted fields -> carrying report"", ""emitted_canonicals"": [""Leave Status""], ""lexicon_rule"": ""absence.status"", ""phrase"": ""absence status""}",2.0.0,20260804
Q20720,we are worried about overdue training,vague_outcome,vague; business_outcome; zero_title_overlap,Hard,Answerable,1,vague_outcome,axis - learning content by campaign,R1895,"{""construction"": ""lexicon phrase -> emitted fields -> carrying report"", ""emitted_canonicals"": [""Completion Status"", ""Due Date""], ""lexicon_rule"": ""learning.overdue"", ""phrase"": ""overdue training""}",2.0.0,20260804
Q20721,what is going on with deduction,vague_outcome,vague; business_outcome; zero_title_overlap,Hard,Answerable,1,vague_outcome,axis - payroll register by earning - ytd,R2632,"{""construction"": ""lexicon phrase -> emitted fields -> carrying report"", ""emitted_canonicals"": [""Deductions""], ""lexicon_rule"": ""core.deductions"", ""phrase"": ""deduction""}",2.0.0,20260804
Q20722,help me understand talent review,vague_outcome,vague; business_outcome; zero_title_overlap,Hard,Answerable,1,vague_outcome,axis - compensation statement,R1560,"{""construction"": ""lexicon phrase -> emitted fields -> carrying report"", ""emitted_canonicals"": [""Performance Rating""], ""lexicon_rule"": ""performance.review"", ""phrase"": ""talent review""}",2.0.0,20260804
Q20723,help me understand team size,vague_outcome,vague; business_outcome; zero_title_overlap,Hard,Answerable,1,vague_outcome,osv-headcount by manager - quarterly,R3567,"{""construction"": ""lexicon phrase -> emitted fields -> carrying report"", ""emitted_canonicals"": [""Headcount""], ""lexicon_rule"": ""core.headcount.team_size"", ""phrase"": ""team size""}",2.0.0,20260804
Q20724,can you show me something about performance review,vague_outcome,vague; business_outcome; zero_title_overlap,Hard,Answerable,1,vague_outcome,hcm talent matrix by manager - audit,R3409,"{""construction"": ""lexicon phrase -> emitted fields -> carrying report"", ""emitted_canonicals"": [""Performance Rating""], ""lexicon_rule"": ""performance.review"", ""phrase"": ""performance review""}",2.0.0,20260804
Q20725,help me understand deduction,vague_outcome,vague; business_outcome; zero_title_overlap,Hard,Answerable,1,vague_outcome,cr_payroll results by earning - detail,R0939,"{""construction"": ""lexicon phrase -> emitted fields -> carrying report"", ""emitted_canonicals"": [""Deductions""], ""lexicon_rule"": ""core.deductions"", ""phrase"": ""deduction""}",2.0.0,20260804
Q20726,help me understand ta recruiter,vague_outcome,vague; business_outcome; zero_title_overlap,Hard,Answerable,1,vague_outcome,candidate pipeline by source - dashboard,R0189,"{""construction"": ""lexicon phrase -> emitted fields -> carrying report"", ""emitted_canonicals"": [""Recruiter""], ""lexicon_rule"": ""recruiting.recruiter"", ""phrase"": ""ta recruiter""}",2.0.0,20260804
Q20727,help me understand team leader,vague_outcome,vague; business_outcome; zero_title_overlap,Hard,Answerable,1,vague_outcome,axis - goal progress by talent pool - dashboard,R3160,"{""construction"": ""lexicon phrase -> emitted fields -> carrying report"", ""emitted_canonicals"": [""Manager""], ""lexicon_rule"": ""core.manager.boss"", ""phrase"": ""team leader""}",2.0.0,20260804
Q20728,i need to get a handle on manager change,vague_outcome,vague; business_outcome; zero_title_overlap,Hard,Answerable,1,vague_outcome,dax terminations by event (5),R2933,"{""construction"": ""lexicon phrase -> emitted fields -> carrying report"", ""emitted_canonicals"": [""New Manager"", ""Previous Manager""], ""lexicon_rule"": ""mobility.manager_change"", ""phrase"": ""manager change""}",2.0.0,20260804
Q20729,can you show me something about recruiting stage,vague_outcome,vague; business_outcome; zero_title_overlap,Hard,Answerable,1,vague_outcome,hcm candidate status by location - historical,R0830,"{""construction"": ""lexicon phrase -> emitted fields -> carrying report"", ""emitted_canonicals"": [""Application Stage""], ""lexicon_rule"": ""recruiting.stage"", ""phrase"": ""recruiting stage""}",2.0.0,20260804
Q20730,can you show me something about market midpoint,vague_outcome,vague; business_outcome; zero_title_overlap,Hard,Answerable,1,vague_outcome,axis - salary range by grade,R2273,"{""construction"": ""lexicon phrase -> emitted fields -> carrying report"", ""emitted_canonicals"": [""Range Midpoint""], ""lexicon_rule"": ""salary_ranges.midpoint"", ""phrase"": ""market midpoint""}",2.0.0,20260804
Q20731,we are worried about pay before taxes,vague_outcome,vague; business_outcome; zero_title_overlap,Hard,Answerable,1,vague_outcome,axis - payroll inputs - audit,R2651,"{""construction"": ""lexicon phrase -> emitted fields -> carrying report"", ""emitted_canonicals"": [""Gross Pay""], ""lexicon_rule"": ""comp.gross"", ""phrase"": ""pay before taxes""}",2.0.0,20260804
Q20732,can you show me something about absence status,vague_outcome,vague; business_outcome; zero_title_overlap,Hard,Answerable,1,vague_outcome,dax leave details by leave type - historical,R2396,"{""construction"": ""lexicon phrase -> emitted fields -> carrying report"", ""emitted_canonicals"": [""Leave Status""], ""lexicon_rule"": ""absence.status"", ""phrase"": ""absence status""}",2.0.0,20260804
Q20733,we are worried about absence status,vague_outcome,vague; business_outcome; zero_title_overlap,Hard,Answerable,1,vague_outcome,leave details by worker - dashboard v3,R1930,"{""construction"": ""lexicon phrase -> emitted fields -> carrying report"", ""emitted_canonicals"": [""Leave Status""], ""lexicon_rule"": ""absence.status"", ""phrase"": ""absence status""}",2.0.0,20260804
Q20734,why are we annual earnings amount,vague_outcome,vague; business_outcome; zero_title_overlap,Hard,Answerable,1,vague_outcome,axis - salary range by plan - detail,R1707,"{""construction"": ""lexicon phrase -> emitted fields -> carrying report"", ""emitted_canonicals"": [""Annualized Amount""], ""lexicon_rule"": ""worker.annualized_pay"", ""phrase"": ""annual earnings amount""}",2.0.0,20260804
Q20735,why are we old organization,vague_outcome,vague; business_outcome; zero_title_overlap,Hard,Answerable,1,vague_outcome,terminations - ytd,R2390,"{""construction"": ""lexicon phrase -> emitted fields -> carrying report"", ""emitted_canonicals"": [""Previous Organization""], ""lexicon_rule"": ""mobility.previous_org"", ""phrase"": ""old organization""}",2.0.0,20260804
Q20736,help me understand start date,vague_outcome,vague; business_outcome; zero_title_overlap,Hard,Answerable,1,vague_outcome,axis - new hires by company - quarterly,R0183,"{""construction"": ""lexicon phrase -> emitted fields -> carrying report"", ""emitted_canonicals"": [""Hire Date""], ""lexicon_rule"": ""worker.hire_start_date"", ""phrase"": ""start date""}",2.0.0,20260804
Q20737,what is going on with leave status,vague_outcome,vague; business_outcome; zero_title_overlap,Hard,Answerable,1,vague_outcome,axis - vacation report by date - detail,R1831,"{""construction"": ""lexicon phrase -> emitted fields -> carrying report"", ""emitted_canonicals"": [""Leave Status""], ""lexicon_rule"": ""absence.status"", ""phrase"": ""leave status""}",2.0.0,20260804
Q20738,help me understand prior boss,vague_outcome,vague; business_outcome; zero_title_overlap,Hard,Answerable,1,vague_outcome,hcm position changes,R3098,"{""construction"": ""lexicon phrase -> emitted fields -> carrying report"", ""emitted_canonicals"": [""Previous Manager""], ""lexicon_rule"": ""mobility.previous_manager"", ""phrase"": ""prior boss""}",2.0.0,20260804
Q20739,why are we coverage window,vague_outcome,vague; business_outcome; zero_title_overlap,Hard,Answerable,1,vague_outcome,benefit events by company - summary,R1336,"{""construction"": ""lexicon phrase -> emitted fields -> carrying report"", ""emitted_canonicals"": [""Coverage Begin Date"", ""Coverage End Date""], ""lexicon_rule"": ""benefits.coverage_dates"", ""phrase"": ""coverage window""}",2.0.0,20260804
Q20740,we are worried about performance review,vague_outcome,vague; business_outcome; zero_title_overlap,Hard,Answerable,1,vague_outcome,hcm terminations by quarter - summary,R1357,"{""construction"": ""lexicon phrase -> emitted fields -> carrying report"", ""emitted_canonicals"": [""Performance Rating""], ""lexicon_rule"": ""performance.review"", ""phrase"": ""performance review""}",2.0.0,20260804
Q20741,why are we pay run period,vague_outcome,vague; business_outcome; zero_title_overlap,Hard,Answerable,1,vague_outcome,axis - earnings and deductions by company - detail,R3023,"{""construction"": ""lexicon phrase -> emitted fields -> carrying report"", ""emitted_canonicals"": [""Pay Period""], ""lexicon_rule"": ""payroll.period"", ""phrase"": ""pay run period""}",2.0.0,20260804
Q20742,what is going on with job application,vague_outcome,vague; business_outcome; zero_title_overlap,Hard,Answerable,1,vague_outcome,hcm applications - quarterly,R1474,"{""construction"": ""lexicon phrase -> emitted fields -> carrying report"", ""emitted_canonicals"": [""Application Date"", ""Application Stage"", ""Application Status""], ""lexicon_rule"": ""recruiting.application"", ""phrase"": ""job application""}",2.0.0,20260804
Q20743,what is going on with yearly compensation,vague_outcome,vague; business_outcome; zero_title_overlap,Hard,Answerable,1,vague_outcome,axis - comp grade by grade,R2059,"{""construction"": ""lexicon phrase -> emitted fields -> carrying report"", ""emitted_canonicals"": [""Annualized Amount""], ""lexicon_rule"": ""worker.annualized_pay"", ""phrase"": ""yearly compensation""}",2.0.0,20260804
Q20744,we are worried about changed managers,vague_outcome,vague; business_outcome; zero_title_overlap,Hard,Answerable,1,vague_outcome,dax terminations,R2585,"{""construction"": ""lexicon phrase -> emitted fields -> carrying report"", ""emitted_canonicals"": [""New Manager"", ""Previous Manager""], ""lexicon_rule"": ""mobility.manager_change"", ""phrase"": ""changed managers""}",2.0.0,20260804
Q20745,i need to get a handle on paycheck cycle,vague_outcome,vague; business_outcome; zero_title_overlap,Hard,Answerable,1,vague_outcome,pay calculation,R3256,"{""construction"": ""lexicon phrase -> emitted fields -> carrying report"", ""emitted_canonicals"": [""Pay Period""], ""lexicon_rule"": ""payroll.period"", ""phrase"": ""paycheck cycle""}",2.0.0,20260804
Q20746,we are worried about job seeker,vague_outcome,vague; business_outcome; zero_title_overlap,Hard,Answerable,1,vague_outcome,axis - candidate status by recruiter - historical,R1153,"{""construction"": ""lexicon phrase -> emitted fields -> carrying report"", ""emitted_canonicals"": [""Candidate""], ""lexicon_rule"": ""recruiting.applicant"", ""phrase"": ""job seeker""}",2.0.0,20260804
Q20747,what is going on with job application,vague_outcome,vague; business_outcome; zero_title_overlap,Hard,Answerable,1,vague_outcome,axis - candidate pipeline by candidate stage,R2361,"{""construction"": ""lexicon phrase -> emitted fields -> carrying report"", ""emitted_canonicals"": [""Application Date"", ""Application Stage"", ""Application Status""], ""lexicon_rule"": ""recruiting.application"", ""phrase"": ""job application""}",2.0.0,20260804
Q20748,why are we pay before taxes,vague_outcome,vague; business_outcome; zero_title_overlap,Hard,Answerable,1,vague_outcome,axis - payroll register,R1158,"{""construction"": ""lexicon phrase -> emitted fields -> carrying report"", ""emitted_canonicals"": [""Gross Pay""], ""lexicon_rule"": ""comp.gross"", ""phrase"": ""pay before taxes""}",2.0.0,20260804
Q20749,what is going on with replacement readiness,vague_outcome,vague; business_outcome; zero_title_overlap,Hard,Answerable,1,vague_outcome,talent matrix by organization - ytd,R1649,"{""construction"": ""lexicon phrase -> emitted fields -> carrying report"", ""emitted_canonicals"": [""Succession Candidate"", ""Succession Plan"", ""Succession Readiness""], ""lexicon_rule"": ""succession.readiness"", ""phrase"": ""replacement readiness""}",2.0.0,20260804
Q20750,we are worried about pay before taxes,vague_outcome,vague; business_outcome; zero_title_overlap,Hard,Answerable,1,vague_outcome,axis - payment election by period,R3586,"{""construction"": ""lexicon phrase -> emitted fields -> carrying report"", ""emitted_canonicals"": [""Gross Pay""], ""lexicon_rule"": ""comp.gross"", ""phrase"": ""pay before taxes""}",2.0.0,20260804
Q20751,help me understand supervisory org,vague_outcome,vague; business_outcome; zero_title_overlap,Hard,Answerable,1,vague_outcome,open positions by job family,R0582,"{""construction"": ""lexicon phrase -> emitted fields -> carrying report"", ""emitted_canonicals"": [""Supervisory Organization""], ""lexicon_rule"": ""location.supervisory_org"", ""phrase"": ""supervisory org""}",2.0.0,20260804
Q20752,i need to get a handle on pay cycle,vague_outcome,vague; business_outcome; zero_title_overlap,Hard,Answerable,1,vague_outcome,payroll register - audit,R2503,"{""construction"": ""lexicon phrase -> emitted fields -> carrying report"", ""emitted_canonicals"": [""Pay Period""], ""lexicon_rule"": ""core.pay_period"", ""phrase"": ""pay cycle""}",2.0.0,20260804
Q20753,what is going on with base salary,vague_outcome,vague; business_outcome; zero_title_overlap,Hard,Answerable,1,vague_outcome,axis - compensation review by manager - audit,R3336,"{""construction"": ""lexicon phrase -> emitted fields -> carrying report"", ""emitted_canonicals"": [""Base Pay""], ""lexicon_rule"": ""comp.salary"", ""phrase"": ""base salary""}",2.0.0,20260804
Q20754,why are we employees,vague_outcome,vague; business_outcome; zero_title_overlap,Hard,Answerable,1,vague_outcome,allowance by region - current,R2328,"{""construction"": ""lexicon phrase -> emitted fields -> carrying report"", ""emitted_canonicals"": [""Worker""], ""lexicon_rule"": ""worker.people"", ""phrase"": ""employees""}",2.0.0,20260804
Q20755,what is going on with gross earnings,vague_outcome,vague; business_outcome; zero_title_overlap,Hard,Answerable,1,vague_outcome,cr_pay run audit by pay group - summary,R2875,"{""construction"": ""lexicon phrase -> emitted fields -> carrying report"", ""emitted_canonicals"": [""Gross Pay""], ""lexicon_rule"": ""comp.gross"", ""phrase"": ""gross earnings""}",2.0.0,20260804
Q20756,help me understand workforce attrition,vague_outcome,vague; business_outcome; zero_title_overlap,Hard,Answerable,1,vague_outcome,hcm turnover by business unit - current,R0347,"{""construction"": ""lexicon phrase -> emitted fields -> carrying report"", ""emitted_canonicals"": [""Average Headcount"", ""Termination Count"", ""Turnover Rate""], ""lexicon_rule"": ""term.turnover_rate"", ""phrase"": ""workforce attrition""}",2.0.0,20260804
Q20757,can you show me something about recruiting partner,vague_outcome,vague; business_outcome; zero_title_overlap,Hard,Answerable,1,vague_outcome,axis - recruiter activity by source,R0344,"{""construction"": ""lexicon phrase -> emitted fields -> carrying report"", ""emitted_canonicals"": [""Recruiter""], ""lexicon_rule"": ""recruiting.recruiter"", ""phrase"": ""recruiting partner""}",2.0.0,20260804
Q20758,we are worried about employee appraisal,vague_outcome,vague; business_outcome; zero_title_overlap,Hard,Answerable,1,vague_outcome,axis - review ratings by manager - detail,R0712,"{""construction"": ""lexicon phrase -> emitted fields -> carrying report"", ""emitted_canonicals"": [""Performance Rating""], ""lexicon_rule"": ""performance.review"", ""phrase"": ""employee appraisal""}",2.0.0,20260804
Q20759,i need to get a handle on employees who left,vague_outcome,vague; business_outcome; zero_title_overlap,Hard,Answerable,1,vague_outcome,hcm terminations by region - summary,R0918,"{""construction"": ""lexicon phrase -> emitted fields -> carrying report"", ""emitted_canonicals"": [""Termination Date"", ""Termination Reason""], ""lexicon_rule"": ""term.people_left"", ""phrase"": ""employees who left""}",2.0.0,20260804
Q20760,what is going on with departures,vague_outcome,vague; business_outcome; zero_title_overlap,Hard,Answerable,1,vague_outcome,axis - terminations by country - dashboard 2025,R3565,"{""construction"": ""lexicon phrase -> emitted fields -> carrying report"", ""emitted_canonicals"": [""Termination Date"", ""Termination Reason""], ""lexicon_rule"": ""term.people_left"", ""phrase"": ""departures""}",2.0.0,20260804
Q20761,why are we take-home pay,vague_outcome,vague; business_outcome; zero_title_overlap,Hard,Answerable,1,vague_outcome,hcm payroll results by company - ytd,R1720,"{""construction"": ""lexicon phrase -> emitted fields -> carrying report"", ""emitted_canonicals"": [""Net Pay""], ""lexicon_rule"": ""core.net_pay"", ""phrase"": ""take-home pay""}",2.0.0,20260804
Q20762,we are worried about coverage window,vague_outcome,vague; business_outcome; zero_title_overlap,Hard,Answerable,1,vague_outcome,axis - all positions by job family - audit,R1603,"{""construction"": ""lexicon phrase -> emitted fields -> carrying report"", ""emitted_canonicals"": [""Coverage Begin Date"", ""Coverage End Date""], ""lexicon_rule"": ""benefits.coverage_dates"", ""phrase"": ""coverage window""}",2.0.0,20260804
Q20763,help me understand who left,vague_outcome,vague; business_outcome; zero_title_overlap,Hard,Answerable,1,vague_outcome,hcm termination detail by company - historical,R0247,"{""construction"": ""lexicon phrase -> emitted fields -> carrying report"", ""emitted_canonicals"": [""Termination Date"", ""Termination Reason""], ""lexicon_rule"": ""term.people_left"", ""phrase"": ""who left""}",2.0.0,20260804
Q20764,can you show me something about salary,vague_outcome,vague; business_outcome; zero_title_overlap,Hard,Answerable,1,vague_outcome,axis - comp grade by employee type - audit,R3984,"{""construction"": ""lexicon phrase -> emitted fields -> carrying report"", ""emitted_canonicals"": [""Base Pay""], ""lexicon_rule"": ""comp.salary"", ""phrase"": ""salary""}",2.0.0,20260804
Q20765,can you show me something about start date,vague_outcome,vague; business_outcome; zero_title_overlap,Hard,Answerable,1,vague_outcome,worker trend by manager - detail,R0172,"{""construction"": ""lexicon phrase -> emitted fields -> carrying report"", ""emitted_canonicals"": [""Hire Date""], ""lexicon_rule"": ""worker.hire_start_date"", ""phrase"": ""start date""}",2.0.0,20260804
Q20766,we are worried about course completion,vague_outcome,vague; business_outcome; zero_title_overlap,Hard,Answerable,1,vague_outcome,learning campaign by content - summary,R3553,"{""construction"": ""lexicon phrase -> emitted fields -> carrying report"", ""emitted_canonicals"": [""Completion Date"", ""Completion Score"", ""Completion Status""], ""lexicon_rule"": ""learning.completion"", ""phrase"": ""course completion""}",2.0.0,20260804
Q20767,what is going on with fixed pay,vague_outcome,vague; business_outcome; zero_title_overlap,Hard,Answerable,1,vague_outcome,axis - comp grade by manager - summary,R2459,"{""construction"": ""lexicon phrase -> emitted fields -> carrying report"", ""emitted_canonicals"": [""Base Pay""], ""lexicon_rule"": ""comp.salary"", ""phrase"": ""fixed pay""}",2.0.0,20260804
Q20768,i need to get a handle on yearly compensation,vague_outcome,vague; business_outcome; zero_title_overlap,Hard,Answerable,1,vague_outcome,dax pay equity by company,R0378,"{""construction"": ""lexicon phrase -> emitted fields -> carrying report"", ""emitted_canonicals"": [""Annualized Amount""], ""lexicon_rule"": ""worker.annualized_pay"", ""phrase"": ""yearly compensation""}",2.0.0,20260804
Q20769,what is going on with gross earnings,vague_outcome,vague; business_outcome; zero_title_overlap,Hard,Answerable,1,vague_outcome,payment election by earning,R2846,"{""construction"": ""lexicon phrase -> emitted fields -> carrying report"", ""emitted_canonicals"": [""Gross Pay""], ""lexicon_rule"": ""comp.gross"", ""phrase"": ""gross earnings""}",2.0.0,20260804
Q20770,can you show me something about benefits group,vague_outcome,vague; business_outcome; zero_title_overlap,Hard,Answerable,1,vague_outcome,axis - benefit eligibility by company - quarterly,R2545,"{""construction"": ""lexicon phrase -> emitted fields -> carrying report"", ""emitted_canonicals"": [""Benefit Group""], ""lexicon_rule"": ""benefits.group"", ""phrase"": ""benefits group""}",2.0.0,20260804
Q20771,i need to get a handle on who left,vague_outcome,vague; business_outcome; zero_title_overlap,Hard,Answerable,1,vague_outcome,axis - mobility events by worker type,R1695,"{""construction"": ""lexicon phrase -> emitted fields -> carrying report"", ""emitted_canonicals"": [""Termination Date"", ""Termination Reason""], ""lexicon_rule"": ""term.people_left"", ""phrase"": ""who left""}",2.0.0,20260804
Q20772,what is going on with salary midpoint,vague_outcome,vague; business_outcome; zero_title_overlap,Hard,Answerable,1,vague_outcome,hcm comp grade by region - current,R2336,"{""construction"": ""lexicon phrase -> emitted fields -> carrying report"", ""emitted_canonicals"": [""Range Midpoint""], ""lexicon_rule"": ""salary_ranges.midpoint"", ""phrase"": ""salary midpoint""}",2.0.0,20260804
Q20773,we are worried about pto plan,vague_outcome,vague; business_outcome; zero_title_overlap,Hard,Answerable,1,vague_outcome,leave details by leave type - ytd,R1556,"{""construction"": ""lexicon phrase -> emitted fields -> carrying report"", ""emitted_canonicals"": [""Time Off Plan""], ""lexicon_rule"": ""absence.plan"", ""phrase"": ""pto plan""}",2.0.0,20260804
Q20774,can you show me something about annual salary,vague_outcome,vague; business_outcome; zero_title_overlap,Hard,Answerable,1,vague_outcome,osv-comp grade by employee type - summary,R1157,"{""construction"": ""lexicon phrase -> emitted fields -> carrying report"", ""emitted_canonicals"": [""Base Pay""], ""lexicon_rule"": ""comp.salary"", ""phrase"": ""annual salary""}",2.0.0,20260804
Q20775,can you show me something about organization,vague_outcome,vague; business_outcome; zero_title_overlap,Hard,Answerable,1,vague_outcome,axis - goal progress by review cycle - detail,R3929,"{""construction"": ""lexicon phrase -> emitted fields -> carrying report"", ""emitted_canonicals"": [""Supervisory Organization""], ""lexicon_rule"": ""org.grouped_by_org"", ""phrase"": ""organization""}",2.0.0,20260804
Q20776,what is going on with performance score,vague_outcome,vague; business_outcome; zero_title_overlap,Hard,Answerable,1,vague_outcome,axis - succession plan by manager - detail,R2276,"{""construction"": ""lexicon phrase -> emitted fields -> carrying report"", ""emitted_canonicals"": [""Performance Rating""], ""lexicon_rule"": ""performance.score"", ""phrase"": ""performance score""}",2.0.0,20260804
Q20777,why are we recruiting stage,vague_outcome,vague; business_outcome; zero_title_overlap,Hard,Answerable,1,vague_outcome,axis - job posting by recruiter - summary,R1337,"{""construction"": ""lexicon phrase -> emitted fields -> carrying report"", ""emitted_canonicals"": [""Application Stage""], ""lexicon_rule"": ""recruiting.stage"", ""phrase"": ""recruiting stage""}",2.0.0,20260804
Q20778,we are worried about annualized pay,vague_outcome,vague; business_outcome; zero_title_overlap,Hard,Answerable,1,vague_outcome,cr_merit review by grade - detail,R3737,"{""construction"": ""lexicon phrase -> emitted fields -> carrying report"", ""emitted_canonicals"": [""Annualized Amount""], ""lexicon_rule"": ""worker.annualized_pay"", ""phrase"": ""annualized pay""}",2.0.0,20260804
Q20779,help me understand paycheck details,vague_outcome,vague; business_outcome; zero_title_overlap,Hard,Answerable,1,vague_outcome,axis - earnings and deductions by period,R1582,"{""construction"": ""lexicon phrase -> emitted fields -> carrying report"", ""emitted_canonicals"": [""Deductions"", ""Gross Pay"", ""Net Pay""], ""lexicon_rule"": ""payroll.amounts"", ""phrase"": ""paycheck details""}",2.0.0,20260804
Q20780,why are we requisition cycle time,vague_outcome,vague; business_outcome; zero_title_overlap,Hard,Answerable,1,vague_outcome,candidate status,R0058,"{""construction"": ""lexicon phrase -> emitted fields -> carrying report"", ""emitted_canonicals"": [""Time to Fill""], ""lexicon_rule"": ""recruiting.time_to_fill"", ""phrase"": ""requisition cycle time""}",2.0.0,20260804
Q20781,what is going on with start date,vague_outcome,vague; business_outcome; zero_title_overlap,Hard,Answerable,1,vague_outcome,axis - candidate pipeline by source,R2350,"{""construction"": ""lexicon phrase -> emitted fields -> carrying report"", ""emitted_canonicals"": [""Hire Date""], ""lexicon_rule"": ""worker.hire_start_date"", ""phrase"": ""start date""}",2.0.0,20260804
Q20782,i need to get a handle on old organization,vague_outcome,vague; business_outcome; zero_title_overlap,Hard,Answerable,1,vague_outcome,cr_mobility events by worker type,R1385,"{""construction"": ""lexicon phrase -> emitted fields -> carrying report"", ""emitted_canonicals"": [""Previous Organization""], ""lexicon_rule"": ""mobility.previous_org"", ""phrase"": ""old organization""}",2.0.0,20260804
Q20783,why are we former department,vague_outcome,vague; business_outcome; zero_title_overlap,Hard,Answerable,1,vague_outcome,axis - staffing events by company - monthly,R1708,"{""construction"": ""lexicon phrase -> emitted fields -> carrying report"", ""emitted_canonicals"": [""Previous Organization""], ""lexicon_rule"": ""mobility.previous_org"", ""phrase"": ""former department""}",2.0.0,20260804
Q20784,can you show me something about training assignments,vague_outcome,vague; business_outcome; zero_title_overlap,Hard,Answerable,1,vague_outcome,axis - learning completion by content,R1543,"{""construction"": ""lexicon phrase -> emitted fields -> carrying report"", ""emitted_canonicals"": [""Learner"", ""Learning Assignment""], ""lexicon_rule"": ""learning.training"", ""phrase"": ""training assignments""}",2.0.0,20260804
Q20785,what is going on with leave type,vague_outcome,vague; business_outcome; zero_title_overlap,Hard,Answerable,1,vague_outcome,hcm time off requests by country - detail,R0876,"{""construction"": ""lexicon phrase -> emitted fields -> carrying report"", ""emitted_canonicals"": [""Leave Type"", ""Time Off Type""], ""lexicon_rule"": ""absence.type"", ""phrase"": ""leave type""}",2.0.0,20260804
Q20786,what is going on with absence status,vague_outcome,vague; business_outcome; zero_title_overlap,Hard,Answerable,1,vague_outcome,axis - leave eligibility by country - summary,R3685,"{""construction"": ""lexicon phrase -> emitted fields -> carrying report"", ""emitted_canonicals"": [""Leave Status""], ""lexicon_rule"": ""absence.status"", ""phrase"": ""absence status""}",2.0.0,20260804
Q20787,we are worried about fixed pay,vague_outcome,vague; business_outcome; zero_title_overlap,Hard,Answerable,1,vague_outcome,hcm compensation review by plan - historical,R1761,"{""construction"": ""lexicon phrase -> emitted fields -> carrying report"", ""emitted_canonicals"": [""Base Pay""], ""lexicon_rule"": ""comp.salary"", ""phrase"": ""fixed pay""}",2.0.0,20260804
Q20788,help me understand training results,vague_outcome,vague; business_outcome; zero_title_overlap,Hard,Answerable,1,vague_outcome,learning campaign by content - summary,R3553,"{""construction"": ""lexicon phrase -> emitted fields -> carrying report"", ""emitted_canonicals"": [""Completion Date"", ""Completion Score"", ""Completion Status""], ""lexicon_rule"": ""learning.completion"", ""phrase"": ""training results""}",2.0.0,20260804
Q20789,we are worried about vacancy,vague_outcome,vague; business_outcome; zero_title_overlap,Hard,Answerable,1,vague_outcome,axis - all positions by company - quarterly,R2679,"{""construction"": ""lexicon phrase -> emitted fields -> carrying report"", ""emitted_canonicals"": [""Filled Indicator"", ""Job Requisition"", ""Position Status""], ""lexicon_rule"": ""recruiting.requisition"", ""phrase"": ""vacancy""}",2.0.0,20260804
Q20790,i need to get a handle on how big is each team,vague_outcome,vague; business_outcome; zero_title_overlap,Hard,Answerable,1,vague_outcome,axis - headcount by region - summary,R1496,"{""construction"": ""lexicon phrase -> emitted fields -> carrying report"", ""emitted_canonicals"": [""Headcount""], ""lexicon_rule"": ""core.headcount.team_size"", ""phrase"": ""how big is each team""}",2.0.0,20260804
Q20791,i need to get a handle on team leader,vague_outcome,vague; business_outcome; zero_title_overlap,Hard,Answerable,1,vague_outcome,axis - time entry audit by time type v3,R1771,"{""construction"": ""lexicon phrase -> emitted fields -> carrying report"", ""emitted_canonicals"": [""Manager""], ""lexicon_rule"": ""core.manager.boss"", ""phrase"": ""team leader""}",2.0.0,20260804
Q20792,why are we people leader,vague_outcome,vague; business_outcome; zero_title_overlap,Hard,Answerable,1,vague_outcome,cr_worker eligibility by company,R0474,"{""construction"": ""lexicon phrase -> emitted fields -> carrying report"", ""emitted_canonicals"": [""Manager""], ""lexicon_rule"": ""core.manager.boss"", ""phrase"": ""people leader""}",2.0.0,20260804
Q20793,we are worried about payroll amounts,vague_outcome,vague; business_outcome; zero_title_overlap,Hard,Answerable,1,vague_outcome,axis - pay run audit - detail,R2327,"{""construction"": ""lexicon phrase -> emitted fields -> carrying report"", ""emitted_canonicals"": [""Deductions"", ""Gross Pay"", ""Net Pay""], ""lexicon_rule"": ""payroll.amounts"", ""phrase"": ""payroll amounts""}",2.0.0,20260804
Q20794,can you show me something about paycheck details,vague_outcome,vague; business_outcome; zero_title_overlap,Hard,Answerable,1,vague_outcome,axis - bonus and one-time - ytd,R2409,"{""construction"": ""lexicon phrase -> emitted fields -> carrying report"", ""emitted_canonicals"": [""Deductions"", ""Gross Pay"", ""Net Pay""], ""lexicon_rule"": ""payroll.amounts"", ""phrase"": ""paycheck details""}",2.0.0,20260804
Q20795,what is going on with boss,vague_outcome,vague; business_outcome; zero_title_overlap,Hard,Answerable,1,vague_outcome,axis - employee identifier by worker type - detail,R0826,"{""construction"": ""lexicon phrase -> emitted fields -> carrying report"", ""emitted_canonicals"": [""Manager""], ""lexicon_rule"": ""core.manager.boss"", ""phrase"": ""boss""}",2.0.0,20260804
Q20796,can you show me something about absence status,vague_outcome,vague; business_outcome; zero_title_overlap,Hard,Answerable,1,vague_outcome,hcm leave details - monthly,R3792,"{""construction"": ""lexicon phrase -> emitted fields -> carrying report"", ""emitted_canonicals"": [""Leave Status""], ""lexicon_rule"": ""absence.status"", ""phrase"": ""absence status""}",2.0.0,20260804
Q20797,can you show me something about coverage window,vague_outcome,vague; business_outcome; zero_title_overlap,Hard,Answerable,1,vague_outcome,axis - benefit census by benefit group - monthly,R1112,"{""construction"": ""lexicon phrase -> emitted fields -> carrying report"", ""emitted_canonicals"": [""Coverage Begin Date"", ""Coverage End Date""], ""lexicon_rule"": ""benefits.coverage_dates"", ""phrase"": ""coverage window""}",2.0.0,20260804
Q20798,we are worried about application pipeline,vague_outcome,vague; business_outcome; zero_title_overlap,Hard,Answerable,1,vague_outcome,recruiting source - audit,R2605,"{""construction"": ""lexicon phrase -> emitted fields -> carrying report"", ""emitted_canonicals"": [""Application Date"", ""Application Stage"", ""Application Status""], ""lexicon_rule"": ""recruiting.application"", ""phrase"": ""application pipeline""}",2.0.0,20260804
Q20799,can you show me something about training assignments,vague_outcome,vague; business_outcome; zero_title_overlap,Hard,Answerable,1,vague_outcome,axis - learning assignment by content - detail,R0349,"{""construction"": ""lexicon phrase -> emitted fields -> carrying report"", ""emitted_canonicals"": [""Learner"", ""Learning Assignment""], ""lexicon_rule"": ""learning.training"", ""phrase"": ""training assignments""}",2.0.0,20260804
Q20800,we are worried about old organization,vague_outcome,vague; business_outcome; zero_title_overlap,Hard,Answerable,1,vague_outcome,axis - staffing snapshot - summary v2,R0210,"{""construction"": ""lexicon phrase -> emitted fields -> carrying report"", ""emitted_canonicals"": [""Previous Organization""], ""lexicon_rule"": ""mobility.previous_org"", ""phrase"": ""old organization""}",2.0.0,20260804
Q20801,can you show me something about requisition cycle time,vague_outcome,vague; business_outcome; zero_title_overlap,Hard,Answerable,1,vague_outcome,cr_recruiter activity by location - ytd,R3017,"{""construction"": ""lexicon phrase -> emitted fields -> carrying report"", ""emitted_canonicals"": [""Time to Fill""], ""lexicon_rule"": ""recruiting.time_to_fill"", ""phrase"": ""requisition cycle time""}",2.0.0,20260804
Q20802,we are worried about who could replace,vague_outcome,vague; business_outcome; zero_title_overlap,Hard,Answerable,1,vague_outcome,hcm readiness by talent pool - monthly,R3826,"{""construction"": ""lexicon phrase -> emitted fields -> carrying report"", ""emitted_canonicals"": [""Succession Candidate"", ""Succession Plan"", ""Succession Readiness""], ""lexicon_rule"": ""succession.replacement"", ""phrase"": ""who could replace""}",2.0.0,20260804
Q20803,what is going on with take-home pay,vague_outcome,vague; business_outcome; zero_title_overlap,Hard,Answerable,1,vague_outcome,axis - payroll register,R1158,"{""construction"": ""lexicon phrase -> emitted fields -> carrying report"", ""emitted_canonicals"": [""Net Pay""], ""lexicon_rule"": ""core.net_pay"", ""phrase"": ""take-home pay""}",2.0.0,20260804
Q20804,i need to get a handle on return to work,vague_outcome,vague; business_outcome; zero_title_overlap,Hard,Answerable,1,vague_outcome,axis - vacation report by leave type - summary,R0527,"{""construction"": ""lexicon phrase -> emitted fields -> carrying report"", ""emitted_canonicals"": [""Return Date""], ""lexicon_rule"": ""absence.return"", ""phrase"": ""return to work""}",2.0.0,20260804
Q20805,i need to get a handle on training results,vague_outcome,vague; business_outcome; zero_title_overlap,Hard,Answerable,1,vague_outcome,hcm learning enrollment by learner - audit,R1494,"{""construction"": ""lexicon phrase -> emitted fields -> carrying report"", ""emitted_canonicals"": [""Completion Date"", ""Completion Score"", ""Completion Status""], ""lexicon_rule"": ""learning.completion"", ""phrase"": ""training results""}",2.0.0,20260804
Q20806,help me understand benefits coverage,vague_outcome,vague; business_outcome; zero_title_overlap,Hard,Answerable,1,vague_outcome,osv-benefit eligibility - monthly,R3615,"{""construction"": ""lexicon phrase -> emitted fields -> carrying report"", ""emitted_canonicals"": [""Benefit Plan"", ""Election Status""], ""lexicon_rule"": ""benefits.coverage"", ""phrase"": ""benefits coverage""}",2.0.0,20260804
Q20807,why are we yearly compensation,vague_outcome,vague; business_outcome; zero_title_overlap,Hard,Answerable,1,vague_outcome,allowance by region - current,R2328,"{""construction"": ""lexicon phrase -> emitted fields -> carrying report"", ""emitted_canonicals"": [""Annualized Amount""], ""lexicon_rule"": ""worker.annualized_pay"", ""phrase"": ""yearly compensation""}",2.0.0,20260804
Q20808,we are worried about job opening,vague_outcome,vague; business_outcome; zero_title_overlap,Hard,Answerable,1,vague_outcome,axis - supervisory position by status - historical,R3425,"{""construction"": ""lexicon phrase -> emitted fields -> carrying report"", ""emitted_canonicals"": [""Filled Indicator"", ""Job Requisition"", ""Position Status""], ""lexicon_rule"": ""recruiting.requisition"", ""phrase"": ""job opening""}",2.0.0,20260804
Q20809,we are worried about benefits group,vague_outcome,vague; business_outcome; zero_title_overlap,Hard,Answerable,1,vague_outcome,axis - benefit elections - summary,R1870,"{""construction"": ""lexicon phrase -> emitted fields -> carrying report"", ""emitted_canonicals"": [""Benefit Group""], ""lexicon_rule"": ""benefits.group"", ""phrase"": ""benefits group""}",2.0.0,20260804
Q20810,what is going on with employee rating,vague_outcome,vague; business_outcome; zero_title_overlap,Hard,Answerable,1,vague_outcome,axis - performance distribution by review cycle (7),R2338,"{""construction"": ""lexicon phrase -> emitted fields -> carrying report"", ""emitted_canonicals"": [""Performance Rating""], ""lexicon_rule"": ""performance.score"", ""phrase"": ""employee rating""}",2.0.0,20260804
Q20811,can you show me something about vacancies,vague_outcome,vague; business_outcome; zero_title_overlap,Hard,Answerable,1,vague_outcome,axis - position restrictions by company - audit v2,R2608,"{""construction"": ""lexicon phrase -> emitted fields -> carrying report"", ""emitted_canonicals"": [""Filled Indicator"", ""Job Requisition"", ""Position Status""], ""lexicon_rule"": ""recruiting.requisition"", ""phrase"": ""vacancies""}",2.0.0,20260804
Q20812,i need to get a handle on team size,vague_outcome,vague; business_outcome; zero_title_overlap,Hard,Answerable,1,vague_outcome,dax headcount by business unit - current,R0869,"{""construction"": ""lexicon phrase -> emitted fields -> carrying report"", ""emitted_canonicals"": [""Headcount""], ""lexicon_rule"": ""core.headcount.team_size"", ""phrase"": ""team size""}",2.0.0,20260804
Q20813,can you show me something about workers,vague_outcome,vague; business_outcome; zero_title_overlap,Hard,Answerable,1,vague_outcome,axis - headcount by quarter - current,R1808,"{""construction"": ""lexicon phrase -> emitted fields -> carrying report"", ""emitted_canonicals"": [""Worker""], ""lexicon_rule"": ""worker.people"", ""phrase"": ""workers""}",2.0.0,20260804
Q20814,help me understand team size,vague_outcome,vague; business_outcome; zero_title_overlap,Hard,Answerable,1,vague_outcome,headcount by month - monthly,R3188,"{""construction"": ""lexicon phrase -> emitted fields -> carrying report"", ""emitted_canonicals"": [""Headcount""], ""lexicon_rule"": ""core.headcount.team_size"", ""phrase"": ""team size""}",2.0.0,20260804
Q20815,i need to get a handle on prior boss,vague_outcome,vague; business_outcome; zero_title_overlap,Hard,Answerable,1,vague_outcome,axis - termination detail by country - ytd,R2893,"{""construction"": ""lexicon phrase -> emitted fields -> carrying report"", ""emitted_canonicals"": [""Previous Manager""], ""lexicon_rule"": ""mobility.previous_manager"", ""phrase"": ""prior boss""}",2.0.0,20260804
Q20816,can you show me something about net paycheck,vague_outcome,vague; business_outcome; zero_title_overlap,Hard,Answerable,1,vague_outcome,dax earnings and deductions by pay group,R1177,"{""construction"": ""lexicon phrase -> emitted fields -> carrying report"", ""emitted_canonicals"": [""Net Pay""], ""lexicon_rule"": ""payroll.take_home"", ""phrase"": ""net paycheck""}",2.0.0,20260804
Q20817,we are worried about legal entity,vague_outcome,vague; business_outcome; zero_title_overlap,Hard,Answerable,1,vague_outcome,axis - active employee by manager - summary,R3507,"{""construction"": ""lexicon phrase -> emitted fields -> carrying report"", ""emitted_canonicals"": [""Company""], ""lexicon_rule"": ""location.company"", ""phrase"": ""legal entity""}",2.0.0,20260804
Q20818,what is going on with bosses,vague_outcome,vague; business_outcome; zero_title_overlap,Hard,Answerable,1,vague_outcome,axis - calibration by organization - historical,R0312,"{""construction"": ""lexicon phrase -> emitted fields -> carrying report"", ""emitted_canonicals"": [""Manager""], ""lexicon_rule"": ""core.manager.boss"", ""phrase"": ""bosses""}",2.0.0,20260804
Q20819,i need to get a handle on net paycheck,vague_outcome,vague; business_outcome; zero_title_overlap,Hard,Answerable,1,vague_outcome,axis - payroll results by worker,R0667,"{""construction"": ""lexicon phrase -> emitted fields -> carrying report"", ""emitted_canonicals"": [""Net Pay""], ""lexicon_rule"": ""payroll.take_home"", ""phrase"": ""net paycheck""}",2.0.0,20260804
Q20820,help me understand people leader,vague_outcome,vague; business_outcome; zero_title_overlap,Hard,Answerable,1,vague_outcome,axis - organization assignments - historical,R0200,"{""construction"": ""lexicon phrase -> emitted fields -> carrying report"", ""emitted_canonicals"": [""Manager""], ""lexicon_rule"": ""core.manager.boss"", ""phrase"": ""people leader""}",2.0.0,20260804
Q20821,why are we who could replace,vague_outcome,vague; business_outcome; zero_title_overlap,Hard,Answerable,1,vague_outcome,talent matrix by organization - ytd,R1649,"{""construction"": ""lexicon phrase -> emitted fields -> carrying report"", ""emitted_canonicals"": [""Succession Candidate"", ""Succession Plan"", ""Succession Readiness""], ""lexicon_rule"": ""succession.replacement"", ""phrase"": ""who could replace""}",2.0.0,20260804
Q20822,what is going on with absence status,vague_outcome,vague; business_outcome; zero_title_overlap,Hard,Answerable,1,vague_outcome,axis - vacation report by date - detail,R1831,"{""construction"": ""lexicon phrase -> emitted fields -> carrying report"", ""emitted_canonicals"": [""Leave Status""], ""lexicon_rule"": ""absence.status"", ""phrase"": ""absence status""}",2.0.0,20260804
Q20823,i need to get a handle on return to work,vague_outcome,vague; business_outcome; zero_title_overlap,Hard,Answerable,1,vague_outcome,hcm absence calendar by date - quarterly,R1436,"{""construction"": ""lexicon phrase -> emitted fields -> carrying report"", ""emitted_canonicals"": [""Return Date""], ""lexicon_rule"": ""absence.return"", ""phrase"": ""return to work""}",2.0.0,20260804
Q20824,help me understand applicant,vague_outcome,vague; business_outcome; zero_title_overlap,Hard,Answerable,1,vague_outcome,axis - agency activity by source - historical - copy,R0361,"{""construction"": ""lexicon phrase -> emitted fields -> carrying report"", ""emitted_canonicals"": [""Candidate""], ""lexicon_rule"": ""recruiting.applicant"", ""phrase"": ""applicant""}",2.0.0,20260804
Q20825,can you show me something about training assignments,vague_outcome,vague; business_outcome; zero_title_overlap,Hard,Answerable,1,vague_outcome,dax position restrictions by organization - quarterly,R0273,"{""construction"": ""lexicon phrase -> emitted fields -> carrying report"", ""emitted_canonicals"": [""Learner"", ""Learning Assignment""], ""lexicon_rule"": ""learning.training"", ""phrase"": ""training assignments""}",2.0.0,20260804
Q20826,why are we vacancies,vague_outcome,vague; business_outcome; zero_title_overlap,Hard,Answerable,1,vague_outcome,axis - job requisitions by status - summary,R1765,"{""construction"": ""lexicon phrase -> emitted fields -> carrying report"", ""emitted_canonicals"": [""Filled Indicator"", ""Job Requisition"", ""Position Status""], ""lexicon_rule"": ""recruiting.requisition"", ""phrase"": ""vacancies""}",2.0.0,20260804
Q20827,help me understand talent acquisition,vague_outcome,vague; business_outcome; zero_title_overlap,Hard,Answerable,1,vague_outcome,job posting by agency - audit,R1198,"{""construction"": ""lexicon phrase -> emitted fields -> carrying report"", ""emitted_canonicals"": [""Recruiter""], ""lexicon_rule"": ""recruiting.recruiter"", ""phrase"": ""talent acquisition""}",2.0.0,20260804
Q20828,what is going on with start date,vague_outcome,vague; business_outcome; zero_title_overlap,Hard,Answerable,1,vague_outcome,axis - transfers - monthly,R2242,"{""construction"": ""lexicon phrase -> emitted fields -> carrying report"", ""emitted_canonicals"": [""Hire Date""], ""lexicon_rule"": ""worker.hire_start_date"", ""phrase"": ""start date""}",2.0.0,20260804
Q20829,i need to get a handle on workplace,vague_outcome,vague; business_outcome; zero_title_overlap,Hard,Answerable,1,vague_outcome,dax worker location by company - quarterly,R0475,"{""construction"": ""lexicon phrase -> emitted fields -> carrying report"", ""emitted_canonicals"": [""Location""], ""lexicon_rule"": ""core.location.workplace"", ""phrase"": ""workplace""}",2.0.0,20260804
Q20830,i need to get a handle on training assignments,vague_outcome,vague; business_outcome; zero_title_overlap,Hard,Answerable,1,vague_outcome,dax position restrictions by organization - quarterly,R0273,"{""construction"": ""lexicon phrase -> emitted fields -> carrying report"", ""emitted_canonicals"": [""Learner"", ""Learning Assignment""], ""lexicon_rule"": ""learning.training"", ""phrase"": ""training assignments""}",2.0.0,20260804
Q20831,we are worried about org,vague_outcome,vague; business_outcome; zero_title_overlap,Hard,Answerable,1,vague_outcome,axis - performance distribution by organization,R0254,"{""construction"": ""lexicon phrase -> emitted fields -> carrying report"", ""emitted_canonicals"": [""Supervisory Organization""], ""lexicon_rule"": ""org.grouped_by_org"", ""phrase"": ""org""}",2.0.0,20260804
Q20832,i need to get a handle on org,vague_outcome,vague; business_outcome; zero_title_overlap,Hard,Answerable,1,vague_outcome,axis - employee profile by worker type - dashboard,R0803,"{""construction"": ""lexicon phrase -> emitted fields -> carrying report"", ""emitted_canonicals"": [""Supervisory Organization""], ""lexicon_rule"": ""org.grouped_by_org"", ""phrase"": ""org""}",2.0.0,20260804
Q20833,what is going on with where does each employee work,vague_outcome,vague; business_outcome; zero_title_overlap,Hard,Answerable,1,vague_outcome,axis - open positions by job family - dashboard,R1821,"{""construction"": ""lexicon phrase -> emitted fields -> carrying report"", ""emitted_canonicals"": [""Location""], ""lexicon_rule"": ""core.location.workplace"", ""phrase"": ""where does each employee work""}",2.0.0,20260804
Q20834,help me understand changed managers,vague_outcome,vague; business_outcome; zero_title_overlap,Hard,Answerable,1,vague_outcome,dax terminations by event (5),R2933,"{""construction"": ""lexicon phrase -> emitted fields -> carrying report"", ""emitted_canonicals"": [""New Manager"", ""Previous Manager""], ""lexicon_rule"": ""mobility.manager_change"", ""phrase"": ""changed managers""}",2.0.0,20260804
Q20835,we are worried about vacancy,vague_outcome,vague; business_outcome; zero_title_overlap,Hard,Answerable,1,vague_outcome,axis - supervisory position by status - historical,R3425,"{""construction"": ""lexicon phrase -> emitted fields -> carrying report"", ""emitted_canonicals"": [""Filled Indicator"", ""Job Requisition"", ""Position Status""], ""lexicon_rule"": ""recruiting.requisition"", ""phrase"": ""vacancy""}",2.0.0,20260804
Q20836,why are we employees,vague_outcome,vague; business_outcome; zero_title_overlap,Hard,Answerable,1,vague_outcome,hcm active employee by company - current,R1060,"{""construction"": ""lexicon phrase -> emitted fields -> carrying report"", ""emitted_canonicals"": [""Worker""], ""lexicon_rule"": ""worker.people"", ""phrase"": ""employees""}",2.0.0,20260804
Q20837,what is going on with management organization,vague_outcome,vague; business_outcome; zero_title_overlap,Hard,Answerable,1,vague_outcome,axis - open positions - quarterly,R2698,"{""construction"": ""lexicon phrase -> emitted fields -> carrying report"", ""emitted_canonicals"": [""Supervisory Organization""], ""lexicon_rule"": ""location.supervisory_org"", ""phrase"": ""management organization""}",2.0.0,20260804
Q20838,what is going on with pay before taxes,vague_outcome,vague; business_outcome; zero_title_overlap,Hard,Answerable,1,vague_outcome,axis - earnings and deductions by worker,R0132,"{""construction"": ""lexicon phrase -> emitted fields -> carrying report"", ""emitted_canonicals"": [""Gross Pay""], ""lexicon_rule"": ""comp.gross"", ""phrase"": ""pay before taxes""}",2.0.0,20260804
Q20839,can you show me something about market midpoint,vague_outcome,vague; business_outcome; zero_title_overlap,Hard,Answerable,1,vague_outcome,axis - salary range by grade,R2273,"{""construction"": ""lexicon phrase -> emitted fields -> carrying report"", ""emitted_canonicals"": [""Range Midpoint""], ""lexicon_rule"": ""salary_ranges.midpoint"", ""phrase"": ""market midpoint""}",2.0.0,20260804
Q20840,we are worried about review outcomes,vague_outcome,vague; business_outcome; zero_title_overlap,Hard,Answerable,1,vague_outcome,axis - potential rating - summary,R2318,"{""construction"": ""lexicon phrase -> emitted fields -> carrying report"", ""emitted_canonicals"": [""Performance Rating""], ""lexicon_rule"": ""performance.review"", ""phrase"": ""review outcomes""}",2.0.0,20260804
Q20841,i need to get a handle on old organization,vague_outcome,vague; business_outcome; zero_title_overlap,Hard,Answerable,1,vague_outcome,cr_mobility events by worker type,R1385,"{""construction"": ""lexicon phrase -> emitted fields -> carrying report"", ""emitted_canonicals"": [""Previous Organization""], ""lexicon_rule"": ""mobility.previous_org"", ""phrase"": ""old organization""}",2.0.0,20260804
Q20842,can you show me something about staff,vague_outcome,vague; business_outcome; zero_title_overlap,Hard,Answerable,1,vague_outcome,axis - development goals by rating - historical 2026,R1347,"{""construction"": ""lexicon phrase -> emitted fields -> carrying report"", ""emitted_canonicals"": [""Worker""], ""lexicon_rule"": ""worker.people"", ""phrase"": ""staff""}",2.0.0,20260804
Q20843,i need to get a handle on vacation plan,vague_outcome,vague; business_outcome; zero_title_overlap,Hard,Answerable,1,vague_outcome,absence calendar,R3988,"{""construction"": ""lexicon phrase -> emitted fields -> carrying report"", ""emitted_canonicals"": [""Time Off Plan""], ""lexicon_rule"": ""absence.plan"", ""phrase"": ""vacation plan""}",2.0.0,20260804
Q20844,can you show me something about voluntary exit,vague_outcome,vague; business_outcome; zero_title_overlap,Hard,Answerable,1,vague_outcome,axis - terminations by event - quarterly,R1835,"{""construction"": ""lexicon phrase -> emitted fields -> carrying report"", ""emitted_canonicals"": [""Termination Reason"", ""Termination Type""], ""lexicon_rule"": ""term.voluntary_exit"", ""phrase"": ""voluntary exit""}",2.0.0,20260804
Q20845,i need to get a handle on yearly compensation,vague_outcome,vague; business_outcome; zero_title_overlap,Hard,Answerable,1,vague_outcome,axis - merit review by manager - summary,R3237,"{""construction"": ""lexicon phrase -> emitted fields -> carrying report"", ""emitted_canonicals"": [""Annualized Amount""], ""lexicon_rule"": ""worker.annualized_pay"", ""phrase"": ""yearly compensation""}",2.0.0,20260804
Q20846,why are we absence type,vague_outcome,vague; business_outcome; zero_title_overlap,Hard,Answerable,1,vague_outcome,vacation report by worker - summary,R3353,"{""construction"": ""lexicon phrase -> emitted fields -> carrying report"", ""emitted_canonicals"": [""Leave Type"", ""Time Off Type""], ""lexicon_rule"": ""absence.type"", ""phrase"": ""absence type""}",2.0.0,20260804
Q20847,can you show me something about coverage window,vague_outcome,vague; business_outcome; zero_title_overlap,Hard,Answerable,1,vague_outcome,axis - benefit elections by company,R0623,"{""construction"": ""lexicon phrase -> emitted fields -> carrying report"", ""emitted_canonicals"": [""Coverage Begin Date"", ""Coverage End Date""], ""lexicon_rule"": ""benefits.coverage_dates"", ""phrase"": ""coverage window""}",2.0.0,20260804
Q20848,why are we legal entity,vague_outcome,vague; business_outcome; zero_title_overlap,Hard,Answerable,1,vague_outcome,dax company structure by type - historical v2,R2088,"{""construction"": ""lexicon phrase -> emitted fields -> carrying report"", ""emitted_canonicals"": [""Company""], ""lexicon_rule"": ""location.company"", ""phrase"": ""legal entity""}",2.0.0,20260804
Q20849,i need to get a handle on applicant,vague_outcome,vague; business_outcome; zero_title_overlap,Hard,Answerable,1,vague_outcome,axis - job posting by location - historical,R0154,"{""construction"": ""lexicon phrase -> emitted fields -> carrying report"", ""emitted_canonicals"": [""Candidate""], ""lexicon_rule"": ""recruiting.applicant"", ""phrase"": ""applicant""}",2.0.0,20260804
Q20850,we are worried about quit,vague_outcome,vague; business_outcome; zero_title_overlap,Hard,Answerable,1,vague_outcome,termination detail by organization - quarterly,R2540,"{""construction"": ""lexicon phrase -> emitted fields -> carrying report"", ""emitted_canonicals"": [""Termination Reason"", ""Termination Type""], ""lexicon_rule"": ""term.voluntary_exit"", ""phrase"": ""quit""}",2.0.0,20260804
Q20851,hiring req by jobs & positions,acronym,acronym; surface_noise,Medium,Answerable,1,acronym,axis - job family by organization - current,R3923,"{""base_query"": ""hiring requisition by jobs & positions"", ""construction"": ""plain query + acronym surface noise"", ""noise"": [""requisition->req""]}",2.0.0,20260804
Q20852,open role by rec,acronym,acronym; surface_noise,Medium,Answerable,1,acronym,axis - applications by source - summary,R2787,"{""base_query"": ""open role by recruiting"", ""construction"": ""plain query + acronym surface noise"", ""noise"": [""recruiting->rec""]}",2.0.0,20260804
Q20853,application step by rec,acronym,acronym; surface_noise,Medium,Answerable,1,acronym,dax applications by agency - audit,R2374,"{""base_query"": ""application step by recruiting"", ""construction"": ""plain query + acronym surface noise"", ""noise"": [""recruiting->rec""]}",2.0.0,20260804
Q20854,job application by rec,acronym,acronym; surface_noise,Medium,Answerable,1,acronym,recruiting source by location - current,R3497,"{""base_query"": ""job application by recruiting"", ""construction"": ""plain query + acronym surface noise"", ""noise"": [""recruiting->rec""]}",2.0.0,20260804
Q20855,EE by staffing history,acronym,acronym; surface_noise,Medium,Answerable,1,acronym,hcm position changes by organization,R1861,"{""base_query"": ""employee by staffing history"", ""construction"": ""plain query + acronym surface noise"", ""noise"": [""employee->EE""]}",2.0.0,20260804
Q20856,where does each EE work by worker data,acronym,acronym; surface_noise,Medium,Answerable,1,acronym,axis - worker location - monthly,R3719,"{""base_query"": ""where does each employee work by worker data"", ""construction"": ""plain query + acronym surface noise"", ""noise"": [""employee->EE""]}",2.0.0,20260804
Q20857,EE by worker data,acronym,acronym; surface_noise,Medium,Answerable,1,acronym,axis - worker eligibility by organization,R2821,"{""base_query"": ""employee by worker data"", ""construction"": ""plain query + acronym surface noise"", ""noise"": [""employee->EE""]}",2.0.0,20260804
Q20858,application step by rec,acronym,acronym; surface_noise,Medium,Answerable,1,acronym,axis - agency activity by job - ytd,R2801,"{""base_query"": ""application step by recruiting"", ""construction"": ""plain query + acronym surface noise"", ""noise"": [""recruiting->rec""]}",2.0.0,20260804
Q20859,perf review by goals and reviews,acronym,acronym; surface_noise,Medium,Answerable,1,acronym,axis - performance distribution by organization,R0325,"{""base_query"": ""performance review by goals and reviews"", ""construction"": ""plain query + acronym surface noise"", ""noise"": [""performance->perf""]}",2.0.0,20260804
Q20860,candidate application by rec,acronym,acronym; surface_noise,Medium,Answerable,1,acronym,axis - agency activity by recruiter - historical,R3058,"{""base_query"": ""candidate application by recruiting"", ""construction"": ""plain query + acronym surface noise"", ""noise"": [""recruiting->rec""]}",2.0.0,20260804
Q20861,EEs by comp,acronym,acronym; surface_noise,Medium,Answerable,1,acronym,axis - compensation statement by grade - ytd,R1110,"{""base_query"": ""employees by compensation"", ""construction"": ""plain query + acronym surface noise"", ""noise"": [""compensation->comp"", ""employees->EEs""]}",2.0.0,20260804
Q20862,mgmt organization by worker data history,acronym,acronym; surface_noise,Medium,Answerable,1,acronym,axis - terminations by region - ytd,R1031,"{""base_query"": ""management organization by worker data history"", ""construction"": ""plain query + acronym surface noise"", ""noise"": [""management->mgmt""]}",2.0.0,20260804
Q20863,annual salary by comp,acronym,acronym; surface_noise,Medium,Answerable,1,acronym,compensation statement by plan - ytd,R3548,"{""base_query"": ""annual salary by compensation"", ""construction"": ""plain query + acronym surface noise"", ""noise"": [""compensation->comp""]}",2.0.0,20260804
Q20864,mgmt organization by worker data,acronym,acronym; surface_noise,Medium,Answerable,1,acronym,axis - approvals by assignee - summary,R1857,"{""base_query"": ""management organization by worker data"", ""construction"": ""plain query + acronym surface noise"", ""noise"": [""management->mgmt""]}",2.0.0,20260804
Q20865,org by goals and reviews,acronym,acronym; surface_noise,Medium,Answerable,1,acronym,axis - review ratings by organization - monthly,R0118,"{""base_query"": ""organization by goals and reviews"", ""construction"": ""plain query + acronym surface noise"", ""noise"": [""organization->org""]}",2.0.0,20260804
Q20866,candidate application by rec,acronym,acronym; surface_noise,Medium,Answerable,1,acronym,axis - recruiter activity - quarterly,R0683,"{""base_query"": ""candidate application by recruiting"", ""construction"": ""plain query + acronym surface noise"", ""noise"": [""recruiting->rec""]}",2.0.0,20260804
Q20867,base salary by comp,acronym,acronym; surface_noise,Medium,Answerable,1,acronym,dax compensation review by employee type - ytd,R0493,"{""base_query"": ""base salary by compensation"", ""construction"": ""plain query + acronym surface noise"", ""noise"": [""compensation->comp""]}",2.0.0,20260804
Q20868,where does each EE work by worker data,acronym,acronym; surface_noise,Medium,Answerable,1,acronym,axis - worker roster by location - summary,R1863,"{""base_query"": ""where does each employee work by worker data"", ""construction"": ""plain query + acronym surface noise"", ""noise"": [""employee->EE""]}",2.0.0,20260804
Q20869,candidate application by rec,acronym,acronym; surface_noise,Medium,Answerable,1,acronym,axis - applications by source - summary,R2787,"{""base_query"": ""candidate application by recruiting"", ""construction"": ""plain query + acronym surface noise"", ""noise"": [""recruiting->rec""]}",2.0.0,20260804
Q20870,term details by worker data history,acronym,acronym; surface_noise,Medium,Answerable,1,acronym,axis - terminations by grade - dashboard,R0745,"{""base_query"": ""termination details by worker data history"", ""construction"": ""plain query + acronym surface noise"", ""noise"": [""termination->term""]}",2.0.0,20260804
Q20871,where does each EE work by worker data,acronym,acronym; surface_noise,Medium,Answerable,1,acronym,axis - employee identifier by manager - ytd v3,R0791,"{""base_query"": ""where does each employee work by worker data"", ""construction"": ""plain query + acronym surface noise"", ""noise"": [""employee->EE""]}",2.0.0,20260804
Q20872,range spread by comp,acronym,acronym; surface_noise,Medium,Answerable,1,acronym,axis - allowance by plan - current (3),R3576,"{""base_query"": ""range spread by compensation"", ""construction"": ""plain query + acronym surface noise"", ""noise"": [""compensation->comp""]}",2.0.0,20260804
Q20873,EE turnover by worker data history,acronym,acronym; surface_noise,Medium,Answerable,1,acronym,axis - employee movement by region - audit,R0297,"{""base_query"": ""employee turnover by worker data history"", ""construction"": ""plain query + acronym surface noise"", ""noise"": [""employee->EE""]}",2.0.0,20260804
Q20874,yearly comp by compensation,acronym,acronym; surface_noise,Medium,Answerable,1,acronym,axis - compensation statement,R0502,"{""base_query"": ""yearly compensation by compensation"", ""construction"": ""plain query + acronym surface noise"", ""noise"": [""compensation->comp""]}",2.0.0,20260804
Q20875,ta partner by rec,acronym,acronym; surface_noise,Medium,Answerable,1,acronym,axis - applications by candidate stage,R1973,"{""base_query"": ""ta partner by recruiting"", ""construction"": ""plain query + acronym surface noise"", ""noise"": [""recruiting->rec""]}",2.0.0,20260804
Q20876,perf score by goals and reviews,acronym,acronym; surface_noise,Medium,Answerable,1,acronym,axis - performance review by rating - copy,R0747,"{""base_query"": ""performance score by goals and reviews"", ""construction"": ""plain query + acronym surface noise"", ""noise"": [""performance->perf""]}",2.0.0,20260804
Q20877,candidate application by rec,acronym,acronym; surface_noise,Medium,Answerable,1,acronym,process events by status - audit (3),R3972,"{""base_query"": ""candidate application by recruiting"", ""construction"": ""plain query + acronym surface noise"", ""noise"": [""recruiting->rec""]}",2.0.0,20260804
Q20878,where does each EE work by jobs & positions,acronym,acronym; surface_noise,Medium,Answerable,1,acronym,axis - job profile - quarterly,R0782,"{""base_query"": ""where does each employee work by jobs & positions"", ""construction"": ""plain query + acronym surface noise"", ""noise"": [""employee->EE""]}",2.0.0,20260804
Q20879,rec stage by recruiting,acronym,acronym; surface_noise,Medium,Answerable,1,acronym,axis - agency activity by job - ytd,R2801,"{""base_query"": ""recruiting stage by recruiting"", ""construction"": ""plain query + acronym surface noise"", ""noise"": [""recruiting->rec""]}",2.0.0,20260804
Q20880,where does each EE work by orgs,acronym,acronym; surface_noise,Medium,Answerable,1,acronym,axis - organization assignments by parent - ytd,R2704,"{""base_query"": ""where does each employee work by organizations"", ""construction"": ""plain query + acronym surface noise"", ""noise"": [""employee->EE"", ""organizations->orgs""]}",2.0.0,20260804
Q20881,workers by comp,acronym,acronym; surface_noise,Medium,Answerable,1,acronym,pay equity by plan - audit,R1172,"{""base_query"": ""workers by compensation"", ""construction"": ""plain query + acronym surface noise"", ""noise"": [""compensation->comp""]}",2.0.0,20260804
Q20882,application pipeline by rec,acronym,acronym; surface_noise,Medium,Answerable,1,acronym,osv-recruiting source by source - monthly,R1676,"{""base_query"": ""application pipeline by recruiting"", ""construction"": ""plain query + acronym surface noise"", ""noise"": [""recruiting->rec""]}",2.0.0,20260804
Q20883,mgmt org by business process,acronym,acronym; surface_noise,Medium,Answerable,1,acronym,axis - approvals by organization - quarterly,R1876,"{""base_query"": ""management organization by business process"", ""construction"": ""plain query + acronym surface noise"", ""noise"": [""management->mgmt"", ""organization->org""]}",2.0.0,20260804
Q20884,salary by comp,acronym,acronym; surface_noise,Medium,Answerable,1,acronym,axis - merit review by company - historical,R3966,"{""base_query"": ""salary by compensation"", ""construction"": ""plain query + acronym surface noise"", ""noise"": [""compensation->comp""]}",2.0.0,20260804
Q20885,EE by comp,acronym,acronym; surface_noise,Medium,Answerable,1,acronym,axis - bonus and one-time by employee type - dashboard,R3123,"{""base_query"": ""employee by compensation"", ""construction"": ""plain query + acronym surface noise"", ""noise"": [""compensation->comp"", ""employee->EE""]}",2.0.0,20260804
Q20886,mgmt org by jobs & positions,acronym,acronym; surface_noise,Medium,Answerable,1,acronym,axis - open positions by organization - dashboard v4,R0028,"{""base_query"": ""management organization by jobs & positions"", ""construction"": ""plain query + acronym surface noise"", ""noise"": [""management->mgmt"", ""organization->org""]}",2.0.0,20260804
Q20887,days to hire by rec,acronym,acronym; surface_noise,Medium,Answerable,1,acronym,hcm agency activity by recruiter - dashboard,R2592,"{""base_query"": ""days to hire by recruiting"", ""construction"": ""plain query + acronym surface noise"", ""noise"": [""recruiting->rec""]}",2.0.0,20260804
Q20888,work location by orgs,acronym,acronym; surface_noise,Medium,Answerable,1,acronym,axis - company structure by company,R0249,"{""base_query"": ""work location by organizations"", ""construction"": ""plain query + acronym surface noise"", ""noise"": [""organizations->orgs""]}",2.0.0,20260804
Q20889,people by comp,acronym,acronym; surface_noise,Medium,Answerable,1,acronym,cr_compensation statement by manager - summary,R0005,"{""base_query"": ""people by compensation"", ""construction"": ""plain query + acronym surface noise"", ""noise"": [""compensation->comp""]}",2.0.0,20260804
Q20890,work location by orgs,acronym,acronym; surface_noise,Medium,Answerable,1,acronym,hcm location hierarchy by location - dashboard,R2342,"{""base_query"": ""work location by organizations"", ""construction"": ""plain query + acronym surface noise"", ""noise"": [""organizations->orgs""]}",2.0.0,20260804
Q20891,EE by worker data,acronym,acronym; surface_noise,Medium,Answerable,1,acronym,axis - employee status by organization,R2167,"{""base_query"": ""employee by worker data"", ""construction"": ""plain query + acronym surface noise"", ""noise"": [""employee->EE""]}",2.0.0,20260804
Q20892,vacancy by rec,acronym,acronym; surface_noise,Medium,Answerable,1,acronym,axis - recruiter activity by job - quarterly,R2834,"{""base_query"": ""vacancy by recruiting"", ""construction"": ""plain query + acronym surface noise"", ""noise"": [""recruiting->rec""]}",2.0.0,20260804
Q20893,where does each EE work by worker data,acronym,acronym; surface_noise,Medium,Answerable,1,acronym,axis - worker snapshot by location,R3814,"{""base_query"": ""where does each employee work by worker data"", ""construction"": ""plain query + acronym surface noise"", ""noise"": [""employee->EE""]}",2.0.0,20260804
Q20894,range spread by comp,acronym,acronym; surface_noise,Medium,Answerable,1,acronym,axis - compensation actuals by region - quarterly,R1740,"{""base_query"": ""range spread by compensation"", ""construction"": ""plain query + acronym surface noise"", ""noise"": [""compensation->comp""]}",2.0.0,20260804
Q20895,term details by worker data history,acronym,acronym; surface_noise,Medium,Answerable,1,acronym,axis - terminations by month - summary,R3681,"{""base_query"": ""termination details by worker data history"", ""construction"": ""plain query + acronym surface noise"", ""noise"": [""termination->term""]}",2.0.0,20260804
Q20896,EE by compensation,acronym,acronym; surface_noise,Medium,Answerable,1,acronym,axis - merit review by company,R2135,"{""base_query"": ""employee by compensation"", ""construction"": ""plain query + acronym surface noise"", ""noise"": [""employee->EE""]}",2.0.0,20260804
Q20897,employing company by set up comp,acronym,acronym; surface_noise,Medium,Answerable,1,acronym,axis - merit plan setup by plan - historical,R2999,"{""base_query"": ""employing company by set up compensation"", ""construction"": ""plain query + acronym surface noise"", ""noise"": [""compensation->comp""]}",2.0.0,20260804
Q20898,legal entity by comp,acronym,acronym; surface_noise,Medium,Answerable,1,acronym,osv-salary range by company - quarterly,R0389,"{""base_query"": ""legal entity by compensation"", ""construction"": ""plain query + acronym surface noise"", ""noise"": [""compensation->comp""]}",2.0.0,20260804
Q20899,legal entity by comp,acronym,acronym; surface_noise,Medium,Answerable,1,acronym,dax annual compensation by company - current,R2123,"{""base_query"": ""legal entity by compensation"", ""construction"": ""plain query + acronym surface noise"", ""noise"": [""compensation->comp""]}",2.0.0,20260804
Q20900,employing company by comp,acronym,acronym; surface_noise,Medium,Answerable,1,acronym,hcm allowance by manager - monthly,R1343,"{""base_query"": ""employing company by compensation"", ""construction"": ""plain query + acronym surface noise"", ""noise"": [""compensation->comp""]}",2.0.0,20260804
Q20901,mgmt organization by worker data,acronym,acronym; surface_noise,Medium,Answerable,1,acronym,axis - employee contact by region,R3604,"{""base_query"": ""management organization by worker data"", ""construction"": ""plain query + acronym surface noise"", ""noise"": [""management->mgmt""]}",2.0.0,20260804
Q20902,EEs by worker data,acronym,acronym; surface_noise,Medium,Answerable,1,acronym,employee assignment by country - monthly,R2216,"{""base_query"": ""employees by worker data"", ""construction"": ""plain query + acronym surface noise"", ""noise"": [""employees->EEs""]}",2.0.0,20260804
Q20903,org by business process,acronym,acronym; surface_noise,Medium,Answerable,1,acronym,axis - rescinds by organization - quarterly,R2025,"{""base_query"": ""organization by business process"", ""construction"": ""plain query + acronym surface noise"", ""noise"": [""organization->org""]}",2.0.0,20260804
Q20904,org by worker data,acronym,acronym; surface_noise,Medium,Answerable,1,acronym,axis - employee identifier by company - quarterly 2025,R1530,"{""base_query"": ""organization by worker data"", ""construction"": ""plain query + acronym surface noise"", ""noise"": [""organization->org""]}",2.0.0,20260804
Q20905,where does each EE work by worker data,acronym,acronym; surface_noise,Medium,Answerable,1,acronym,axis - worker demographics by manager - current,R2683,"{""base_query"": ""where does each employee work by worker data"", ""construction"": ""plain query + acronym surface noise"", ""noise"": [""employee->EE""]}",2.0.0,20260804
Q20906,EEs by worker data,acronym,acronym; surface_noise,Medium,Answerable,1,acronym,axis - approvals by assignee - summary,R1857,"{""base_query"": ""employees by worker data"", ""construction"": ""plain query + acronym surface noise"", ""noise"": [""employees->EEs""]}",2.0.0,20260804
Q20907,candidate application by rec,acronym,acronym; surface_noise,Medium,Answerable,1,acronym,axis - agency activity by recruiter - audit,R0388,"{""base_query"": ""candidate application by recruiting"", ""construction"": ""plain query + acronym surface noise"", ""noise"": [""recruiting->rec""]}",2.0.0,20260804
Q20908,annual salary by comp,acronym,acronym; surface_noise,Medium,Answerable,1,acronym,cr_compensation statement by manager - summary,R0005,"{""base_query"": ""annual salary by compensation"", ""construction"": ""plain query + acronym surface noise"", ""noise"": [""compensation->comp""]}",2.0.0,20260804
Q20909,EE by worker data history,acronym,acronym; surface_noise,Medium,Answerable,1,acronym,axis - headcount by manager - ytd,R3432,"{""base_query"": ""employee by worker data history"", ""construction"": ""plain query + acronym surface noise"", ""noise"": [""employee->EE""]}",2.0.0,20260804
Q20910,EE by staffing history,acronym,acronym; surface_noise,Medium,Answerable,1,acronym,cr_mobility events by worker type,R1385,"{""base_query"": ""employee by staffing history"", ""construction"": ""plain query + acronym surface noise"", ""noise"": [""employee->EE""]}",2.0.0,20260804
Q20911,EE by worker data,acronym,acronym; surface_noise,Medium,Answerable,1,acronym,axis - employee contact - detail,R2274,"{""base_query"": ""employee by worker data"", ""construction"": ""plain query + acronym surface noise"", ""noise"": [""employee->EE""]}",2.0.0,20260804
Q20912,yearly comp by compensation,acronym,acronym; surface_noise,Medium,Answerable,1,acronym,axis - annual compensation by employee type - audit,R3006,"{""base_query"": ""yearly compensation by compensation"", ""construction"": ""plain query + acronym surface noise"", ""noise"": [""compensation->comp""]}",2.0.0,20260804
Q20913,recent starters by rec,acronym,acronym; surface_noise,Medium,Answerable,1,acronym,axis - offer activity by recruiter - historical,R1484,"{""base_query"": ""recent starters by recruiting"", ""construction"": ""plain query + acronym surface noise"", ""noise"": [""recruiting->rec""]}",2.0.0,20260804
Q20914,EE by comp,acronym,acronym; surface_noise,Medium,Answerable,1,acronym,axis - compensation review 2026,R1776,"{""base_query"": ""employee by compensation"", ""construction"": ""plain query + acronym surface noise"", ""noise"": [""compensation->comp"", ""employee->EE""]}",2.0.0,20260804
Q20915,org by worker data,acronym,acronym; surface_noise,Medium,Answerable,1,acronym,osv-employee identifier,R0897,"{""base_query"": ""organization by worker data"", ""construction"": ""plain query + acronym surface noise"", ""noise"": [""organization->org""]}",2.0.0,20260804
Q20916,EEs by worker data,acronym,acronym; surface_noise,Medium,Answerable,1,acronym,axis - manager hierarchy by worker type - current,R0448,"{""base_query"": ""employees by worker data"", ""construction"": ""plain query + acronym surface noise"", ""noise"": [""employees->EEs""]}",2.0.0,20260804
Q20917,EEs by payroll,acronym,acronym; surface_noise,Medium,Answerable,1,acronym,pay calculation,R3256,"{""base_query"": ""employees by payroll"", ""construction"": ""plain query + acronym surface noise"", ""noise"": [""employees->EEs""]}",2.0.0,20260804
Q20918,where does each EE work by worker data,acronym,acronym; surface_noise,Medium,Answerable,1,acronym,axis - employee status by manager - monthly,R0251,"{""base_query"": ""where does each employee work by worker data"", ""construction"": ""plain query + acronym surface noise"", ""noise"": [""employee->EE""]}",2.0.0,20260804
Q20919,EE by worker data,acronym,acronym; surface_noise,Medium,Answerable,1,acronym,dax employee assignment by company - ytd,R1260,"{""base_query"": ""employee by worker data"", ""construction"": ""plain query + acronym surface noise"", ""noise"": [""employee->EE""]}",2.0.0,20260804
Q20920,EEs by comp,acronym,acronym; surface_noise,Medium,Answerable,1,acronym,axis - comp grade by manager - summary,R2459,"{""base_query"": ""employees by compensation"", ""construction"": ""plain query + acronym surface noise"", ""noise"": [""compensation->comp"", ""employees->EEs""]}",2.0.0,20260804
Q20921,employing company by comp,acronym,acronym; surface_noise,Medium,Answerable,1,acronym,cr_annual compensation by grade - detail,R2266,"{""base_query"": ""employing company by compensation"", ""construction"": ""plain query + acronym surface noise"", ""noise"": [""compensation->comp""]}",2.0.0,20260804
Q20922,voluntary term by staffing history,acronym,acronym; surface_noise,Medium,Answerable,1,acronym,hcm hire detail - quarterly v4,R3092,"{""base_query"": ""voluntary termination by staffing history"", ""construction"": ""plain query + acronym surface noise"", ""noise"": [""termination->term""]}",2.0.0,20260804
Q20923,job seekers by rec,acronym,acronym; surface_noise,Medium,Answerable,1,acronym,recruiting source by location - current,R3497,"{""base_query"": ""job seekers by recruiting"", ""construction"": ""plain query + acronym surface noise"", ""noise"": [""recruiting->rec""]}",2.0.0,20260804
Q20924,EE by goals and reviews,acronym,acronym; surface_noise,Medium,Answerable,1,acronym,axis - goal progress by organization - historical,R0090,"{""base_query"": ""employee by goals and reviews"", ""construction"": ""plain query + acronym surface noise"", ""noise"": [""employee->EE""]}",2.0.0,20260804
Q20925,candidate application by rec,acronym,acronym; surface_noise,Medium,Answerable,1,acronym,applications,R0482,"{""base_query"": ""candidate application by recruiting"", ""construction"": ""plain query + acronym surface noise"", ""noise"": [""recruiting->rec""]}",2.0.0,20260804
Q20926,application step by rec,acronym,acronym; surface_noise,Medium,Answerable,1,acronym,axis - candidate pipeline by source,R2350,"{""base_query"": ""application step by recruiting"", ""construction"": ""plain query + acronym surface noise"", ""noise"": [""recruiting->rec""]}",2.0.0,20260804
Q20927,annual earnings amount by comp,acronym,acronym; surface_noise,Medium,Answerable,1,acronym,axis - compensation review by manager,R0490,"{""base_query"": ""annual earnings amount by compensation"", ""construction"": ""plain query + acronym surface noise"", ""noise"": [""compensation->comp""]}",2.0.0,20260804
Q20928,where does each EE work by worker data,acronym,acronym; surface_noise,Medium,Answerable,1,acronym,cr_employee status by company - monthly,R0235,"{""base_query"": ""where does each employee work by worker data"", ""construction"": ""plain query + acronym surface noise"", ""noise"": [""employee->EE""]}",2.0.0,20260804
Q20929,fixed pay by comp,acronym,acronym; surface_noise,Medium,Answerable,1,acronym,osv-compensation actuals by region - detail v4,R1395,"{""base_query"": ""fixed pay by compensation"", ""construction"": ""plain query + acronym surface noise"", ""noise"": [""compensation->comp""]}",2.0.0,20260804
Q20930,annual salary by comp,acronym,acronym; surface_noise,Medium,Answerable,1,acronym,axis - allowance by region - monthly,R0443,"{""base_query"": ""annual salary by compensation"", ""construction"": ""plain query + acronym surface noise"", ""noise"": [""compensation->comp""]}",2.0.0,20260804
Q20931,org by worker data,acronym,acronym; surface_noise,Medium,Answerable,1,acronym,axis - worker roster,R3121,"{""base_query"": ""organization by worker data"", ""construction"": ""plain query + acronym surface noise"", ""noise"": [""organization->org""]}",2.0.0,20260804
Q20932,ta partner by rec,acronym,acronym; surface_noise,Medium,Answerable,1,acronym,dax applications by agency - audit,R2374,"{""base_query"": ""ta partner by recruiting"", ""construction"": ""plain query + acronym surface noise"", ""noise"": [""recruiting->rec""]}",2.0.0,20260804
Q20933,job openings by rec,acronym,acronym; surface_noise,Medium,Answerable,1,acronym,hcm recruiting source by agency - dashboard,R3141,"{""base_query"": ""job openings by recruiting"", ""construction"": ""plain query + acronym surface noise"", ""noise"": [""recruiting->rec""]}",2.0.0,20260804
Q20934,EEs by worker data,acronym,acronym; surface_noise,Medium,Answerable,1,acronym,hcm employee identifier by organization,R0932,"{""base_query"": ""employees by worker data"", ""construction"": ""plain query + acronym surface noise"", ""noise"": [""employees->EEs""]}",2.0.0,20260804
Q20935,EE by worker data history,acronym,acronym; surface_noise,Medium,Answerable,1,acronym,hcm headcount by region - audit,R2761,"{""base_query"": ""employee by worker data history"", ""construction"": ""plain query + acronym surface noise"", ""noise"": [""employee->EE""]}",2.0.0,20260804
Q20936,supervisory team by orgs,acronym,acronym; surface_noise,Medium,Answerable,1,acronym,axis - development goals by organization - detail,R1230,"{""base_query"": ""supervisory team by organizations"", ""construction"": ""plain query + acronym surface noise"", ""noise"": [""organizations->orgs""]}",2.0.0,20260804
Q20937,applicant by rec,acronym,acronym; surface_noise,Medium,Answerable,1,acronym,candidate pipeline by location - historical,R3800,"{""base_query"": ""applicant by recruiting"", ""construction"": ""plain query + acronym surface noise"", ""noise"": [""recruiting->rec""]}",2.0.0,20260804
Q20938,job seeker by rec,acronym,acronym; surface_noise,Medium,Answerable,1,acronym,axis - recruiter activity by location v4,R2720,"{""base_query"": ""job seeker by recruiting"", ""construction"": ""plain query + acronym surface noise"", ""noise"": [""recruiting->rec""]}",2.0.0,20260804
Q20939,employee by comp,acronym,acronym; surface_noise,Medium,Answerable,1,acronym,comp grade by region,R3400,"{""base_query"": ""employee by compensation"", ""construction"": ""plain query + acronym surface noise"", ""noise"": [""compensation->comp""]}",2.0.0,20260804
Q20940,yearly comp by compensation,acronym,acronym; surface_noise,Medium,Answerable,1,acronym,axis - pay equity by region - current,R2316,"{""base_query"": ""yearly compensation by compensation"", ""construction"": ""plain query + acronym surface noise"", ""noise"": [""compensation->comp""]}",2.0.0,20260804
Q20941,where does each EE work by worker data,acronym,acronym; surface_noise,Medium,Answerable,1,acronym,worker roster by manager - historical,R1967,"{""base_query"": ""where does each employee work by worker data"", ""construction"": ""plain query + acronym surface noise"", ""noise"": [""employee->EE""]}",2.0.0,20260804
Q20942,legal entity by comp,acronym,acronym; surface_noise,Medium,Answerable,1,acronym,axis - compensation actuals by company - dashboard,R3129,"{""base_query"": ""legal entity by compensation"", ""construction"": ""plain query + acronym surface noise"", ""noise"": [""compensation->comp""]}",2.0.0,20260804
Q20943,mgmt org by worker data history,acronym,acronym; surface_noise,Medium,Answerable,1,acronym,hcm workforce snapshot by business unit - current,R3241,"{""base_query"": ""management organization by worker data history"", ""construction"": ""plain query + acronym surface noise"", ""noise"": [""management->mgmt"", ""organization->org""]}",2.0.0,20260804
Q20944,EEs by comp,acronym,acronym; surface_noise,Medium,Answerable,1,acronym,cr_salary range by plan - current,R1485,"{""base_query"": ""employees by compensation"", ""construction"": ""plain query + acronym surface noise"", ""noise"": [""compensation->comp"", ""employees->EEs""]}",2.0.0,20260804
Q20945,annualized pay by comp,acronym,acronym; surface_noise,Medium,Answerable,1,acronym,axis - pay equity - historical,R0519,"{""base_query"": ""annualized pay by compensation"", ""construction"": ""plain query + acronym surface noise"", ""noise"": [""compensation->comp""]}",2.0.0,20260804
Q20946,work location by rec,acronym,acronym; surface_noise,Medium,Answerable,1,acronym,axis - recruiting source by agency,R3446,"{""base_query"": ""work location by recruiting"", ""construction"": ""plain query + acronym surface noise"", ""noise"": [""recruiting->rec""]}",2.0.0,20260804
Q20947,annualized pay by comp,acronym,acronym; surface_noise,Medium,Answerable,1,acronym,axis - pay equity - historical,R0519,"{""base_query"": ""annualized pay by compensation"", ""construction"": ""plain query + acronym surface noise"", ""noise"": [""compensation->comp""]}",2.0.0,20260804
Q20948,where does each EE work by jobs & positions,acronym,acronym; surface_noise,Medium,Answerable,1,acronym,hcm open positions by location - monthly,R1799,"{""base_query"": ""where does each employee work by jobs & positions"", ""construction"": ""plain query + acronym surface noise"", ""noise"": [""employee->EE""]}",2.0.0,20260804
Q20949,EE by worker data history,acronym,acronym; surface_noise,Medium,Answerable,1,acronym,axis - historical workforce by region - summary,R0313,"{""base_query"": ""employee by worker data history"", ""construction"": ""plain query + acronym surface noise"", ""noise"": [""employee->EE""]}",2.0.0,20260804
Q20950,management org by worker data,acronym,acronym; surface_noise,Medium,Answerable,1,acronym,axis - active employee by location - summary,R1206,"{""base_query"": ""management organization by worker data"", ""construction"": ""plain query + acronym surface noise"", ""noise"": [""organization->org""]}",2.0.0,20260804
Q20951,job application by rec,acronym,acronym; surface_noise,Medium,Answerable,1,acronym,axis - recruiting source by candidate stage,R3277,"{""base_query"": ""job application by recruiting"", ""construction"": ""plain query + acronym surface noise"", ""noise"": [""recruiting->rec""]}",2.0.0,20260804
Q20952,fixed pay by comp,acronym,acronym; surface_noise,Medium,Answerable,1,acronym,bonus and one-time by region - copy,R2032,"{""base_query"": ""fixed pay by compensation"", ""construction"": ""plain query + acronym surface noise"", ""noise"": [""compensation->comp""]}",2.0.0,20260804
Q20953,bosses by comp,acronym,acronym; surface_noise,Medium,Answerable,1,acronym,hcm compensation review by region - summary,R3748,"{""base_query"": ""bosses by compensation"", ""construction"": ""plain query + acronym surface noise"", ""noise"": [""compensation->comp""]}",2.0.0,20260804
Q20954,candidate application by rec,acronym,acronym; surface_noise,Medium,Answerable,1,acronym,axis - job posting by candidate stage - monthly (5),R1979,"{""base_query"": ""candidate application by recruiting"", ""construction"": ""plain query + acronym surface noise"", ""noise"": [""recruiting->rec""]}",2.0.0,20260804
Q20955,workplace by orgs,acronym,acronym; surface_noise,Medium,Answerable,1,acronym,hcm organization assignments by location - ytd,R2488,"{""base_query"": ""workplace by organizations"", ""construction"": ""plain query + acronym surface noise"", ""noise"": [""organizations->orgs""]}",2.0.0,20260804
Q20956,employing company by comp,acronym,acronym; surface_noise,Medium,Answerable,1,acronym,hcm comp grade by employee type - quarterly,R2767,"{""base_query"": ""employing company by compensation"", ""construction"": ""plain query + acronym surface noise"", ""noise"": [""compensation->comp""]}",2.0.0,20260804
Q20957,team leader by comp,acronym,acronym; surface_noise,Medium,Answerable,1,acronym,axis - bonus and one-time,R3271,"{""base_query"": ""team leader by compensation"", ""construction"": ""plain query + acronym surface noise"", ""noise"": [""compensation->comp""]}",2.0.0,20260804
Q20958,EEs by worker data,acronym,acronym; surface_noise,Medium,Answerable,1,acronym,axis - worker location by country,R2981,"{""base_query"": ""employees by worker data"", ""construction"": ""plain query + acronym surface noise"", ""noise"": [""employees->EEs""]}",2.0.0,20260804
Q20959,EEs by worker data,acronym,acronym; surface_noise,Medium,Answerable,1,acronym,axis - worker roster - summary,R1668,"{""base_query"": ""employees by worker data"", ""construction"": ""plain query + acronym surface noise"", ""noise"": [""employees->EEs""]}",2.0.0,20260804
Q20960,work location by orgs,acronym,acronym; surface_noise,Medium,Answerable,1,acronym,dax cost centers by location - historical,R3487,"{""base_query"": ""work location by organizations"", ""construction"": ""plain query + acronym surface noise"", ""noise"": [""organizations->orgs""]}",2.0.0,20260804
Q20961,hiring stage by rec,acronym,acronym; surface_noise,Medium,Answerable,1,acronym,axis - recruiting source by candidate stage,R3277,"{""base_query"": ""hiring stage by recruiting"", ""construction"": ""plain query + acronym surface noise"", ""noise"": [""recruiting->rec""]}",2.0.0,20260804
Q20962,EEs by worker data,acronym,acronym; surface_noise,Medium,Answerable,1,acronym,axis - manager hierarchy by company - quarterly - copy,R2438,"{""base_query"": ""employees by worker data"", ""construction"": ""plain query + acronym surface noise"", ""noise"": [""employees->EEs""]}",2.0.0,20260804
Q20963,legal entity by comp,acronym,acronym; surface_noise,Medium,Answerable,1,acronym,axis - comp grade by region v4,R0437,"{""base_query"": ""legal entity by compensation"", ""construction"": ""plain query + acronym surface noise"", ""noise"": [""compensation->comp""]}",2.0.0,20260804
Q20964,team leader by comp,acronym,acronym; surface_noise,Medium,Answerable,1,acronym,hcm pay equity by plan - detail,R0675,"{""base_query"": ""team leader by compensation"", ""construction"": ""plain query + acronym surface noise"", ""noise"": [""compensation->comp""]}",2.0.0,20260804
Q20965,employing company by comp,acronym,acronym; surface_noise,Medium,Answerable,1,acronym,hcm comp grade by employee type - quarterly,R2767,"{""base_query"": ""employing company by compensation"", ""construction"": ""plain query + acronym surface noise"", ""noise"": [""compensation->comp""]}",2.0.0,20260804
Q20966,job seekers by rec,acronym,acronym; surface_noise,Medium,Answerable,1,acronym,applications by recruiter - audit,R3751,"{""base_query"": ""job seekers by recruiting"", ""construction"": ""plain query + acronym surface noise"", ""noise"": [""recruiting->rec""]}",2.0.0,20260804
Q20967,term details by worker data history,acronym,acronym; surface_noise,Medium,Answerable,1,acronym,worker trend by manager - detail,R0172,"{""base_query"": ""termination details by worker data history"", ""construction"": ""plain query + acronym surface noise"", ""noise"": [""termination->term""]}",2.0.0,20260804
Q20968,boss by comp,acronym,acronym; surface_noise,Medium,Answerable,1,acronym,axis - compensation review by manager,R0490,"{""base_query"": ""boss by compensation"", ""construction"": ""plain query + acronym surface noise"", ""noise"": [""compensation->comp""]}",2.0.0,20260804
Q20969,annual salary by comp,acronym,acronym; surface_noise,Medium,Answerable,1,acronym,axis - annual compensation by employee type - audit,R3006,"{""base_query"": ""annual salary by compensation"", ""construction"": ""plain query + acronym surface noise"", ""noise"": [""compensation->comp""]}",2.0.0,20260804
Q20970,mgmt org by jobs & positions,acronym,acronym; surface_noise,Medium,Answerable,1,acronym,axis - job profile by recruiter - audit,R3270,"{""base_query"": ""management organization by jobs & positions"", ""construction"": ""plain query + acronym surface noise"", ""noise"": [""management->mgmt"", ""organization->org""]}",2.0.0,20260804
Q20971,org by worker data history,acronym,acronym; surface_noise,Medium,Answerable,1,acronym,axis - employee movement by business unit - ytd,R2280,"{""base_query"": ""organization by worker data history"", ""construction"": ""plain query + acronym surface noise"", ""noise"": [""organization->org""]}",2.0.0,20260804
Q20972,annualized pay by comp,acronym,acronym; surface_noise,Medium,Answerable,1,acronym,comp grade by region,R3400,"{""base_query"": ""annualized pay by compensation"", ""construction"": ""plain query + acronym surface noise"", ""noise"": [""compensation->comp""]}",2.0.0,20260804
Q20973,hiring req by jobs & positions,acronym,acronym; surface_noise,Medium,Answerable,1,acronym,osv-vacant positions by company - monthly v2,R0418,"{""base_query"": ""hiring requisition by jobs & positions"", ""construction"": ""plain query + acronym surface noise"", ""noise"": [""requisition->req""]}",2.0.0,20260804
Q20974,annual salary by comp,acronym,acronym; surface_noise,Medium,Answerable,1,acronym,axis - allowance by plan - dashboard,R3999,"{""base_query"": ""annual salary by compensation"", ""construction"": ""plain query + acronym surface noise"", ""noise"": [""compensation->comp""]}",2.0.0,20260804
Q20975,candidate application by rec,acronym,acronym; surface_noise,Medium,Answerable,1,acronym,agency activity by job - audit,R2385,"{""base_query"": ""candidate application by recruiting"", ""construction"": ""plain query + acronym surface noise"", ""noise"": [""recruiting->rec""]}",2.0.0,20260804
Q20976,job opening by rec,acronym,acronym; surface_noise,Medium,Answerable,1,acronym,axis - open job requisitions - detail,R0204,"{""base_query"": ""job opening by recruiting"", ""construction"": ""plain query + acronym surface noise"", ""noise"": [""recruiting->rec""]}",2.0.0,20260804
Q20977,org by business process,acronym,acronym; surface_noise,Medium,Answerable,1,acronym,axis - awaiting action by organization,R2293,"{""base_query"": ""organization by business process"", ""construction"": ""plain query + acronym surface noise"", ""noise"": [""organization->org""]}",2.0.0,20260804
Q20978,job opening by rec,acronym,acronym; surface_noise,Medium,Answerable,1,acronym,axis - recruiter activity by agency - summary,R2309,"{""base_query"": ""job opening by recruiting"", ""construction"": ""plain query + acronym surface noise"", ""noise"": [""recruiting->rec""]}",2.0.0,20260804
Q20979,candidate application by rec,acronym,acronym; surface_noise,Medium,Answerable,1,acronym,axis - open job requisitions by agency - ytd,R0055,"{""base_query"": ""candidate application by recruiting"", ""construction"": ""plain query + acronym surface noise"", ""noise"": [""recruiting->rec""]}",2.0.0,20260804
Q20980,salary by comp,acronym,acronym; surface_noise,Medium,Answerable,1,acronym,axis - pay equity by company - current,R2734,"{""base_query"": ""salary by compensation"", ""construction"": ""plain query + acronym surface noise"", ""noise"": [""compensation->comp""]}",2.0.0,20260804
Q20981,applicants by rec,acronym,acronym; surface_noise,Medium,Answerable,1,acronym,recruiting source by location - current,R3497,"{""base_query"": ""applicants by recruiting"", ""construction"": ""plain query + acronym surface noise"", ""noise"": [""recruiting->rec""]}",2.0.0,20260804
Q20982,legal entity by comp,acronym,acronym; surface_noise,Medium,Answerable,1,acronym,cr_annual compensation by grade - detail,R2266,"{""base_query"": ""legal entity by compensation"", ""construction"": ""plain query + acronym surface noise"", ""noise"": [""compensation->comp""]}",2.0.0,20260804
Q20983,org by worker data,acronym,acronym; surface_noise,Medium,Answerable,1,acronym,dax employee identifier by region - monthly,R0087,"{""base_query"": ""organization by worker data"", ""construction"": ""plain query + acronym surface noise"", ""noise"": [""organization->org""]}",2.0.0,20260804
Q20984,EEs by worker data history,acronym,acronym; surface_noise,Medium,Answerable,1,acronym,axis - turnover by country - summary,R1221,"{""base_query"": ""employees by worker data history"", ""construction"": ""plain query + acronym surface noise"", ""noise"": [""employees->EEs""]}",2.0.0,20260804
Q20985,former dept by staffing history,acronym,acronym; surface_noise,Medium,Answerable,1,acronym,axis - position changes by company 2026,R0789,"{""base_query"": ""former department by staffing history"", ""construction"": ""plain query + acronym surface noise"", ""noise"": [""department->dept""]}",2.0.0,20260804
Q20986,application step by rec,acronym,acronym; surface_noise,Medium,Answerable,1,acronym,axis - job posting by agency,R0026,"{""base_query"": ""application step by recruiting"", ""construction"": ""plain query + acronym surface noise"", ""noise"": [""recruiting->rec""]}",2.0.0,20260804
Q20987,org by orgs,acronym,acronym; surface_noise,Medium,Answerable,1,acronym,dax business units by type - current,R2066,"{""base_query"": ""org by organizations"", ""construction"": ""plain query + acronym surface noise"", ""noise"": [""organizations->orgs""]}",2.0.0,20260804
Q20988,EEs by worker data,acronym,acronym; surface_noise,Medium,Answerable,1,acronym,axis - active employee by region - detail,R1442,"{""base_query"": ""employees by worker data"", ""construction"": ""plain query + acronym surface noise"", ""noise"": [""employees->EEs""]}",2.0.0,20260804
Q20989,range spread by comp,acronym,acronym; surface_noise,Medium,Answerable,1,acronym,axis - comp grade by grade - quarterly,R2737,"{""base_query"": ""range spread by compensation"", ""construction"": ""plain query + acronym surface noise"", ""noise"": [""compensation->comp""]}",2.0.0,20260804
Q20990,EE by comp,acronym,acronym; surface_noise,Medium,Answerable,1,acronym,axis - compensation statement by employee type - audit,R3516,"{""base_query"": ""employee by compensation"", ""construction"": ""plain query + acronym surface noise"", ""noise"": [""compensation->comp"", ""employee->EE""]}",2.0.0,20260804
Q20991,legal entity by set up comp,acronym,acronym; surface_noise,Medium,Answerable,1,acronym,dax bonus plan setup by plan - current (5),R3424,"{""base_query"": ""legal entity by set up compensation"", ""construction"": ""plain query + acronym surface noise"", ""noise"": [""compensation->comp""]}",2.0.0,20260804
Q20992,job seeker by rec,acronym,acronym; surface_noise,Medium,Answerable,1,acronym,axis - job posting by source - quarterly,R0764,"{""base_query"": ""job seeker by recruiting"", ""construction"": ""plain query + acronym surface noise"", ""noise"": [""recruiting->rec""]}",2.0.0,20260804
Q20993,EE by payroll,acronym,acronym; surface_noise,Medium,Answerable,1,acronym,axis - earnings and deductions by earning v4,R1346,"{""base_query"": ""employee by payroll"", ""construction"": ""plain query + acronym surface noise"", ""noise"": [""employee->EE""]}",2.0.0,20260804
Q20994,mgmt org by worker data,acronym,acronym; surface_noise,Medium,Answerable,1,acronym,hcm employee status by location - dashboard,R1319,"{""base_query"": ""management organization by worker data"", ""construction"": ""plain query + acronym surface noise"", ""noise"": [""management->mgmt"", ""organization->org""]}",2.0.0,20260804
Q20995,bosses by comp,acronym,acronym; surface_noise,Medium,Answerable,1,acronym,osv-salary range by manager - dashboard,R0384,"{""base_query"": ""bosses by compensation"", ""construction"": ""plain query + acronym surface noise"", ""noise"": [""compensation->comp""]}",2.0.0,20260804
Q20996,org by worker data,acronym,acronym; surface_noise,Medium,Answerable,1,acronym,osv-worker roster by company - dashboard,R0040,"{""base_query"": ""organization by worker data"", ""construction"": ""plain query + acronym surface noise"", ""noise"": [""organization->org""]}",2.0.0,20260804
Q20997,where does each EE work by jobs & positions,acronym,acronym; surface_noise,Medium,Answerable,1,acronym,cr_position budget by job family - detail,R1538,"{""base_query"": ""where does each employee work by jobs & positions"", ""construction"": ""plain query + acronym surface noise"", ""noise"": [""employee->EE""]}",2.0.0,20260804
Q20998,annual salary by comp,acronym,acronym; surface_noise,Medium,Answerable,1,acronym,bonus and one-time by region - copy,R2032,"{""base_query"": ""annual salary by compensation"", ""construction"": ""plain query + acronym surface noise"", ""noise"": [""compensation->comp""]}",2.0.0,20260804
Q20999,where does each EE work by orgs,acronym,acronym; surface_noise,Medium,Answerable,1,acronym,hcm supervisory organization by company - dashboard v3,R1652,"{""base_query"": ""where does each employee work by organizations"", ""construction"": ""plain query + acronym surface noise"", ""noise"": [""employee->EE"", ""organizations->orgs""]}",2.0.0,20260804
Q21000,org by orgs,acronym,acronym; surface_noise,Medium,Answerable,1,acronym,axis - supervisory organization by company,R1659,"{""base_query"": ""organization by organizations"", ""construction"": ""plain query + acronym surface noise"", ""noise"": [""organization->org"", ""organizations->orgs""]}",2.0.0,20260804
Q21001,work locaiton by worker data,misspelling,misspelling; surface_noise,Medium,Answerable,1,misspelling,cr_worker eligibility by region - audit,R2685,"{""base_query"": ""work location by worker data"", ""construction"": ""plain query + misspelling surface noise"", ""noise"": [""location->locaiton""]}",2.0.0,20260804
Q21002,applicnats by recruiting,misspelling,misspelling; surface_noise,Medium,Answerable,1,misspelling,axis - job posting by source - summary,R1048,"{""base_query"": ""applicants by recruiting"", ""construction"": ""plain query + misspelling surface noise"", ""noise"": [""applicants->applicnats""]}",2.0.0,20260804
Q21003,workers by businesss process,misspelling,misspelling; surface_noise,Medium,Answerable,1,misspelling,process events by status - audit (3),R1186,"{""base_query"": ""workers by business process"", ""construction"": ""plain query + misspelling surface noise"", ""noise"": [""business->businesss""]}",2.0.0,20260804
Q21004,supervisory team by jobs & poistions,misspelling,misspelling; surface_noise,Medium,Answerable,1,misspelling,axis - all positions by status - current,R2831,"{""base_query"": ""supervisory team by jobs & positions"", ""construction"": ""plain query + misspelling surface noise"", ""noise"": [""positions->poistions""]}",2.0.0,20260804
Q21005,aplpicant by recruiting,misspelling,misspelling; surface_noise,Medium,Answerable,1,misspelling,cr_leave eligibility by organization,R2895,"{""base_query"": ""applicant by recruiting"", ""construction"": ""plain query + misspelling surface noise"", ""noise"": [""applicant->aplpicant""]}",2.0.0,20260804
Q21006,stafff by worker data,misspelling,misspelling; surface_noise,Medium,Answerable,1,misspelling,axis - active employee by region - detail,R1442,"{""base_query"": ""staff by worker data"", ""construction"": ""plain query + misspelling surface noise"", ""noise"": [""staff->stafff""]}",2.0.0,20260804
Q21007,satff by worker data,misspelling,misspelling; surface_noise,Medium,Answerable,1,misspelling,inbox actions by initiator - summary,R1792,"{""base_query"": ""staff by worker data"", ""construction"": ""plain query + misspelling surface noise"", ""noise"": [""staff->satff""]}",2.0.0,20260804
Q21008,bossses by goals and reviews,misspelling,misspelling; surface_noise,Medium,Answerable,1,misspelling,axis - calibration by organization - historical,R0312,"{""base_query"": ""bosses by goals and reviews"", ""construction"": ""plain query + misspelling surface noise"", ""noise"": [""bosses->bossses""]}",2.0.0,20260804
Q21009,people leave by worker data hsitory,misspelling,misspelling; surface_noise,Medium,Answerable,1,misspelling,axis - worker trend by grade - summary,R3909,"{""base_query"": ""people leave by worker data history"", ""construction"": ""plain query + misspelling surface noise"", ""noise"": [""history->hsitory""]}",2.0.0,20260804
Q21010,employese by worker data,misspelling,misspelling; surface_noise,Medium,Answerable,1,misspelling,axis - earnings and deductions by period - monthly v2,R2723,"{""base_query"": ""employees by worker data"", ""construction"": ""plain query + misspelling surface noise"", ""noise"": [""employees->employese""]}",2.0.0,20260804
Q21011,supervisory org by jobs & postiions,misspelling,misspelling; surface_noise,Medium,Answerable,1,misspelling,all positions by organization - quarterly,R2333,"{""base_query"": ""supervisory org by jobs & positions"", ""construction"": ""plain query + misspelling surface noise"", ""noise"": [""positions->postiions""]}",2.0.0,20260804
Q21012,emlpoyee by worker data history,misspelling,misspelling; surface_noise,Medium,Answerable,1,misspelling,axis - headcount - ytd,R0121,"{""base_query"": ""employee by worker data history"", ""construction"": ""plain query + misspelling surface noise"", ""noise"": [""employee->emlpoyee""]}",2.0.0,20260804
Q21013,workers by workre data,misspelling,misspelling; surface_noise,Medium,Answerable,1,misspelling,dax employee assignment - current,R1188,"{""base_query"": ""workers by worker data"", ""construction"": ""plain query + misspelling surface noise"", ""noise"": [""worker->workre""]}",2.0.0,20260804
Q21014,legal etnity by worker data,misspelling,misspelling; surface_noise,Medium,Answerable,1,misspelling,inbox actions by initiator - summary,R1792,"{""base_query"": ""legal entity by worker data"", ""construction"": ""plain query + misspelling surface noise"", ""noise"": [""entity->etnity""]}",2.0.0,20260804
Q21015,training results by gaols and reviews,misspelling,misspelling; surface_noise,Medium,Answerable,1,misspelling,axis - talent review,R1878,"{""base_query"": ""training results by goals and reviews"", ""construction"": ""plain query + misspelling surface noise"", ""noise"": [""goals->gaols""]}",2.0.0,20260804
Q21016,coverage dates by beneftis,misspelling,misspelling; surface_noise,Medium,Answerable,1,misspelling,axis - benefit census by company - monthly,R0786,"{""base_query"": ""coverage dates by benefits"", ""construction"": ""plain query + misspelling surface noise"", ""noise"": [""benefits->beneftis""]}",2.0.0,20260804
Q21017,people leaving by worker data histoyr,misspelling,misspelling; surface_noise,Medium,Answerable,1,misspelling,historical workforce by grade - historical v2,R0543,"{""base_query"": ""people leaving by worker data history"", ""construction"": ""plain query + misspelling surface noise"", ""noise"": [""history->histoyr""]}",2.0.0,20260804
Q21018,work locatoin by worker data,misspelling,misspelling; surface_noise,Medium,Answerable,1,misspelling,dax position restrictions by organization - quarterly,R3117,"{""base_query"": ""work location by worker data"", ""construction"": ""plain query + misspelling surface noise"", ""noise"": [""location->locatoin""]}",2.0.0,20260804
Q21019,epmloyees by worker data,misspelling,misspelling; surface_noise,Medium,Answerable,1,misspelling,axis - employee contact by manager,R0241,"{""base_query"": ""employees by worker data"", ""construction"": ""plain query + misspelling surface noise"", ""noise"": [""employees->epmloyees""]}",2.0.0,20260804
Q21020,axis - position chnages by country (9),misspelling,misspelling; surface_noise,Medium,Answerable,1,misspelling,axis - position changes by country (9),R1824,"{""base_query"": ""axis - position changes by country (9)"", ""construction"": ""plain query + misspelling surface noise"", ""noise"": [""changes->chnages""]}",2.0.0,20260804
Q21021,axis - process excetpions by process type - historical,misspelling,misspelling; surface_noise,Medium,Answerable,1,misspelling,axis - process exceptions by process type - historical,R2370,"{""base_query"": ""axis - process exceptions by process type - historical"", ""construction"": ""plain query + misspelling surface noise"", ""noise"": [""exceptions->excetpions""]}",2.0.0,20260804
Q21022,salary by compesnation,misspelling,misspelling; surface_noise,Medium,Answerable,1,misspelling,dax business process by initiator - copy,R2317,"{""base_query"": ""salary by compensation"", ""construction"": ""plain query + misspelling surface noise"", ""noise"": [""compensation->compesnation""]}",2.0.0,20260804
Q21023,work locatino by worker data,misspelling,misspelling; surface_noise,Medium,Answerable,1,misspelling,manager hierarchy by region,R2251,"{""base_query"": ""work location by worker data"", ""construction"": ""plain query + misspelling surface noise"", ""noise"": [""location->locatino""]}",2.0.0,20260804
Q21024,workers by wroker data,misspelling,misspelling; surface_noise,Medium,Answerable,1,misspelling,axis - employee status by worker type,R2884,"{""base_query"": ""workers by worker data"", ""construction"": ""plain query + misspelling surface noise"", ""noise"": [""worker->wroker""]}",2.0.0,20260804
Q21025,satff by worker data,misspelling,misspelling; surface_noise,Medium,Answerable,1,misspelling,axis - employee assignment by country - ytd,R2001,"{""base_query"": ""staff by worker data"", ""construction"": ""plain query + misspelling surface noise"", ""noise"": [""staff->satff""]}",2.0.0,20260804
Q21026,workers by worker data hitsory,misspelling,misspelling; surface_noise,Medium,Answerable,1,misspelling,hcm employee movement by quarter - current,R0469,"{""base_query"": ""workers by worker data history"", ""construction"": ""plain query + misspelling surface noise"", ""noise"": [""history->hitsory""]}",2.0.0,20260804
Q21027,org by jobs & psoitions,misspelling,misspelling; surface_noise,Medium,Answerable,1,misspelling,supervisory position by company - historical,R1819,"{""base_query"": ""org by jobs & positions"", ""construction"": ""plain query + misspelling surface noise"", ""noise"": [""positions->psoitions""]}",2.0.0,20260804
Q21028,open role by jobs & poistions,misspelling,misspelling; surface_noise,Medium,Answerable,1,misspelling,dax position budget by status - quarterly,R2392,"{""base_query"": ""open role by jobs & positions"", ""construction"": ""plain query + misspelling surface noise"", ""noise"": [""positions->poistions""]}",2.0.0,20260804
Q21029,business process by asssignee,misspelling,misspelling; surface_noise,Medium,Answerable,1,misspelling,business process by assignee,R2379,"{""base_query"": ""business process by assignee"", ""construction"": ""plain query + misspelling surface noise"", ""noise"": [""assignee->asssignee""]}",2.0.0,20260804
Q21030,work locaiton by jobs & positions,misspelling,misspelling; surface_noise,Medium,Answerable,1,misspelling,axis - position restrictions by status,R3301,"{""base_query"": ""work location by jobs & positions"", ""construction"": ""plain query + misspelling surface noise"", ""noise"": [""location->locaiton""]}",2.0.0,20260804
Q21031,appilcation pipeline by recruiting,misspelling,misspelling; surface_noise,Medium,Answerable,1,misspelling,axis - open job requisitions by recruiter,R3244,"{""base_query"": ""application pipeline by recruiting"", ""construction"": ""plain query + misspelling surface noise"", ""noise"": [""application->appilcation""]}",2.0.0,20260804
Q21032,supervisory team by jobs & positoins,misspelling,misspelling; surface_noise,Medium,Answerable,1,misspelling,cr_mobility events by organization - historical,R3686,"{""base_query"": ""supervisory team by jobs & positions"", ""construction"": ""plain query + misspelling surface noise"", ""noise"": [""positions->positoins""]}",2.0.0,20260804
Q21033,legal entiyt by worker data,misspelling,misspelling; surface_noise,Medium,Answerable,1,misspelling,worker demographics by organization (3),R0984,"{""base_query"": ""legal entity by worker data"", ""construction"": ""plain query + misspelling surface noise"", ""noise"": [""entity->entiyt""]}",2.0.0,20260804
Q21034,axis - report run hitsory by report type,misspelling,misspelling; surface_noise,Medium,Answerable,1,misspelling,axis - report run history by report type,R0763,"{""base_query"": ""axis - report run history by report type"", ""construction"": ""plain query + misspelling surface noise"", ""noise"": [""history->hitsory""]}",2.0.0,20260804
Q21035,employing compayn by worker data,misspelling,misspelling; surface_noise,Medium,Answerable,1,misspelling,axis - worker demographics by country - detail v3,R0457,"{""base_query"": ""employing company by worker data"", ""construction"": ""plain query + misspelling surface noise"", ""noise"": [""company->compayn""]}",2.0.0,20260804
Q21036,boss by goasl and reviews,misspelling,misspelling; surface_noise,Medium,Answerable,1,misspelling,axis - review ratings by review cycle - current,R0144,"{""base_query"": ""boss by goals and reviews"", ""construction"": ""plain query + misspelling surface noise"", ""noise"": [""goals->goasl""]}",2.0.0,20260804
Q21037,legal entity by compensaiton,misspelling,misspelling; surface_noise,Medium,Answerable,1,misspelling,hcm annual compensation by region,R0710,"{""base_query"": ""legal entity by compensation"", ""construction"": ""plain query + misspelling surface noise"", ""noise"": [""compensation->compensaiton""]}",2.0.0,20260804
Q21038,where does each empolyee work by worker data,misspelling,misspelling; surface_noise,Medium,Answerable,1,misspelling,axis - manager hierarchy by worker type - summary,R1886,"{""base_query"": ""where does each employee work by worker data"", ""construction"": ""plain query + misspelling surface noise"", ""noise"": [""employee->empolyee""]}",2.0.0,20260804
Q21039,joiners by worker data hitsory,misspelling,misspelling; surface_noise,Medium,Answerable,1,misspelling,axis - employee movement by region - audit,R1227,"{""base_query"": ""joiners by worker data history"", ""construction"": ""plain query + misspelling surface noise"", ""noise"": [""history->hitsory""]}",2.0.0,20260804
Q21040,boss by worekr data,misspelling,misspelling; surface_noise,Medium,Answerable,1,misspelling,dax worker snapshot by worker type - summary,R2897,"{""base_query"": ""boss by worker data"", ""construction"": ""plain query + misspelling surface noise"", ""noise"": [""worker->worekr""]}",2.0.0,20260804
Q21041,legal etnity by worker data,misspelling,misspelling; surface_noise,Medium,Answerable,1,misspelling,dax worker location by location,R0236,"{""base_query"": ""legal entity by worker data"", ""construction"": ""plain query + misspelling surface noise"", ""noise"": [""entity->etnity""]}",2.0.0,20260804
Q21042,workplace by wokrer data,misspelling,misspelling; surface_noise,Medium,Answerable,1,misspelling,axis - worker demographics by location,R2826,"{""base_query"": ""workplace by worker data"", ""construction"": ""plain query + misspelling surface noise"", ""noise"": [""worker->wokrer""]}",2.0.0,20260804
Q21043,candidate applicatino by recruiting,misspelling,misspelling; surface_noise,Medium,Answerable,1,misspelling,axis - offer activity by agency - quarterly,R3150,"{""base_query"": ""candidate application by recruiting"", ""construction"": ""plain query + misspelling surface noise"", ""noise"": [""application->applicatino""]}",2.0.0,20260804
Q21044,rescinds by initiaotr - summary,misspelling,misspelling; surface_noise,Medium,Answerable,1,misspelling,rescinds by initiator - summary,R1664,"{""base_query"": ""rescinds by initiator - summary"", ""construction"": ""plain query + misspelling surface noise"", ""noise"": [""initiator->initiaotr""]}",2.0.0,20260804
Q21045,work locatoin by worker data,misspelling,misspelling; surface_noise,Medium,Answerable,1,misspelling,worker location by region,R2964,"{""base_query"": ""work location by worker data"", ""construction"": ""plain query + misspelling surface noise"", ""noise"": [""location->locatoin""]}",2.0.0,20260804
Q21046,orgainzation by jobs & positions,misspelling,misspelling; surface_noise,Medium,Answerable,1,misspelling,hcm job profile by company,R0553,"{""base_query"": ""organization by jobs & positions"", ""construction"": ""plain query + misspelling surface noise"", ""noise"": [""organization->orgainzation""]}",2.0.0,20260804
Q21047,legal entiyt by time tracking,misspelling,misspelling; surface_noise,Medium,Answerable,1,misspelling,hcm time entry audit - ytd,R0824,"{""base_query"": ""legal entity by time tracking"", ""construction"": ""plain query + misspelling surface noise"", ""noise"": [""entity->entiyt""]}",2.0.0,20260804
Q21048,employing company by bsuiness process,misspelling,misspelling; surface_noise,Medium,Answerable,1,misspelling,axis - pay calculation by company - audit,R0798,"{""base_query"": ""employing company by business process"", ""construction"": ""plain query + misspelling surface noise"", ""noise"": [""business->bsuiness""]}",2.0.0,20260804
Q21049,dax copmleted steps by process type - current,misspelling,misspelling; surface_noise,Medium,Answerable,1,misspelling,dax completed steps by process type - current,R2537,"{""base_query"": ""dax completed steps by process type - current"", ""construction"": ""plain query + misspelling surface noise"", ""noise"": [""completed->copmleted""]}",2.0.0,20260804
Q21050,workplace by workre data,misspelling,misspelling; surface_noise,Medium,Answerable,1,misspelling,employee status by manager,R1407,"{""base_query"": ""workplace by worker data"", ""construction"": ""plain query + misspelling surface noise"", ""noise"": [""worker->workre""]}",2.0.0,20260804
Q21051,epmloyees by time off and leave,misspelling,misspelling; surface_noise,Medium,Answerable,1,misspelling,axis - time off requests by leave type - quarterly,R1775,"{""base_query"": ""employees by time off and leave"", ""construction"": ""plain query + misspelling surface noise"", ""noise"": [""employees->epmloyees""]}",2.0.0,20260804
Q21052,laeve type by time off and leave,misspelling,misspelling; surface_noise,Medium,Answerable,1,misspelling,axis - absence calendar by date,R1510,"{""base_query"": ""leave type by time off and leave"", ""construction"": ""plain query + misspelling surface noise"", ""noise"": [""leave->laeve""]}",2.0.0,20260804
Q21053,ta rercuiter by recruiting,misspelling,misspelling; surface_noise,Medium,Answerable,1,misspelling,hcm offer activity by candidate stage - quarterly,R2738,"{""base_query"": ""ta recruiter by recruiting"", ""construction"": ""plain query + misspelling surface noise"", ""noise"": [""recruiter->rercuiter""]}",2.0.0,20260804
Q21054,onboarded by worker data histoyr,misspelling,misspelling; surface_noise,Medium,Answerable,1,misspelling,transfers by month - audit,R0883,"{""base_query"": ""onboarded by worker data history"", ""construction"": ""plain query + misspelling surface noise"", ""noise"": [""history->histoyr""]}",2.0.0,20260804
Q21055,learnign outcomes by learning,misspelling,misspelling; surface_noise,Medium,Answerable,1,misspelling,hcm learning enrollment by learner - audit,R1494,"{""base_query"": ""learning outcomes by learning"", ""construction"": ""plain query + misspelling surface noise"", ""noise"": [""learning->learnign""]}",2.0.0,20260804
Q21056,open role by jobs & poistions,misspelling,misspelling; surface_noise,Medium,Answerable,1,misspelling,axis - job profile by recruiter - audit,R3270,"{""base_query"": ""open role by jobs & positions"", ""construction"": ""plain query + misspelling surface noise"", ""noise"": [""positions->poistions""]}",2.0.0,20260804
Q21057,legal entiyt by worker data,misspelling,misspelling; surface_noise,Medium,Answerable,1,misspelling,axis - worker roster by company - quarterly,R3078,"{""base_query"": ""legal entity by worker data"", ""construction"": ""plain query + misspelling surface noise"", ""noise"": [""entity->entiyt""]}",2.0.0,20260804
Q21058,new hirse by staffing history,misspelling,misspelling; surface_noise,Medium,Answerable,1,misspelling,axis - position changes by event - monthly,R2944,"{""base_query"": ""new hires by staffing history"", ""construction"": ""plain query + misspelling surface noise"", ""noise"": [""hires->hirse""]}",2.0.0,20260804
Q21059,employing compnay by compensation,misspelling,misspelling; surface_noise,Medium,Answerable,1,misspelling,axis - bonus and one-time by region - summary,R1041,"{""base_query"": ""employing company by compensation"", ""construction"": ""plain query + misspelling surface noise"", ""noise"": [""company->compnay""]}",2.0.0,20260804
Q21060,satff by worker data,misspelling,misspelling; surface_noise,Medium,Answerable,1,misspelling,axis - employee assignment by manager,R3894,"{""base_query"": ""staff by worker data"", ""construction"": ""plain query + misspelling surface noise"", ""noise"": [""staff->satff""]}",2.0.0,20260804
Q21061,axis - user accesss by role - audit,misspelling,misspelling; surface_noise,Medium,Answerable,1,misspelling,axis - user access by role - audit,R3285,"{""base_query"": ""axis - user access by role - audit"", ""construction"": ""plain query + misspelling surface noise"", ""noise"": [""access->accesss""]}",2.0.0,20260804
Q21062,levae status by time off and leave,misspelling,misspelling; surface_noise,Medium,Answerable,1,misspelling,dax vacation report by leave type - dashboard,R2904,"{""base_query"": ""leave status by time off and leave"", ""construction"": ""plain query + misspelling surface noise"", ""noise"": [""leave->levae""]}",2.0.0,20260804
Q21063,employing cmopany by compensation,misspelling,misspelling; surface_noise,Medium,Answerable,1,misspelling,axis - annual compensation,R2417,"{""base_query"": ""employing company by compensation"", ""construction"": ""plain query + misspelling surface noise"", ""noise"": [""company->cmopany""]}",2.0.0,20260804
Q21064,separation deatils by worker data history,misspelling,misspelling; surface_noise,Medium,Answerable,1,misspelling,axis - active employee by region - dashboard,R1985,"{""base_query"": ""separation details by worker data history"", ""construction"": ""plain query + misspelling surface noise"", ""noise"": [""details->deatils""]}",2.0.0,20260804
Q21065,candidate applicaiton by recruiting,misspelling,misspelling; surface_noise,Medium,Answerable,1,misspelling,applications by recruiter - audit,R3751,"{""base_query"": ""candidate application by recruiting"", ""construction"": ""plain query + misspelling surface noise"", ""noise"": [""application->applicaiton""]}",2.0.0,20260804
Q21066,vacancy by jobs & positiosn,misspelling,misspelling; surface_noise,Medium,Answerable,1,misspelling,axis - all positions by location - current,R3877,"{""base_query"": ""vacancy by jobs & positions"", ""construction"": ""plain query + misspelling surface noise"", ""noise"": [""positions->positiosn""]}",2.0.0,20260804
Q21067,legal entity by bsuiness process,misspelling,misspelling; surface_noise,Medium,Answerable,1,misspelling,osv-process exceptions by process type - monthly - copy,R2257,"{""base_query"": ""legal entity by business process"", ""construction"": ""plain query + misspelling surface noise"", ""noise"": [""business->bsuiness""]}",2.0.0,20260804
Q21068,employing comapny by jobs & positions,misspelling,misspelling; surface_noise,Medium,Answerable,1,misspelling,axis - job family by job family - quarterly,R1149,"{""base_query"": ""employing company by jobs & positions"", ""construction"": ""plain query + misspelling surface noise"", ""noise"": [""company->comapny""]}",2.0.0,20260804
Q21069,workplace by jobs & posiitons,misspelling,misspelling; surface_noise,Medium,Answerable,1,misspelling,axis - all positions by location - detail,R0421,"{""base_query"": ""workplace by jobs & positions"", ""construction"": ""plain query + misspelling surface noise"", ""noise"": [""positions->posiitons""]}",2.0.0,20260804
Q21070,mnaagement organization by jobs & positions,misspelling,misspelling; surface_noise,Medium,Answerable,1,misspelling,axis - job family by job family - current,R0945,"{""base_query"": ""management organization by jobs & positions"", ""construction"": ""plain query + misspelling surface noise"", ""noise"": [""management->mnaagement""]}",2.0.0,20260804
Q21071,course cmopletion by goals and reviews,misspelling,misspelling; surface_noise,Medium,Answerable,1,misspelling,axis - goal progress,R0983,"{""base_query"": ""course completion by goals and reviews"", ""construction"": ""plain query + misspelling surface noise"", ""noise"": [""completion->cmopletion""]}",2.0.0,20260804
Q21072,satff by worker data,misspelling,misspelling; surface_noise,Medium,Answerable,1,misspelling,axis - earnings and deductions by period - monthly v2,R2723,"{""base_query"": ""staff by worker data"", ""construction"": ""plain query + misspelling surface noise"", ""noise"": [""staff->satff""]}",2.0.0,20260804
Q21073,pyaroll period by payroll,misspelling,misspelling; surface_noise,Medium,Answerable,1,misspelling,axis - payment election by period,R3258,"{""base_query"": ""payroll period by payroll"", ""construction"": ""plain query + misspelling surface noise"", ""noise"": [""payroll->pyaroll""]}",2.0.0,20260804
Q21074,where does each epmloyee work by worker data,misspelling,misspelling; surface_noise,Medium,Answerable,1,misspelling,axis - worker snapshot by location - current v2,R2157,"{""base_query"": ""where does each employee work by worker data"", ""construction"": ""plain query + misspelling surface noise"", ""noise"": [""employee->epmloyee""]}",2.0.0,20260804
Q21075,people ledaer by worker data,misspelling,misspelling; surface_noise,Medium,Answerable,1,misspelling,cr_worker location by location - historical,R3147,"{""base_query"": ""people leader by worker data"", ""construction"": ""plain query + misspelling surface noise"", ""noise"": [""leader->ledaer""]}",2.0.0,20260804
Q21076,employee cuhrn by worker data history,misspelling,misspelling; surface_noise,Medium,Answerable,1,misspelling,axis - workforce snapshot - ytd,R1789,"{""base_query"": ""employee churn by worker data history"", ""construction"": ""plain query + misspelling surface noise"", ""noise"": [""churn->cuhrn""]}",2.0.0,20260804
Q21077,employees by bsuiness process,misspelling,misspelling; surface_noise,Medium,Answerable,1,misspelling,axis - process exceptions by process type - current,R0017,"{""base_query"": ""employees by business process"", ""construction"": ""plain query + misspelling surface noise"", ""noise"": [""business->bsuiness""]}",2.0.0,20260804
Q21078,team leaedr by worker data,misspelling,misspelling; surface_noise,Medium,Answerable,1,misspelling,axis - employee profile by manager - historical,R2234,"{""base_query"": ""team leader by worker data"", ""construction"": ""plain query + misspelling surface noise"", ""noise"": [""leader->leaedr""]}",2.0.0,20260804
Q21079,role assignmetns by domain,misspelling,misspelling; surface_noise,Medium,Answerable,1,misspelling,role assignments by domain,R0507,"{""base_query"": ""role assignments by domain"", ""construction"": ""plain query + misspelling surface noise"", ""noise"": [""assignments->assignmetns""]}",2.0.0,20260804
Q21080,vacancy by jobs & positiosn,misspelling,misspelling; surface_noise,Medium,Answerable,1,misspelling,axis - open positions by recruiter - dashboard,R1313,"{""base_query"": ""vacancy by jobs & positions"", ""construction"": ""plain query + misspelling surface noise"", ""noise"": [""positions->positiosn""]}",2.0.0,20260804
Q21081,organization by worker data hisotry,misspelling,misspelling; surface_noise,Medium,Answerable,1,misspelling,axis - manager hierarchy by country - summary,R3557,"{""base_query"": ""organization by worker data history"", ""construction"": ""plain query + misspelling surface noise"", ""noise"": [""history->hisotry""]}",2.0.0,20260804
Q21082,employing cmopany by jobs & positions,misspelling,misspelling; surface_noise,Medium,Answerable,1,misspelling,axis - position budget by company - summary,R2097,"{""base_query"": ""employing company by jobs & positions"", ""construction"": ""plain query + misspelling surface noise"", ""noise"": [""company->cmopany""]}",2.0.0,20260804
Q21083,axis - process events - dteail,misspelling,misspelling; surface_noise,Medium,Answerable,1,misspelling,axis - process events - detail,R2179,"{""base_query"": ""axis - process events - detail"", ""construction"": ""plain query + misspelling surface noise"", ""noise"": [""detail->dteail""]}",2.0.0,20260804
Q21084,base salary by copmensation,misspelling,misspelling; surface_noise,Medium,Answerable,1,misspelling,compensation statement by plan - detail,R2870,"{""base_query"": ""base salary by compensation"", ""construction"": ""plain query + misspelling surface noise"", ""noise"": [""compensation->copmensation""]}",2.0.0,20260804
Q21085,workplace by wokrer data,misspelling,misspelling; surface_noise,Medium,Answerable,1,misspelling,axis - employee profile by country - monthly,R0679,"{""base_query"": ""workplace by worker data"", ""construction"": ""plain query + misspelling surface noise"", ""noise"": [""worker->wokrer""]}",2.0.0,20260804
Q21086,work locatino by organizations,misspelling,misspelling; surface_noise,Medium,Answerable,1,misspelling,axis - cost centers by location - quarterly,R2332,"{""base_query"": ""work location by organizations"", ""construction"": ""plain query + misspelling surface noise"", ""noise"": [""location->locatino""]}",2.0.0,20260804
Q21087,new hire by busienss process,misspelling,misspelling; surface_noise,Medium,Answerable,1,misspelling,axis - hire detail by organization,R1829,"{""base_query"": ""new hire by business process"", ""construction"": ""plain query + misspelling surface noise"", ""noise"": [""business->busienss""]}",2.0.0,20260804
Q21088,legal etnity by worker data,misspelling,misspelling; surface_noise,Medium,Answerable,1,misspelling,worker roster by location,R2382,"{""base_query"": ""legal entity by worker data"", ""construction"": ""plain query + misspelling surface noise"", ""noise"": [""entity->etnity""]}",2.0.0,20260804
Q21089,legal entity by bsuiness process,misspelling,misspelling; surface_noise,Medium,Answerable,1,misspelling,dax process exceptions by process type - summary,R1532,"{""base_query"": ""legal entity by business process"", ""construction"": ""plain query + misspelling surface noise"", ""noise"": [""business->bsuiness""]}",2.0.0,20260804
Q21090,superivsory org by worker data,misspelling,misspelling; surface_noise,Medium,Answerable,1,misspelling,axis - manager hierarchy by location - audit,R0573,"{""base_query"": ""supervisory org by worker data"", ""construction"": ""plain query + misspelling surface noise"", ""noise"": [""supervisory->superivsory""]}",2.0.0,20260804
Q21091,annaul salary by compensation,misspelling,misspelling; surface_noise,Medium,Answerable,1,misspelling,axis - inbox actions by initiator - monthly,R2067,"{""base_query"": ""annual salary by compensation"", ""construction"": ""plain query + misspelling surface noise"", ""noise"": [""annual->annaul""]}",2.0.0,20260804
Q21092,hiirng requisition by jobs & positions,misspelling,misspelling; surface_noise,Medium,Answerable,1,misspelling,axis - job family by company,R1772,"{""base_query"": ""hiring requisition by jobs & positions"", ""construction"": ""plain query + misspelling surface noise"", ""noise"": [""hiring->hiirng""]}",2.0.0,20260804
Q21093,suprevisory org by worker data,misspelling,misspelling; surface_noise,Medium,Answerable,1,misspelling,axis - active employee,R3390,"{""base_query"": ""supervisory org by worker data"", ""construction"": ""plain query + misspelling surface noise"", ""noise"": [""supervisory->suprevisory""]}",2.0.0,20260804
Q21094,supervisoyr team by worker data,misspelling,misspelling; surface_noise,Medium,Answerable,1,misspelling,hcm worker demographics by company,R1632,"{""base_query"": ""supervisory team by worker data"", ""construction"": ""plain query + misspelling surface noise"", ""noise"": [""supervisory->supervisoyr""]}",2.0.0,20260804
Q21095,merit plan setup by grade - dasbhoard,misspelling,misspelling; surface_noise,Medium,Answerable,1,misspelling,merit plan setup by grade - dashboard,R0796,"{""base_query"": ""merit plan setup by grade - dashboard"", ""construction"": ""plain query + misspelling surface noise"", ""noise"": [""dashboard->dasbhoard""]}",2.0.0,20260804
Q21096,employing compayn by worker data,misspelling,misspelling; surface_noise,Medium,Answerable,1,misspelling,axis - worker demographics - summary,R0282,"{""base_query"": ""employing company by worker data"", ""construction"": ""plain query + misspelling surface noise"", ""noise"": [""company->compayn""]}",2.0.0,20260804
Q21097,new hire by worker data hisotry,misspelling,misspelling; surface_noise,Medium,Answerable,1,misspelling,workforce snapshot by quarter - dashboard,R2644,"{""base_query"": ""new hire by worker data history"", ""construction"": ""plain query + misspelling surface noise"", ""noise"": [""history->hisotry""]}",2.0.0,20260804
Q21098,superivsory team by worker data,misspelling,misspelling; surface_noise,Medium,Answerable,1,misspelling,active employee by region - audit,R0973,"{""base_query"": ""supervisory team by worker data"", ""construction"": ""plain query + misspelling surface noise"", ""noise"": [""supervisory->superivsory""]}",2.0.0,20260804
Q21099,job oepnings by jobs & positions,misspelling,misspelling; surface_noise,Medium,Answerable,1,misspelling,hcm job requisitions by recruiter - summary,R1156,"{""base_query"": ""job openings by jobs & positions"", ""construction"": ""plain query + misspelling surface noise"", ""noise"": [""openings->oepnings""]}",2.0.0,20260804
Q21100,security groups by domain - dteail,misspelling,misspelling; surface_noise,Medium,Answerable,1,misspelling,security groups by domain - detail,R2779,"{""base_query"": ""security groups by domain - detail"", ""construction"": ""plain query + misspelling surface noise"", ""noise"": [""detail->dteail""]}",2.0.0,20260804
Q21101,base salary by compesnation,misspelling,misspelling; surface_noise,Medium,Answerable,1,misspelling,osv-allowance by employee type - detail,R3600,"{""base_query"": ""base salary by compensation"", ""construction"": ""plain query + misspelling surface noise"", ""noise"": [""compensation->compesnation""]}",2.0.0,20260804
Q21102,job opeinng by jobs & positions,misspelling,misspelling; surface_noise,Medium,Answerable,1,misspelling,hcm open positions by organization,R0047,"{""base_query"": ""job opening by jobs & positions"", ""construction"": ""plain query + misspelling surface noise"", ""noise"": [""opening->opeinng""]}",2.0.0,20260804
Q21103,boss by wokrer data,misspelling,misspelling; surface_noise,Medium,Answerable,1,misspelling,hcm employee status by worker type - quarterly,R1825,"{""base_query"": ""boss by worker data"", ""construction"": ""plain query + misspelling surface noise"", ""noise"": [""worker->wokrer""]}",2.0.0,20260804
Q21104,team leader by worker data hisotry,misspelling,misspelling; surface_noise,Medium,Answerable,1,misspelling,axis - tenure movement by month - current,R2635,"{""base_query"": ""team leader by worker data history"", ""construction"": ""plain query + misspelling surface noise"", ""noise"": [""history->hisotry""]}",2.0.0,20260804
Q21105,emlpoyee by worker data,misspelling,misspelling; surface_noise,Medium,Answerable,1,misspelling,employee assignment by country - monthly,R2216,"{""base_query"": ""employee by worker data"", ""construction"": ""plain query + misspelling surface noise"", ""noise"": [""employee->emlpoyee""]}",2.0.0,20260804
Q21106,process transactions by status - currrent,misspelling,misspelling; surface_noise,Medium,Answerable,1,misspelling,process transactions by status - current,R0834,"{""base_query"": ""process transactions by status - current"", ""construction"": ""plain query + misspelling surface noise"", ""noise"": [""current->currrent""]}",2.0.0,20260804
Q21107,courses assinged by learning,misspelling,misspelling; surface_noise,Medium,Answerable,1,misspelling,hcm learning enrollment by learner - audit,R1494,"{""base_query"": ""courses assigned by learning"", ""construction"": ""plain query + misspelling surface noise"", ""noise"": [""assigned->assinged""]}",2.0.0,20260804
Q21108,organization by worker data histoyr,misspelling,misspelling; surface_noise,Medium,Answerable,1,misspelling,axis - workforce snapshot by manager - monthly,R3829,"{""base_query"": ""organization by worker data history"", ""construction"": ""plain query + misspelling surface noise"", ""noise"": [""history->histoyr""]}",2.0.0,20260804
Q21109,employing compayn by jobs & positions,misspelling,misspelling; surface_noise,Medium,Answerable,1,misspelling,axis - vacant positions - audit,R2448,"{""base_query"": ""employing company by jobs & positions"", ""construction"": ""plain query + misspelling surface noise"", ""noise"": [""company->compayn""]}",2.0.0,20260804
Q21110,bossse by worker data history,misspelling,misspelling; surface_noise,Medium,Answerable,1,misspelling,axis - historical workforce by region - monthly,R3356,"{""base_query"": ""bosses by worker data history"", ""construction"": ""plain query + misspelling surface noise"", ""noise"": [""bosses->bossse""]}",2.0.0,20260804
Q21111,supervsiory team by worker data,misspelling,misspelling; surface_noise,Medium,Answerable,1,misspelling,axis - employee profile by worker type - dashboard,R1226,"{""base_query"": ""supervisory team by worker data"", ""construction"": ""plain query + misspelling surface noise"", ""noise"": [""supervisory->supervsiory""]}",2.0.0,20260804
Q21112,epmloyees by worker data,misspelling,misspelling; surface_noise,Medium,Answerable,1,misspelling,worker demographics by country - summary,R1580,"{""base_query"": ""employees by worker data"", ""construction"": ""plain query + misspelling surface noise"", ""noise"": [""employees->epmloyees""]}",2.0.0,20260804
Q21113,legal entiyt by worker data,misspelling,misspelling; surface_noise,Medium,Answerable,1,misspelling,axis - active employee by location - audit - copy,R1705,"{""base_query"": ""legal entity by worker data"", ""construction"": ""plain query + misspelling surface noise"", ""noise"": [""entity->entiyt""]}",2.0.0,20260804
Q21114,applictaion pipeline by recruiting,misspelling,misspelling; surface_noise,Medium,Answerable,1,misspelling,axis - recruiter activity by source - monthly,R3823,"{""base_query"": ""application pipeline by recruiting"", ""construction"": ""plain query + misspelling surface noise"", ""noise"": [""application->applictaion""]}",2.0.0,20260804
Q21115,extis by worker data history,misspelling,misspelling; surface_noise,Medium,Answerable,1,misspelling,dax worker trend by country,R3430,"{""base_query"": ""exits by worker data history"", ""construction"": ""plain query + misspelling surface noise"", ""noise"": [""exits->extis""]}",2.0.0,20260804
Q21116,paycheck cylce by payroll,misspelling,misspelling; surface_noise,Medium,Answerable,1,misspelling,axis - payroll inputs by period,R0583,"{""base_query"": ""paycheck cycle by payroll"", ""construction"": ""plain query + misspelling surface noise"", ""noise"": [""cycle->cylce""]}",2.0.0,20260804
Q21117,workers by wroker data,misspelling,misspelling; surface_noise,Medium,Answerable,1,misspelling,employee identifier by company - historical - copy,R0891,"{""base_query"": ""workers by worker data"", ""construction"": ""plain query + misspelling surface noise"", ""noise"": [""worker->wroker""]}",2.0.0,20260804
Q21118,employee by busienss process,misspelling,misspelling; surface_noise,Medium,Answerable,1,misspelling,axis - approvals - dashboard,R2406,"{""base_query"": ""employee by business process"", ""construction"": ""plain query + misspelling surface noise"", ""noise"": [""business->busienss""]}",2.0.0,20260804
Q21119,people leader by golas and reviews,misspelling,misspelling; surface_noise,Medium,Answerable,1,misspelling,axis - goal progress by review cycle - detail,R3929,"{""base_query"": ""people leader by goals and reviews"", ""construction"": ""plain query + misspelling surface noise"", ""noise"": [""goals->golas""]}",2.0.0,20260804
Q21120,emplyoee by worker data,misspelling,misspelling; surface_noise,Medium,Answerable,1,misspelling,hcm employee status by region - current,R0305,"{""base_query"": ""employee by worker data"", ""construction"": ""plain query + misspelling surface noise"", ""noise"": [""employee->emplyoee""]}",2.0.0,20260804
Q21121,people by compnesation,misspelling,misspelling; surface_noise,Medium,Answerable,1,misspelling,dax salary range by company - detail,R0633,"{""base_query"": ""people by compensation"", ""construction"": ""plain query + misspelling surface noise"", ""noise"": [""compensation->compnesation""]}",2.0.0,20260804
Q21122,supervisory team by ogranizations,misspelling,misspelling; surface_noise,Medium,Answerable,1,misspelling,axis - organization hierarchy by company - monthly 2026,R1754,"{""base_query"": ""supervisory team by organizations"", ""construction"": ""plain query + misspelling surface noise"", ""noise"": [""organizations->ogranizations""]}",2.0.0,20260804
Q21123,employing compayn by worker data,misspelling,misspelling; surface_noise,Medium,Answerable,1,misspelling,axis - worker eligibility by location - dashboard,R3665,"{""base_query"": ""employing company by worker data"", ""construction"": ""plain query + misspelling surface noise"", ""noise"": [""company->compayn""]}",2.0.0,20260804
Q21124,kind of leaev by recruiting,misspelling,misspelling; surface_noise,Medium,Answerable,1,misspelling,cr_leave eligibility by organization,R2895,"{""base_query"": ""kind of leave by recruiting"", ""construction"": ""plain query + misspelling surface noise"", ""noise"": [""leave->leaev""]}",2.0.0,20260804
Q21125,cr supervisory posiiton by status - quarterly,misspelling,misspelling; surface_noise,Medium,Answerable,1,misspelling,cr_supervisory position by status - quarterly,R2389,"{""base_query"": ""cr supervisory position by status - quarterly"", ""construction"": ""plain query + misspelling surface noise"", ""noise"": [""position->posiiton""]}",2.0.0,20260804
Q21126,base salary by compnesation,misspelling,misspelling; surface_noise,Medium,Answerable,1,misspelling,axis - position budget by organization - quarterly,R1547,"{""base_query"": ""base salary by compensation"", ""construction"": ""plain query + misspelling surface noise"", ""noise"": [""compensation->compnesation""]}",2.0.0,20260804
Q21127,annual earnings amuont by compensation,misspelling,misspelling; surface_noise,Medium,Answerable,1,misspelling,osv-merit review by region - audit,R0322,"{""base_query"": ""annual earnings amount by compensation"", ""construction"": ""plain query + misspelling surface noise"", ""noise"": [""amount->amuont""]}",2.0.0,20260804
Q21128,emplyoee turnover by worker data history,misspelling,misspelling; surface_noise,Medium,Answerable,1,misspelling,hcm attrition by country,R3789,"{""base_query"": ""employee turnover by worker data history"", ""construction"": ""plain query + misspelling surface noise"", ""noise"": [""employee->emplyoee""]}",2.0.0,20260804
Q21129,legal entiyt by worker data,misspelling,misspelling; surface_noise,Medium,Answerable,1,misspelling,axis - cost centers by location - audit,R1610,"{""base_query"": ""legal entity by worker data"", ""construction"": ""plain query + misspelling surface noise"", ""noise"": [""entity->entiyt""]}",2.0.0,20260804
Q21130,mnaagement organization by worker data,misspelling,misspelling; surface_noise,Medium,Answerable,1,misspelling,worker demographics by location - historical,R1717,"{""base_query"": ""management organization by worker data"", ""construction"": ""plain query + misspelling surface noise"", ""noise"": [""management->mnaagement""]}",2.0.0,20260804
Q21131,managmeent organization by worker data,misspelling,misspelling; surface_noise,Medium,Answerable,1,misspelling,axis - worker location - dashboard,R3064,"{""base_query"": ""management organization by worker data"", ""construction"": ""plain query + misspelling surface noise"", ""noise"": [""management->managmeent""]}",2.0.0,20260804
Q21132,employing comapny by compensation,misspelling,misspelling; surface_noise,Medium,Answerable,1,misspelling,axis - bonus and one-time by grade - historical,R2062,"{""base_query"": ""employing company by compensation"", ""construction"": ""plain query + misspelling surface noise"", ""noise"": [""company->comapny""]}",2.0.0,20260804
Q21133,employing compnay by organizations,misspelling,misspelling; surface_noise,Medium,Answerable,1,misspelling,osv-supervisory organization by parent - current,R2688,"{""base_query"": ""employing company by organizations"", ""construction"": ""plain query + misspelling surface noise"", ""noise"": [""company->compnay""]}",2.0.0,20260804
Q21134,emplyoee by worker data,misspelling,misspelling; surface_noise,Medium,Answerable,1,misspelling,axis - worker roster - summary,R1668,"{""base_query"": ""employee by worker data"", ""construction"": ""plain query + misspelling surface noise"", ""noise"": [""employee->emplyoee""]}",2.0.0,20260804
Q21135,supervisory team by gaols and reviews,misspelling,misspelling; surface_noise,Medium,Answerable,1,misspelling,cr_employee assignment by location - summary,R3305,"{""base_query"": ""supervisory team by goals and reviews"", ""construction"": ""plain query + misspelling surface noise"", ""noise"": [""goals->gaols""]}",2.0.0,20260804
Q21136,poeple by worker data,misspelling,misspelling; surface_noise,Medium,Answerable,1,misspelling,axis - worker demographics by company - historical,R3363,"{""base_query"": ""people by worker data"", ""construction"": ""plain query + misspelling surface noise"", ""noise"": [""people->poeple""]}",2.0.0,20260804
Q21137,employing copmany by compensation,misspelling,misspelling; surface_noise,Medium,Answerable,1,misspelling,bonus and one-time by employee type - historical,R0929,"{""base_query"": ""employing company by compensation"", ""construction"": ""plain query + misspelling surface noise"", ""noise"": [""company->copmany""]}",2.0.0,20260804
Q21138,aplpication step by recruiting,misspelling,misspelling; surface_noise,Medium,Answerable,1,misspelling,axis - recruiting source by location - current,R1026,"{""base_query"": ""application step by recruiting"", ""construction"": ""plain query + misspelling surface noise"", ""noise"": [""application->aplpication""]}",2.0.0,20260804
Q21139,axis - comepnsation eligibility setup by grade - historical,misspelling,misspelling; surface_noise,Medium,Answerable,1,misspelling,axis - compensation eligibility setup by grade - historical,R0709,"{""base_query"": ""axis - compensation eligibility setup by grade - historical"", ""construction"": ""plain query + misspelling surface noise"", ""noise"": [""compensation->comepnsation""]}",2.0.0,20260804
Q21140,people leaving by worker data hisotry,misspelling,misspelling; surface_noise,Medium,Answerable,1,misspelling,osv-employee movement by quarter,R2968,"{""base_query"": ""people leaving by worker data history"", ""construction"": ""plain query + misspelling surface noise"", ""noise"": [""history->hisotry""]}",2.0.0,20260804
Q21141,organizaiton by worker data,misspelling,misspelling; surface_noise,Medium,Answerable,1,misspelling,axis - worker roster - monthly,R0603,"{""base_query"": ""organization by worker data"", ""construction"": ""plain query + misspelling surface noise"", ""noise"": [""organization->organizaiton""]}",2.0.0,20260804
Q21142,fixed pay by compenstaion,misspelling,misspelling; surface_noise,Medium,Answerable,1,misspelling,axis - salary range by company - summary,R3533,"{""base_query"": ""fixed pay by compensation"", ""construction"": ""plain query + misspelling surface noise"", ""noise"": [""compensation->compenstaion""]}",2.0.0,20260804
Q21143,employing compayn by worker data history,misspelling,misspelling; surface_noise,Medium,Answerable,1,misspelling,attrition by manager,R2016,"{""base_query"": ""employing company by worker data history"", ""construction"": ""plain query + misspelling surface noise"", ""noise"": [""company->compayn""]}",2.0.0,20260804
Q21144,supevrisory org by worker data,misspelling,misspelling; surface_noise,Medium,Answerable,1,misspelling,axis - worker snapshot by manager,R3329,"{""base_query"": ""supervisory org by worker data"", ""construction"": ""plain query + misspelling surface noise"", ""noise"": [""supervisory->supevrisory""]}",2.0.0,20260804
Q21145,work lcoation by jobs & positions,misspelling,misspelling; surface_noise,Medium,Answerable,1,misspelling,axis - position restrictions - historical,R0725,"{""base_query"": ""work location by jobs & positions"", ""construction"": ""plain query + misspelling surface noise"", ""noise"": [""location->lcoation""]}",2.0.0,20260804
Q21146,vacancies by jobs & postiions,misspelling,misspelling; surface_noise,Medium,Answerable,1,misspelling,all positions - audit,R2742,"{""base_query"": ""vacancies by jobs & positions"", ""construction"": ""plain query + misspelling surface noise"", ""noise"": [""positions->postiions""]}",2.0.0,20260804
Q21147,work loctaion by jobs & positions,misspelling,misspelling; surface_noise,Medium,Answerable,1,misspelling,axis - open positions by job family - monthly,R3361,"{""base_query"": ""work location by jobs & positions"", ""construction"": ""plain query + misspelling surface noise"", ""noise"": [""location->loctaion""]}",2.0.0,20260804
Q21148,supervisory team by gaols and reviews,misspelling,misspelling; surface_noise,Medium,Answerable,1,misspelling,axis - performance distribution by organization,R0325,"{""base_query"": ""supervisory team by goals and reviews"", ""construction"": ""plain query + misspelling surface noise"", ""noise"": [""goals->gaols""]}",2.0.0,20260804
Q21149,supervisory team by bsuiness process,misspelling,misspelling; surface_noise,Medium,Answerable,1,misspelling,axis - approvals by organization - historical,R3860,"{""base_query"": ""supervisory team by business process"", ""construction"": ""plain query + misspelling surface noise"", ""noise"": [""business->bsuiness""]}",2.0.0,20260804
Q21150,job seeker by recuriting,misspelling,misspelling; surface_noise,Medium,Answerable,1,misspelling,recruiter activity by job - summary,R0202,"{""base_query"": ""job seeker by recruiting"", ""construction"": ""plain query + misspelling surface noise"", ""noise"": [""recruiting->recuriting""]}",2.0.0,20260804
Q21151,where does each employee work by worker data but not country,negation,negation,Medium-Hard,Answerable,1,negation,hcm employee assignment by region - detail,R0310,"{""construction"": ""target query + a facet only the near-miss has"", ""excluded_carrier"": ""R1500"", ""excluded_field"": ""Country""}",2.0.0,20260804
Q21152,ta recruiter by recruiting but not job requisition id,negation,negation,Medium-Hard,Answerable,1,negation,candidate status by agency - historical,R3896,"{""construction"": ""target query + a facet only the near-miss has"", ""excluded_carrier"": ""R1694"", ""excluded_field"": ""Job Requisition ID""}",2.0.0,20260804
Q21153,people by worker data but not country,negation,negation,Medium-Hard,Answerable,1,negation,hcm worker snapshot by manager - historical,R2764,"{""construction"": ""target query + a facet only the near-miss has"", ""excluded_carrier"": ""R3854"", ""excluded_field"": ""Country""}",2.0.0,20260804
Q21154,separation details by worker data history but not calculated indicator,negation,negation,Medium-Hard,Answerable,1,negation,axis - employee movement by month - current,R3152,"{""construction"": ""target query + a facet only the near-miss has"", ""excluded_carrier"": ""R3651"", ""excluded_field"": ""Calculated Indicator""}",2.0.0,20260804
Q21155,employees by talent but not include subordinate organizations,negation,negation,Medium-Hard,Answerable,1,negation,axis - career interests by organization - detail,R1305,"{""construction"": ""target query + a facet only the near-miss has"", ""excluded_carrier"": ""R3991"", ""excluded_field"": ""Include Subordinate Organizations""}",2.0.0,20260804
Q21156,employee by worker data but not location,negation,negation,Medium-Hard,Answerable,1,negation,axis - worker demographics by manager - current,R1891,"{""construction"": ""target query + a facet only the near-miss has"", ""excluded_carrier"": ""R0288"", ""excluded_field"": ""Location""}",2.0.0,20260804
Q21157,new hires by worker data history but not worker type,negation,negation,Medium-Hard,Answerable,1,negation,axis - historical workforce by country - detail,R3695,"{""construction"": ""target query + a facet only the near-miss has"", ""excluded_carrier"": ""R0168"", ""excluded_field"": ""Worker Type""}",2.0.0,20260804
Q21158,legal entity by worker data but not region,negation,negation,Medium-Hard,Answerable,1,negation,axis - employee status by organization - summary,R2221,"{""construction"": ""target query + a facet only the near-miss has"", ""excluded_carrier"": ""R2640"", ""excluded_field"": ""Region""}",2.0.0,20260804
Q21159,learning outcomes by goals and reviews but not worker,negation,negation,Medium-Hard,Answerable,1,negation,hcm position restrictions by job family,R1264,"{""construction"": ""target query + a facet only the near-miss has"", ""excluded_carrier"": ""R1397"", ""excluded_field"": ""Worker""}",2.0.0,20260804
Q21160,new hire by worker data history but not contingent worker type,negation,negation,Medium-Hard,Answerable,1,negation,axis - employee movement,R0516,"{""construction"": ""target query + a facet only the near-miss has"", ""excluded_carrier"": ""R2639"", ""excluded_field"": ""Contingent Worker Type""}",2.0.0,20260804
Q21161,application pipeline by recruiting but not age,negation,negation,Medium-Hard,Answerable,1,negation,hcm recruiter activity by location - quarterly,R2866,"{""construction"": ""target query + a facet only the near-miss has"", ""excluded_carrier"": ""R1507"", ""excluded_field"": ""Age""}",2.0.0,20260804
Q21162,kind of leave by time off and leave but not work days,negation,negation,Medium-Hard,Answerable,1,negation,axis - leave eligibility by organization - current,R3899,"{""construction"": ""target query + a facet only the near-miss has"", ""excluded_carrier"": ""R0772"", ""excluded_field"": ""Work Days""}",2.0.0,20260804
Q21163,recent joiners by worker data history but not country,negation,negation,Medium-Hard,Answerable,1,negation,osv-headcount by business unit - detail,R3275,"{""construction"": ""target query + a facet only the near-miss has"", ""excluded_carrier"": ""R0629"", ""excluded_field"": ""Country""}",2.0.0,20260804
Q21164,employing company by organizations but not business unit,negation,negation,Medium-Hard,Answerable,1,negation,axis - worker roster by location - ytd,R3030,"{""construction"": ""target query + a facet only the near-miss has"", ""excluded_carrier"": ""R0673"", ""excluded_field"": ""Business Unit""}",2.0.0,20260804
Q21165,legal entity by jobs & positions but not row dimension,negation,negation,Medium-Hard,Answerable,1,negation,osv-position budget,R0656,"{""construction"": ""target query + a facet only the near-miss has"", ""excluded_carrier"": ""R3822"", ""excluded_field"": ""Row Dimension""}",2.0.0,20260804
Q21166,hiring requisition by recruiting but not hiring manager,negation,negation,Medium-Hard,Answerable,1,negation,axis - offer activity by recruiter - dashboard,R3403,"{""construction"": ""target query + a facet only the near-miss has"", ""excluded_carrier"": ""R1484"", ""excluded_field"": ""Hiring Manager""}",2.0.0,20260804
Q21167,open role by jobs & positions but not worker id,negation,negation,Medium-Hard,Answerable,1,negation,axis - job family by job family - current,R0945,"{""construction"": ""target query + a facet only the near-miss has"", ""excluded_carrier"": ""R3026"", ""excluded_field"": ""Worker ID""}",2.0.0,20260804
Q21168,axis - approvals by assignee - monthly but not worker id,negation,negation,Medium-Hard,Answerable,1,negation,axis - approvals by assignee - monthly,R0970,"{""construction"": ""target query + a facet only the near-miss has"", ""excluded_carrier"": ""R3492"", ""excluded_field"": ""Worker ID""}",2.0.0,20260804
Q21169,legal entity by jobs & positions but not position status,negation,negation,Medium-Hard,Answerable,1,negation,axis - job requisitions by recruiter,R3201,"{""construction"": ""target query + a facet only the near-miss has"", ""excluded_carrier"": ""R0025"", ""excluded_field"": ""Position Status""}",2.0.0,20260804
Q21170,legal entity by worker data but not employee id,negation,negation,Medium-Hard,Answerable,1,negation,dax active employee by country - dashboard,R2609,"{""construction"": ""target query + a facet only the near-miss has"", ""excluded_carrier"": ""R0363"", ""excluded_field"": ""Employee ID""}",2.0.0,20260804
Q21171,axis - security audit by role - dashboard but not record count,negation,negation,Medium-Hard,Answerable,1,negation,axis - security audit by role - dashboard,R0532,"{""construction"": ""target query + a facet only the near-miss has"", ""excluded_carrier"": ""R2389"", ""excluded_field"": ""Record Count""}",2.0.0,20260804
Q21172,where does each employee work by jobs & positions but not calculated indicator,negation,negation,Medium-Hard,Answerable,1,negation,hcm job requisitions by recruiter - summary,R1156,"{""construction"": ""target query + a facet only the near-miss has"", ""excluded_carrier"": ""R1551"", ""excluded_field"": ""Calculated Indicator""}",2.0.0,20260804
Q21173,supervisory org by worker data but not as of date,negation,negation,Medium-Hard,Answerable,1,negation,hcm employee status - copy,R3623,"{""construction"": ""target query + a facet only the near-miss has"", ""excluded_carrier"": ""R2886"", ""excluded_field"": ""As of Date""}",2.0.0,20260804
Q21174,hcm completed steps by initiator - current but not assigned to,negation,negation,Medium-Hard,Answerable,1,negation,hcm completed steps by initiator - current,R2587,"{""construction"": ""target query + a facet only the near-miss has"", ""excluded_carrier"": ""R0309"", ""excluded_field"": ""Assigned To""}",2.0.0,20260804
Q21175,staff by business process but not initiated by,negation,negation,Medium-Hard,Answerable,1,negation,axis - approvals by process type - audit - copy,R3340,"{""construction"": ""target query + a facet only the near-miss has"", ""excluded_carrier"": ""R1544"", ""excluded_field"": ""Initiated By""}",2.0.0,20260804
Q21176,legal entity by business process but not organization,negation,negation,Medium-Hard,Answerable,1,negation,axis - rescinds by assignee - copy,R0319,"{""construction"": ""target query + a facet only the near-miss has"", ""excluded_carrier"": ""R2807"", ""excluded_field"": ""Organization""}",2.0.0,20260804
Q21177,application pipeline by recruiting but not age,negation,negation,Medium-Hard,Answerable,1,negation,axis - recruiter activity,R1743,"{""construction"": ""target query + a facet only the near-miss has"", ""excluded_carrier"": ""R3405"", ""excluded_field"": ""Age""}",2.0.0,20260804
Q21178,organization by worker data but not worker id,negation,negation,Medium-Hard,Answerable,1,negation,employee contact by manager - current - copy,R0924,"{""construction"": ""target query + a facet only the near-miss has"", ""excluded_carrier"": ""R2817"", ""excluded_field"": ""Worker ID""}",2.0.0,20260804
Q21179,management organization by worker data history but not average headcount,negation,negation,Medium-Hard,Answerable,1,negation,axis - historical workforce by quarter,R1858,"{""construction"": ""target query + a facet only the near-miss has"", ""excluded_carrier"": ""R3122"", ""excluded_field"": ""Average Headcount""}",2.0.0,20260804
Q21180,training overdue by business process but not completed date,negation,negation,Medium-Hard,Answerable,1,negation,axis - rescinds by process type - historical,R1912,"{""construction"": ""target query + a facet only the near-miss has"", ""excluded_carrier"": ""R2293"", ""excluded_field"": ""Completed Date""}",2.0.0,20260804
Q21181,employees by worker data history but not metric date,negation,negation,Medium-Hard,Answerable,1,negation,hcm attrition by country - detail,R2975,"{""construction"": ""target query + a facet only the near-miss has"", ""excluded_carrier"": ""R0347"", ""excluded_field"": ""Metric Date""}",2.0.0,20260804
Q21182,gross earnings by payroll but not end date,negation,negation,Medium-Hard,Answerable,1,negation,axis - pay calculation - quarterly,R3067,"{""construction"": ""target query + a facet only the near-miss has"", ""excluded_carrier"": ""R2409"", ""excluded_field"": ""End Date""}",2.0.0,20260804
Q21183,org by worker data but not country,negation,negation,Medium-Hard,Answerable,1,negation,axis - worker eligibility by organization - quarterly,R3042,"{""construction"": ""target query + a facet only the near-miss has"", ""excluded_carrier"": ""R2450"", ""excluded_field"": ""Country""}",2.0.0,20260804
Q21184,where does each employee work by worker data but not region,negation,negation,Medium-Hard,Answerable,1,negation,axis - employee assignment by worker type - quarterly,R2286,"{""construction"": ""target query + a facet only the near-miss has"", ""excluded_carrier"": ""R2892"", ""excluded_field"": ""Region""}",2.0.0,20260804
Q21185,legal entity by jobs & positions but not attribute name,negation,negation,Medium-Hard,Answerable,1,negation,axis - job profile by status - monthly,R1753,"{""construction"": ""target query + a facet only the near-miss has"", ""excluded_carrier"": ""R3133"", ""excluded_field"": ""Attribute Name""}",2.0.0,20260804
Q21186,employing company by staffing history but not worker status,negation,negation,Medium-Hard,Answerable,1,negation,axis - terminations by company - audit,R3368,"{""construction"": ""target query + a facet only the near-miss has"", ""excluded_carrier"": ""R2585"", ""excluded_field"": ""Worker Status""}",2.0.0,20260804
Q21187,team leader by compensation but not review status,negation,negation,Medium-Hard,Answerable,1,negation,osv-pay equity by manager,R2228,"{""construction"": ""target query + a facet only the near-miss has"", ""excluded_carrier"": ""R2067"", ""excluded_field"": ""Review Status""}",2.0.0,20260804
Q21188,legal entity by jobs & positions but not effective date,negation,negation,Medium-Hard,Answerable,1,negation,axis - position budget by location - detail v2,R1865,"{""construction"": ""target query + a facet only the near-miss has"", ""excluded_carrier"": ""R2277"", ""excluded_field"": ""Effective Date""}",2.0.0,20260804
Q21189,review outcomes by compensation but not source report,negation,negation,Medium-Hard,Answerable,1,negation,cr_merit review by region,R3499,"{""construction"": ""target query + a facet only the near-miss has"", ""excluded_carrier"": ""R2767"", ""excluded_field"": ""Source Report""}",2.0.0,20260804
Q21190,workplace by worker data but not job title,negation,negation,Medium-Hard,Answerable,1,negation,axis - employee profile by organization - ytd,R0120,"{""construction"": ""target query + a facet only the near-miss has"", ""excluded_carrier"": ""R3222"", ""excluded_field"": ""Job Title""}",2.0.0,20260804
Q21191,employing company by jobs & positions but not row dimension,negation,negation,Medium-Hard,Answerable,1,negation,hcm supervisory position by recruiter,R3173,"{""construction"": ""target query + a facet only the near-miss has"", ""excluded_carrier"": ""R3809"", ""excluded_field"": ""Row Dimension""}",2.0.0,20260804
Q21192,organization by worker data but not job title,negation,negation,Medium-Hard,Answerable,1,negation,axis - employee profile by company - ytd,R1970,"{""construction"": ""target query + a facet only the near-miss has"", ""excluded_carrier"": ""R2833"", ""excluded_field"": ""Job Title""}",2.0.0,20260804
Q21193,workplace by jobs & positions but not position status,negation,negation,Medium-Hard,Answerable,1,negation,axis - open positions by job family - monthly,R3361,"{""construction"": ""target query + a facet only the near-miss has"", ""excluded_carrier"": ""R3050"", ""excluded_field"": ""Position Status""}",2.0.0,20260804
Q21194,org by talent but not succession readiness,negation,negation,Medium-Hard,Answerable,1,negation,axis - career interests by organization - detail,R1305,"{""construction"": ""target query + a facet only the near-miss has"", ""excluded_carrier"": ""R1594"", ""excluded_field"": ""Succession Readiness""}",2.0.0,20260804
Q21195,organization by jobs & positions but not evergreen indicator,negation,negation,Medium-Hard,Answerable,1,negation,axis - job requisitions by organization - detail,R0921,"{""construction"": ""target query + a facet only the near-miss has"", ""excluded_carrier"": ""R1149"", ""excluded_field"": ""Evergreen Indicator""}",2.0.0,20260804
Q21196,fixed pay by compensation but not age,negation,negation,Medium-Hard,Answerable,1,negation,axis - compensation review by employee type - summary,R1019,"{""construction"": ""target query + a facet only the near-miss has"", ""excluded_carrier"": ""R0248"", ""excluded_field"": ""Age""}",2.0.0,20260804
Q21197,application pipeline by career hub but not skills,negation,negation,Medium-Hard,Answerable,1,negation,career profile by opportunity - quarterly,R2750,"{""construction"": ""target query + a facet only the near-miss has"", ""excluded_carrier"": ""R0576"", ""excluded_field"": ""Skills""}",2.0.0,20260804
Q21198,yearly compensation by compensation but not age band,negation,negation,Medium-Hard,Answerable,1,negation,axis - comp grade - quarterly,R2754,"{""construction"": ""target query + a facet only the near-miss has"", ""excluded_carrier"": ""R0989"", ""excluded_field"": ""Age Band""}",2.0.0,20260804
Q21199,supervisory org by worker data but not company,negation,negation,Medium-Hard,Answerable,1,negation,employee contact by organization,R0416,"{""construction"": ""target query + a facet only the near-miss has"", ""excluded_carrier"": ""R2321"", ""excluded_field"": ""Company""}",2.0.0,20260804
Q21200,exit details by worker data history but not record count,negation,negation,Medium-Hard,Answerable,1,negation,worker trend by manager - detail,R0172,"{""construction"": ""target query + a facet only the near-miss has"", ""excluded_carrier"": ""R0399"", ""excluded_field"": ""Record Count""}",2.0.0,20260804
Q21201,separations by staffing history but not measure value,negation,negation,Medium-Hard,Answerable,1,negation,hcm termination detail by organization - audit,R1619,"{""construction"": ""target query + a facet only the near-miss has"", ""excluded_carrier"": ""R3876"", ""excluded_field"": ""Measure Value""}",2.0.0,20260804
Q21202,employees by payroll but not worker id,negation,negation,Medium-Hard,Answerable,1,negation,axis - payment election by earning - dashboard,R1524,"{""construction"": ""target query + a facet only the near-miss has"", ""excluded_carrier"": ""R1177"", ""excluded_field"": ""Worker ID""}",2.0.0,20260804
Q21203,team leader by worker data but not company,negation,negation,Medium-Hard,Answerable,1,negation,axis - manager hierarchy by region - monthly,R3579,"{""construction"": ""target query + a facet only the near-miss has"", ""excluded_carrier"": ""R0395"", ""excluded_field"": ""Company""}",2.0.0,20260804
Q21204,job application by recruiting but not time to fill,negation,negation,Medium-Hard,Answerable,1,negation,axis - recruiter activity by agency - historical,R2306,"{""construction"": ""target query + a facet only the near-miss has"", ""excluded_carrier"": ""R0058"", ""excluded_field"": ""Time to Fill""}",2.0.0,20260804
Q21205,workplace by jobs & positions but not evergreen indicator,negation,negation,Medium-Hard,Answerable,1,negation,axis - position restrictions by company,R3648,"{""construction"": ""target query + a facet only the near-miss has"", ""excluded_carrier"": ""R3279"", ""excluded_field"": ""Evergreen Indicator""}",2.0.0,20260804
Q21206,supervisory team by jobs & positions but not position,negation,negation,Medium-Hard,Answerable,1,negation,axis - job requisitions by job family - dashboard,R2098,"{""construction"": ""target query + a facet only the near-miss has"", ""excluded_carrier"": ""R0773"", ""excluded_field"": ""Position""}",2.0.0,20260804
Q21207,boss by time tracking but not time entry code,negation,negation,Medium-Hard,Answerable,1,negation,time calculation - summary,R3546,"{""construction"": ""target query + a facet only the near-miss has"", ""excluded_carrier"": ""R3196"", ""excluded_field"": ""Time Entry Code""}",2.0.0,20260804
Q21208,job opening by jobs & positions but not supervisory organization,negation,negation,Medium-Hard,Answerable,1,negation,hcm open positions by job family - summary (2),R3855,"{""construction"": ""target query + a facet only the near-miss has"", ""excluded_carrier"": ""R1235"", ""excluded_field"": ""Supervisory Organization""}",2.0.0,20260804
Q21209,recruiting stage by recruiting but not evergreen indicator,negation,negation,Medium-Hard,Answerable,1,negation,dax recruiter activity,R1950,"{""construction"": ""target query + a facet only the near-miss has"", ""excluded_carrier"": ""R1527"", ""excluded_field"": ""Evergreen Indicator""}",2.0.0,20260804
Q21210,supervisory team by worker data history but not worker,negation,negation,Medium-Hard,Answerable,1,negation,hcm worker trend by business unit - current,R1270,"{""construction"": ""target query + a facet only the near-miss has"", ""excluded_carrier"": ""R1244"", ""excluded_field"": ""Worker""}",2.0.0,20260804
Q21211,onboarded by worker data history but not company,negation,negation,Medium-Hard,Answerable,1,negation,hcm workforce snapshot - dashboard,R2588,"{""construction"": ""target query + a facet only the near-miss has"", ""excluded_carrier"": ""R0095"", ""excluded_field"": ""Company""}",2.0.0,20260804
Q21212,people leaving by worker data history but not change percent,negation,negation,Medium-Hard,Answerable,1,negation,axis - historical workforce by business unit,R3233,"{""construction"": ""target query + a facet only the near-miss has"", ""excluded_carrier"": ""R2809"", ""excluded_field"": ""Change Percent""}",2.0.0,20260804
Q21213,exits by worker data history but not business unit,negation,negation,Medium-Hard,Answerable,1,negation,hcm headcount by region - audit,R2761,"{""construction"": ""target query + a facet only the near-miss has"", ""excluded_carrier"": ""R1457"", ""excluded_field"": ""Business Unit""}",2.0.0,20260804
Q21214,workplace by worker data but not position,negation,negation,Medium-Hard,Answerable,1,negation,dax compensation review by employee type - ytd,R3699,"{""construction"": ""target query + a facet only the near-miss has"", ""excluded_carrier"": ""R1644"", ""excluded_field"": ""Position""}",2.0.0,20260804
Q21215,management organization by organizations but not organization name,negation,negation,Medium-Hard,Answerable,1,negation,location hierarchy by parent - current,R0724,"{""construction"": ""target query + a facet only the near-miss has"", ""excluded_carrier"": ""R0281"", ""excluded_field"": ""Organization Name""}",2.0.0,20260804
Q21216,axis - role assignments by domain - monthly but not worker id,negation,negation,Medium-Hard,Answerable,1,negation,axis - role assignments by domain - monthly,R1362,"{""construction"": ""target query + a facet only the near-miss has"", ""excluded_carrier"": ""R1191"", ""excluded_field"": ""Worker ID""}",2.0.0,20260804
Q21217,workplace by organizations but not supervisory organization,negation,negation,Medium-Hard,Answerable,1,negation,axis - company structure by type - ytd,R2579,"{""construction"": ""target query + a facet only the near-miss has"", ""excluded_carrier"": ""R1122"", ""excluded_field"": ""Supervisory Organization""}",2.0.0,20260804
Q21218,people leader by talent but not worker id,negation,negation,Medium-Hard,Answerable,1,negation,axis - talent matrix by talent pool - ytd,R3587,"{""construction"": ""target query + a facet only the near-miss has"", ""excluded_carrier"": ""R2189"", ""excluded_field"": ""Worker ID""}",2.0.0,20260804
Q21219,where does each employee work by worker data but not as of date,negation,negation,Medium-Hard,Answerable,1,negation,employee status by manager,R1407,"{""construction"": ""target query + a facet only the near-miss has"", ""excluded_carrier"": ""R3522"", ""excluded_field"": ""As of Date""}",2.0.0,20260804
Q21220,employee by business process but not elapsed days,negation,negation,Medium-Hard,Answerable,1,negation,hcm completed steps,R2130,"{""construction"": ""target query + a facet only the near-miss has"", ""excluded_carrier"": ""R1186"", ""excluded_field"": ""Elapsed Days""}",2.0.0,20260804
Q21221,people by business process but not completed date,negation,negation,Medium-Hard,Answerable,1,negation,inbox actions by process type - current,R3578,"{""construction"": ""target query + a facet only the near-miss has"", ""excluded_carrier"": ""R0420"", ""excluded_field"": ""Completed Date""}",2.0.0,20260804
Q21222,annual earnings amount by compensation but not pay frequency,negation,negation,Medium-Hard,Answerable,1,negation,hcm bonus and one-time by region - audit,R1851,"{""construction"": ""target query + a facet only the near-miss has"", ""excluded_carrier"": ""R1295"", ""excluded_field"": ""Pay Frequency""}",2.0.0,20260804
Q21223,job application by career hub but not effective date,negation,negation,Medium-Hard,Answerable,1,negation,career opportunities by worker - quarterly,R1332,"{""construction"": ""target query + a facet only the near-miss has"", ""excluded_carrier"": ""R2967"", ""excluded_field"": ""Effective Date""}",2.0.0,20260804
Q21224,people by worker data but not manager,negation,negation,Medium-Hard,Answerable,1,negation,worker eligibility by worker type - summary,R0307,"{""construction"": ""target query + a facet only the near-miss has"", ""excluded_carrier"": ""R2544"", ""excluded_field"": ""Manager""}",2.0.0,20260804
Q21225,recruiting partner by recruiting but not application stage,negation,negation,Medium-Hard,Answerable,1,negation,axis - candidate status by location - historical,R1818,"{""construction"": ""target query + a facet only the near-miss has"", ""excluded_carrier"": ""R0242"", ""excluded_field"": ""Application Stage""}",2.0.0,20260804
Q21226,employing company by worker data but not column dimension,negation,negation,Medium-Hard,Answerable,1,negation,cr_worker eligibility by country - summary,R1549,"{""construction"": ""target query + a facet only the near-miss has"", ""excluded_carrier"": ""R0481"", ""excluded_field"": ""Column Dimension""}",2.0.0,20260804
Q21227,job application by recruiting but not recruiter,negation,negation,Medium-Hard,Answerable,1,negation,axis - candidate pipeline by candidate stage,R2361,"{""construction"": ""target query + a facet only the near-miss has"", ""excluded_carrier"": ""R0482"", ""excluded_field"": ""Recruiter""}",2.0.0,20260804
Q21228,legal entity by jobs & positions but not job family,negation,negation,Medium-Hard,Answerable,1,negation,axis - job profile by location - current,R2766,"{""construction"": ""target query + a facet only the near-miss has"", ""excluded_carrier"": ""R3805"", ""excluded_field"": ""Job Family""}",2.0.0,20260804
Q21229,staff by business process but not completed date,negation,negation,Medium-Hard,Answerable,1,negation,axis - process exceptions by process type - current,R0017,"{""construction"": ""target query + a facet only the near-miss has"", ""excluded_carrier"": ""R0759"", ""excluded_field"": ""Completed Date""}",2.0.0,20260804
Q21230,leave status by time off and leave but not record count,negation,negation,Medium-Hard,Answerable,1,negation,axis - leave eligibility by organization - current,R0926,"{""construction"": ""target query + a facet only the near-miss has"", ""excluded_carrier"": ""R3839"", ""excluded_field"": ""Record Count""}",2.0.0,20260804
Q21231,staff by worker data but not email address,negation,negation,Medium-Hard,Answerable,1,negation,axis - benefit coverage by worker,R2910,"{""construction"": ""target query + a facet only the near-miss has"", ""excluded_carrier"": ""R3705"", ""excluded_field"": ""Email Address""}",2.0.0,20260804
Q21232,workplace by worker data but not business title,negation,negation,Medium-Hard,Answerable,1,negation,hcm worker snapshot by worker type - detail,R0528,"{""construction"": ""target query + a facet only the near-miss has"", ""excluded_carrier"": ""R3854"", ""excluded_field"": ""Business Title""}",2.0.0,20260804
Q21233,employees by compensation but not currency,negation,negation,Medium-Hard,Answerable,1,negation,axis - merit review by company,R2135,"{""construction"": ""target query + a facet only the near-miss has"", ""excluded_carrier"": ""R3824"", ""excluded_field"": ""Currency""}",2.0.0,20260804
Q21234,open roles by business process but not position,negation,negation,Medium-Hard,Answerable,1,negation,hcm business process by initiator,R2902,"{""construction"": ""target query + a facet only the near-miss has"", ""excluded_carrier"": ""R1303"", ""excluded_field"": ""Position""}",2.0.0,20260804
Q21235,employee by worker data but not employee id,negation,negation,Medium-Hard,Answerable,1,negation,axis - worker location by location - summary,R3856,"{""construction"": ""target query + a facet only the near-miss has"", ""excluded_carrier"": ""R0363"", ""excluded_field"": ""Employee ID""}",2.0.0,20260804
Q21236,org by jobs & positions but not region,negation,negation,Medium-Hard,Answerable,1,negation,hcm open positions by location,R2867,"{""construction"": ""target query + a facet only the near-miss has"", ""excluded_carrier"": ""R0907"", ""excluded_field"": ""Region""}",2.0.0,20260804
Q21237,workplace by organizations but not security role,negation,negation,Medium-Hard,Answerable,1,negation,axis - location hierarchy by type - detail,R2653,"{""construction"": ""target query + a facet only the near-miss has"", ""excluded_carrier"": ""R1161"", ""excluded_field"": ""Security Role""}",2.0.0,20260804
Q21238,staff by worker data but not section order,negation,negation,Medium-Hard,Answerable,1,negation,axis - worker location by manager - summary,R1576,"{""construction"": ""target query + a facet only the near-miss has"", ""excluded_carrier"": ""R2626"", ""excluded_field"": ""Section Order""}",2.0.0,20260804
Q21239,employing company by worker data but not worker type,negation,negation,Medium-Hard,Answerable,1,negation,axis - employee assignment by manager - dashboard,R1447,"{""construction"": ""target query + a facet only the near-miss has"", ""excluded_carrier"": ""R2430"", ""excluded_field"": ""Worker Type""}",2.0.0,20260804
Q21240,workplace by worker data but not employee id,negation,negation,Medium-Hard,Answerable,1,negation,axis - employee profile by company - historical,R2039,"{""construction"": ""target query + a facet only the near-miss has"", ""excluded_carrier"": ""R0052"", ""excluded_field"": ""Employee ID""}",2.0.0,20260804
Q21241,where does each employee work by worker data but not record count,negation,negation,Medium-Hard,Answerable,1,negation,cr_worker eligibility by country - dashboard,R1328,"{""construction"": ""target query + a facet only the near-miss has"", ""excluded_carrier"": ""R0459"", ""excluded_field"": ""Record Count""}",2.0.0,20260804
Q21242,voluntary separation by staffing history but not hire type,negation,negation,Medium-Hard,Answerable,1,negation,terminations by organization - quarterly,R2864,"{""construction"": ""target query + a facet only the near-miss has"", ""excluded_carrier"": ""R3368"", ""excluded_field"": ""Hire Type""}",2.0.0,20260804
Q21243,vacancy by business process but not calculated indicator,negation,negation,Medium-Hard,Answerable,1,negation,process transactions by status - historical,R3489,"{""construction"": ""target query + a facet only the near-miss has"", ""excluded_carrier"": ""R2860"", ""excluded_field"": ""Calculated Indicator""}",2.0.0,20260804
Q21244,staff by worker data but not manager,negation,negation,Medium-Hard,Answerable,1,negation,axis - worker demographics by country - current,R0797,"{""construction"": ""target query + a facet only the near-miss has"", ""excluded_carrier"": ""R2475"", ""excluded_field"": ""Manager""}",2.0.0,20260804
Q21245,review outcomes by talent but not record count,negation,negation,Medium-Hard,Answerable,1,negation,dax talent card by readiness,R1849,"{""construction"": ""target query + a facet only the near-miss has"", ""excluded_carrier"": ""R2719"", ""excluded_field"": ""Record Count""}",2.0.0,20260804
Q21246,supervisory team by worker data history but not snapshot date,negation,negation,Medium-Hard,Answerable,1,negation,terminations by business unit - audit,R1294,"{""construction"": ""target query + a facet only the near-miss has"", ""excluded_carrier"": ""R1412"", ""excluded_field"": ""Snapshot Date""}",2.0.0,20260804
Q21247,vacancy by jobs & positions but not supervisory organization,negation,negation,Medium-Hard,Answerable,1,negation,axis - job requisitions by status - ytd,R3629,"{""construction"": ""target query + a facet only the near-miss has"", ""excluded_carrier"": ""R3948"", ""excluded_field"": ""Supervisory Organization""}",2.0.0,20260804
Q21248,employee turnover by worker data history but not transfer count,negation,negation,Medium-Hard,Answerable,1,negation,axis - attrition by quarter - audit 2026,R3155,"{""construction"": ""target query + a facet only the near-miss has"", ""excluded_carrier"": ""R0557"", ""excluded_field"": ""Transfer Count""}",2.0.0,20260804
Q21249,staff by compensation but not base pay,negation,negation,Medium-Hard,Answerable,1,negation,dax compensation statement by plan,R3419,"{""construction"": ""target query + a facet only the near-miss has"", ""excluded_carrier"": ""R3868"", ""excluded_field"": ""Base Pay""}",2.0.0,20260804
Q21250,people by goals and reviews but not review end date,negation,negation,Medium-Hard,Answerable,1,negation,axis - goal summary by review cycle - historical,R1283,"{""construction"": ""target query + a facet only the near-miss has"", ""excluded_carrier"": ""R1077"", ""excluded_field"": ""Review End Date""}",2.0.0,20260804
Q21251,login method,short_query,short_query,Medium,Answerable,1,short_query,axis - processed transactions,R0923,"{""carrier_count"": 1, ""construction"": ""field with df<=3 confined to one family"", ""rare_field"": ""Login Method""}",2.0.0,20260804
Q21252,opportunity date,short_query,short_query,Medium,Answerable,1,short_query,hcm career interests by worker - detail,R1628,"{""carrier_count"": 1, ""construction"": ""field with df<=3 confined to one family"", ""rare_field"": ""Opportunity Date""}",2.0.0,20260804
Q21253,opportunity type,short_query,short_query,Medium,Answerable,1,short_query,axis - career profile by opportunity - current,R3071,"{""carrier_count"": 1, ""construction"": ""field with df<=3 confined to one family"", ""rare_field"": ""Opportunity Type""}",2.0.0,20260804
Q21254,owner organization,short_query,short_query,Medium,Answerable,1,short_query,axis - conversion audit by workstream - ytd,R1131,"{""carrier_count"": 1, ""construction"": ""field with df<=3 confined to one family"", ""rare_field"": ""Owner Organization""}",2.0.0,20260804
Q21255,page,short_query,short_query,Medium,Answerable,1,short_query,axis - processed transactions,R0923,"{""carrier_count"": 1, ""construction"": ""field with df<=3 confined to one family"", ""rare_field"": ""Page""}",2.0.0,20260804
Q21256,preferred location,short_query,short_query,Medium,Answerable,1,short_query,axis - career opportunities by organization,R1862,"{""carrier_count"": 1, ""construction"": ""field with df<=3 confined to one family"", ""rare_field"": ""Preferred Location""}",2.0.0,20260804
Q21257,profile completeness,short_query,short_query,Medium,Answerable,1,short_query,hcm career interests by worker - detail,R1628,"{""carrier_count"": 1, ""construction"": ""field with df<=3 confined to one family"", ""rare_field"": ""Profile Completeness""}",2.0.0,20260804
Q21258,resolution date,short_query,short_query,Medium,Answerable,1,short_query,axis - deployment readiness by status - current,R2046,"{""carrier_count"": 1, ""construction"": ""field with df<=3 confined to one family"", ""rare_field"": ""Resolution Date""}",2.0.0,20260804
Q21259,review process,short_query,short_query,Medium,Answerable,1,short_query,axis - compensation grade setup by plan,R0904,"{""carrier_count"": 1, ""construction"": ""field with df<=3 confined to one family"", ""rare_field"": ""Review Process""}",2.0.0,20260804
Q21260,source system,short_query,short_query,Medium,Answerable,1,short_query,axis - processed transactions,R0923,"{""carrier_count"": 1, ""construction"": ""field with df<=3 confined to one family"", ""rare_field"": ""Source System""}",2.0.0,20260804
Q21261,source tenant,short_query,short_query,Medium,Answerable,1,short_query,axis - tenant configuration by status - quarterly,R3645,"{""carrier_count"": 1, ""construction"": ""field with df<=3 confined to one family"", ""rare_field"": ""Source Tenant""}",2.0.0,20260804
Q21262,transaction type,short_query,short_query,Medium,Answerable,1,short_query,axis - processed transactions,R0923,"{""carrier_count"": 1, ""construction"": ""field with df<=3 confined to one family"", ""rare_field"": ""Transaction Type""}",2.0.0,20260804
Q21267,benefit enrollment and also benefit effective dates,multi_intent_single,multi_intent,Medium,Answerable,2,multi_intent_single,benefit events by company - summary,R1336,"{""construction"": ""two intents, one report carries both"", ""fields"": [""Benefit Plan"", ""Coverage Begin Date""]}",2.0.0,20260804
Q21268,departures and also where does each employee work,multi_intent_single,multi_intent,Medium,Answerable,2,multi_intent_single,axis - employee identifier by region,R0127,"{""construction"": ""two intents, one report carries both"", ""fields"": [""Termination Date"", ""Location""]}",2.0.0,20260804
Q21273,workplace and also job seekers,multi_intent_single,multi_intent,Medium,Answerable,2,multi_intent_single,hcm agency activity by location - dashboard,R1694,"{""construction"": ""two intents, one report carries both"", ""fields"": [""Location"", ""Candidate""]}",2.0.0,20260804
Q21277,exit details and also employee,multi_intent_single,multi_intent,Medium,Answerable,2,multi_intent_single,axis - worker demographics by manager - detail,R2467,"{""construction"": ""two intents, one report carries both"", ""fields"": [""Termination Type"", ""Worker""]}",2.0.0,20260804
Q21279,how big is each team and also recent joiners,multi_intent_single,multi_intent,Medium,Answerable,2,multi_intent_single,hcm headcount by region - audit,R2761,"{""construction"": ""two intents, one report carries both"", ""fields"": [""Headcount"", ""Hire Date""]}",2.0.0,20260804
Q21280,employees and also after tax pay,multi_intent_single,multi_intent,Medium,Answerable,2,multi_intent_single,dax time off requests by country,R2050,"{""construction"": ""two intents, one report carries both"", ""fields"": [""Worker"", ""Net Pay""]}",2.0.0,20260804
Q21282,joiners and also learning outcomes,multi_intent_single,multi_intent,Medium,Answerable,2,multi_intent_single,axis - hire detail - summary,R0024,"{""construction"": ""two intents, one report carries both"", ""fields"": [""Hire Type"", ""Completion Date""]}",2.0.0,20260804
Q21284,team size and also workplace,multi_intent_single,multi_intent,Medium,Answerable,2,multi_intent_single,hcm job family by status,R0411,"{""construction"": ""two intents, one report carries both"", ""fields"": [""Headcount"", ""Location""]}",2.0.0,20260804
Q21291,performance review and also team leader,multi_intent_single,multi_intent,Medium,Answerable,2,multi_intent_single,talent card - current,R2719,"{""construction"": ""two intents, one report carries both"", ""fields"": [""Performance Rating"", ""Manager""]}",2.0.0,20260804
Q21292,kind of leave and also candidate application,multi_intent_single,multi_intent,Medium,Answerable,2,multi_intent_single,cr_leave eligibility by organization,R2895,"{""construction"": ""two intents, one report carries both"", ""fields"": [""Leave Type"", ""Application Status""]}",2.0.0,20260804
Q21294,departed and also recruiting partner,multi_intent_single,multi_intent,Medium,Answerable,2,multi_intent_single,axis - terminations by business unit - historical,R1150,"{""construction"": ""two intents, one report carries both"", ""fields"": [""Termination Reason"", ""Recruiter""]}",2.0.0,20260804
Q21298,kind of leave and also absence status,multi_intent_single,multi_intent,Medium,Answerable,2,multi_intent_single,dax leave eligibility by country - quarterly (1),R3479,"{""construction"": ""two intents, one report carries both"", ""fields"": [""Leave Type"", ""Leave Status""]}",2.0.0,20260804
Q21302,job seekers and also open role,multi_intent_single,multi_intent,Medium,Answerable,2,multi_intent_single,agency activity by source - ytd,R0544,"{""construction"": ""two intents, one report carries both"", ""fields"": [""Candidate"", ""Job Requisition""]}",2.0.0,20260804
Q21307,job application and also recent starters,multi_intent_single,multi_intent,Medium,Answerable,2,multi_intent_single,recruiter activity by source - dashboard,R2005,"{""construction"": ""two intents, one report carries both"", ""fields"": [""Application Stage"", ""Hire Date""]}",2.0.0,20260804
Q21313,staff and also resigned,multi_intent_single,multi_intent,Medium,Answerable,2,multi_intent_single,hcm termination detail by country - summary,R0285,"{""construction"": ""two intents, one report carries both"", ""fields"": [""Worker"", ""Termination Type""]}",2.0.0,20260804
Q21315,people leaving and also training assignment,multi_intent_single,multi_intent,Medium,Answerable,2,multi_intent_single,axis - upcoming learning by organization - historical,R1056,"{""construction"": ""two intents, one report carries both"", ""fields"": [""Termination Date"", ""Learning Assignment""]}",2.0.0,20260804
Q21317,voluntary exit and also workplace,multi_intent_single,multi_intent,Medium,Answerable,2,multi_intent_single,hcm termination detail by country - quarterly,R0339,"{""construction"": ""two intents, one report carries both"", ""fields"": [""Termination Type"", ""Location""]}",2.0.0,20260804
Q21325,joiner and also legal entity,multi_intent_single,multi_intent,Medium,Answerable,2,multi_intent_single,axis - employee assignment by manager - summary,R3947,"{""construction"": ""two intents, one report carries both"", ""fields"": [""Hire Date"", ""Company""]}",2.0.0,20260804
Q21334,application pipeline and also resignation,multi_intent_single,multi_intent,Medium,Answerable,2,multi_intent_single,axis - terminations by business unit - historical,R1150,"{""construction"": ""two intents, one report carries both"", ""fields"": [""Application Date"", ""Termination Type""]}",2.0.0,20260804
Q21342,benefit enrollment and also training assignment,multi_intent_single,multi_intent,Medium,Answerable,2,multi_intent_single,hcm upcoming learning by learner - audit,R3922,"{""construction"": ""two intents, one report carries both"", ""fields"": [""Benefit Plan"", ""Learning Assignment""]}",2.0.0,20260804
Q21343,recent starters and also kind of leave,multi_intent_single,multi_intent,Medium,Answerable,2,multi_intent_single,hcm time off requests by date - summary,R0407,"{""construction"": ""two intents, one report carries both"", ""fields"": [""Hire Date"", ""Time Off Type""]}",2.0.0,20260804
Q21344,departed and also boss,multi_intent_single,multi_intent,Medium,Answerable,2,multi_intent_single,employee movement by region - detail,R0671,"{""construction"": ""two intents, one report carries both"", ""fields"": [""Termination Date"", ""Manager""]}",2.0.0,20260804
Q21345,workplace and also supervisory team,multi_intent_single,multi_intent,Medium,Answerable,2,multi_intent_single,employee contact by country - detail,R1946,"{""construction"": ""two intents, one report carries both"", ""fields"": [""Location"", ""Supervisory Organization""]}",2.0.0,20260804
Q21346,yearly compensation and also base salary,multi_intent_single,multi_intent,Medium,Answerable,2,multi_intent_single,hcm allowance by employee type - monthly (2),R3868,"{""construction"": ""two intents, one report carries both"", ""fields"": [""Annualized Amount"", ""Base Pay""]}",2.0.0,20260804
Q21347,people who left and also separation details,multi_intent_single,multi_intent,Medium,Answerable,2,multi_intent_single,turnover by manager v3,R1516,"{""construction"": ""two intents, one report carries both"", ""fields"": [""Termination Date"", ""Termination Count""]}",2.0.0,20260804
Q21348,job seekers and also work location,multi_intent_single,multi_intent,Medium,Answerable,2,multi_intent_single,job posting - quarterly,R3749,"{""construction"": ""two intents, one report carries both"", ""fields"": [""Candidate"", ""Location""]}",2.0.0,20260804
Q21349,benefit election and also where does each employee work,multi_intent_single,multi_intent,Medium,Answerable,2,multi_intent_single,axis - cost centers by location - audit,R1426,"{""construction"": ""two intents, one report carries both"", ""fields"": [""Benefit Plan"", ""Location""]}",2.0.0,20260804
Q21350,legal entity and also review score,multi_intent_single,multi_intent,Medium,Answerable,2,multi_intent_single,dax employee contact - detail - copy,R1199,"{""construction"": ""two intents, one report carries both"", ""fields"": [""Company"", ""Performance Rating""]}",2.0.0,20260804
Q21351,joiners and also team leader,multi_intent_single,multi_intent,Medium,Answerable,2,multi_intent_single,axis - worker demographics by manager - current,R2212,"{""construction"": ""two intents, one report carries both"", ""fields"": [""Hire Date"", ""Manager""]}",2.0.0,20260804
Q21352,hiring requisition and also candidate application,multi_intent_single,multi_intent,Medium,Answerable,2,multi_intent_single,axis - applications by recruiter,R0611,"{""construction"": ""two intents, one report carries both"", ""fields"": [""Filled Indicator"", ""Application Status""]}",2.0.0,20260804
Q21353,voluntary turnover and also legal entity,multi_intent_single,multi_intent,Medium,Answerable,2,multi_intent_single,hcm turnover by manager,R2745,"{""construction"": ""two intents, one report carries both"", ""fields"": [""Average Headcount"", ""Company""]}",2.0.0,20260804
Q21354,people leaving and also organization,multi_intent_single,multi_intent,Medium,Answerable,2,multi_intent_single,axis - employee contact by company,R1458,"{""construction"": ""two intents, one report carries both"", ""fields"": [""Termination Date"", ""Supervisory Organization""]}",2.0.0,20260804
Q21355,range spread and also performance score,multi_intent_single,multi_intent,Medium,Answerable,2,multi_intent_single,comp grade by plan,R3913,"{""construction"": ""two intents, one report carries both"", ""fields"": [""Range Minimum"", ""Performance Rating""]}",2.0.0,20260804
Q21356,management organization and also potential replacement,multi_intent_single,multi_intent,Medium,Answerable,2,multi_intent_single,axis - potential rating by organization - audit,R1838,"{""construction"": ""two intents, one report carries both"", ""fields"": [""Supervisory Organization"", ""Succession Readiness""]}",2.0.0,20260804
Q21357,workers and also leave type,multi_intent_single,multi_intent,Medium,Answerable,2,multi_intent_single,hcm time off requests,R2010,"{""construction"": ""two intents, one report carries both"", ""fields"": [""Worker"", ""Leave Type""]}",2.0.0,20260804
Q21358,internal moves and also employee,multi_intent_single,multi_intent,Medium,Answerable,2,multi_intent_single,axis - tenure movement by business unit - quarterly,R3401,"{""construction"": ""two intents, one report carries both"", ""fields"": [""Transfer Count"", ""Worker""]}",2.0.0,20260804
Q21359,joiner and also supervisory team,multi_intent_single,multi_intent,Medium,Answerable,2,multi_intent_single,axis - tenure movement by grade - copy,R2724,"{""construction"": ""two intents, one report carries both"", ""fields"": [""Hire Count"", ""Supervisory Organization""]}",2.0.0,20260804
Q21360,employee churn and also voluntary attrition,multi_intent_single,multi_intent,Medium,Answerable,2,multi_intent_single,axis - turnover by month,R1429,"{""construction"": ""two intents, one report carries both"", ""fields"": [""Termination Count"", ""Turnover Rate""]}",2.0.0,20260804
Q21361,coverage window and also training assignments,multi_intent_single,multi_intent,Medium,Answerable,2,multi_intent_single,hcm upcoming learning by learner - audit,R3922,"{""construction"": ""two intents, one report carries both"", ""fields"": [""Coverage End Date"", ""Learning Assignment""]}",2.0.0,20260804
Q21362,team leader and also supervisory team,multi_intent_single,multi_intent,Medium,Answerable,2,multi_intent_single,axis - manager hierarchy - current,R1926,"{""construction"": ""two intents, one report carries both"", ""fields"": [""Manager"", ""Supervisory Organization""]}",2.0.0,20260804
Q21363,courses assigned and also past due,multi_intent_single,multi_intent,Medium,Answerable,2,multi_intent_single,learning campaign by content - summary,R3553,"{""construction"": ""two intents, one report carries both"", ""fields"": [""Learner"", ""Due Date""]}",2.0.0,20260804
Q21364,base salary and also yearly compensation,multi_intent_single,multi_intent,Medium,Answerable,2,multi_intent_single,osv-annual compensation by grade - ytd,R0049,"{""construction"": ""two intents, one report carries both"", ""fields"": [""Base Pay"", ""Annualized Amount""]}",2.0.0,20260804
Q21365,workers and also how many people,multi_intent_single,multi_intent,Medium,Answerable,2,multi_intent_single,axis - headcount by quarter,R0246,"{""construction"": ""two intents, one report carries both"", ""fields"": [""Worker"", ""Headcount""]}",2.0.0,20260804
Q21366,course completion and also workplace,multi_intent_single,multi_intent,Medium,Answerable,2,multi_intent_single,agency activity by location - detail,R3520,"{""construction"": ""two intents, one report carries both"", ""fields"": [""Completion Status"", ""Location""]}",2.0.0,20260804
Q21367,employee turnover and also team leader,multi_intent_single,multi_intent,Medium,Answerable,2,multi_intent_single,hcm turnover by manager - monthly v2,R0359,"{""construction"": ""two intents, one report carries both"", ""fields"": [""Turnover Rate"", ""Manager""]}",2.0.0,20260804
Q21368,review ratings and also course completion,multi_intent_single,multi_intent,Medium,Answerable,2,multi_intent_single,hcm performance distribution by organization,R2869,"{""construction"": ""two intents, one report carries both"", ""fields"": [""Performance Rating"", ""Completion Date""]}",2.0.0,20260804
Q21369,employees and also benefit effective dates,multi_intent_single,multi_intent,Medium,Answerable,2,multi_intent_single,benefit events by company - summary,R1336,"{""construction"": ""two intents, one report carries both"", ""fields"": [""Worker"", ""Coverage Begin Date""]}",2.0.0,20260804
Q21370,absence type and also back from leave,multi_intent_single,multi_intent,Medium,Answerable,2,multi_intent_single,axis - time off requests - detail,R2381,"{""construction"": ""two intents, one report carries both"", ""fields"": [""Leave Type"", ""Return Date""]}",2.0.0,20260804
Q21371,employing company and also benefits group,multi_intent_single,multi_intent,Medium,Answerable,2,multi_intent_single,axis - benefit census by company,R2196,"{""construction"": ""two intents, one report carries both"", ""fields"": [""Company"", ""Benefit Group""]}",2.0.0,20260804
Q21372,leave plan and also exits,multi_intent_single,multi_intent,Medium,Answerable,2,multi_intent_single,hcm time off requests by date - summary,R0407,"{""construction"": ""two intents, one report carries both"", ""fields"": [""Time Off Plan"", ""Termination Date""]}",2.0.0,20260804
Q21373,payroll amounts and also payroll period,multi_intent_single,multi_intent,Medium,Answerable,2,multi_intent_single,hcm payroll results by company - ytd,R1720,"{""construction"": ""two intents, one report carries both"", ""fields"": [""Gross Pay"", ""Pay Period""]}",2.0.0,20260804
Q21374,application pipeline and also open roles,multi_intent_single,multi_intent,Medium,Answerable,2,multi_intent_single,axis - open job requisitions by agency - ytd,R0055,"{""construction"": ""two intents, one report carries both"", ""fields"": [""Application Status"", ""Filled Indicator""]}",2.0.0,20260804
Q21375,training results and also training overdue,multi_intent_single,multi_intent,Medium,Answerable,2,multi_intent_single,axis - learning assignment by content - current,R3631,"{""construction"": ""two intents, one report carries both"", ""fields"": [""Completion Date"", ""Completion Status""]}",2.0.0,20260804
Q21376,annual earnings amount and also organization,multi_intent_single,multi_intent,Medium,Answerable,2,multi_intent_single,axis - position budget by organization - quarterly,R1547,"{""construction"": ""two intents, one report carries both"", ""fields"": [""Annualized Amount"", ""Supervisory Organization""]}",2.0.0,20260804
Q21377,job seekers and also past due,multi_intent_single,multi_intent,Medium,Answerable,2,multi_intent_single,axis - candidate pipeline by candidate stage,R1155,"{""construction"": ""two intents, one report carries both"", ""fields"": [""Candidate"", ""Due Date""]}",2.0.0,20260804
Q21378,onboarded and also former boss,multi_intent_single,multi_intent,Medium,Answerable,2,multi_intent_single,dax terminations,R2585,"{""construction"": ""two intents, one report carries both"", ""fields"": [""Hire Type"", ""Previous Manager""]}",2.0.0,20260804
Q21379,boss and also benefit population,multi_intent_single,multi_intent,Medium,Answerable,2,multi_intent_single,axis - benefit coverage by benefit group,R2416,"{""construction"": ""two intents, one report carries both"", ""fields"": [""Manager"", ""Benefit Group""]}",2.0.0,20260804
Q21380,people leader and also departures,multi_intent_single,multi_intent,Medium,Answerable,2,multi_intent_single,axis - employee profile by manager,R3762,"{""construction"": ""two intents, one report carries both"", ""fields"": [""Manager"", ""Termination Date""]}",2.0.0,20260804
Q21381,who left and also voluntary exit,multi_intent_single,multi_intent,Medium,Answerable,2,multi_intent_single,terminations - ytd,R2390,"{""construction"": ""two intents, one report carries both"", ""fields"": [""Termination Date"", ""Termination Type""]}",2.0.0,20260804
Q21382,coverage window and also talent review,multi_intent_single,multi_intent,Medium,Answerable,2,multi_intent_single,axis - benefit coverage by worker - quarterly,R1279,"{""construction"": ""two intents, one report carries both"", ""fields"": [""Coverage End Date"", ""Performance Rating""]}",2.0.0,20260804
Q21263,team size and also benefit effective dates,multi_intent_split,multi_intent; needs_clarification,Hard,Partial / needs clarification,2,multi_intent_split,axis - job profile by organization - current,R0460,"{""construction"": ""two intents, no single report carries both"", ""fields"": [""Headcount"", ""Coverage Begin Date""]}",2.0.0,20260804
Q21264,former manager and also open role,multi_intent_split,multi_intent; needs_clarification,Hard,Partial / needs clarification,2,multi_intent_split,axis - termination detail by country - ytd,R2893,"{""construction"": ""two intents, no single report carries both"", ""fields"": [""Previous Manager"", ""Filled Indicator""]}",2.0.0,20260804
Q21265,moved from and also overdue training,multi_intent_split,multi_intent; needs_clarification,Hard,Partial / needs clarification,2,multi_intent_split,axis - staffing snapshot by worker type - audit,R0991,"{""construction"": ""two intents, no single report carries both"", ""fields"": [""Previous Organization"", ""Due Date""]}",2.0.0,20260804
Q21266,absence type and also new hire,multi_intent_split,multi_intent; needs_clarification,Hard,Partial / needs clarification,2,multi_intent_split,axis - leave eligibility by worker,R0584,"{""construction"": ""two intents, no single report carries both"", ""fields"": [""Leave Type"", ""Hire Date""]}",2.0.0,20260804
Q21269,applicants and also manager change,multi_intent_split,multi_intent; needs_clarification,Hard,Partial / needs clarification,2,multi_intent_split,hcm applications by candidate stage - historical,R3174,"{""construction"": ""two intents, no single report carries both"", ""fields"": [""Candidate"", ""Previous Manager""]}",2.0.0,20260804
Q21270,candidate application and also voluntary attrition,multi_intent_split,multi_intent; needs_clarification,Hard,Partial / needs clarification,2,multi_intent_split,axis - agency activity by source - ytd,R0020,"{""construction"": ""two intents, no single report carries both"", ""fields"": [""Application Date"", ""Termination Count""]}",2.0.0,20260804
Q21271,learning outcomes and also application pipeline,multi_intent_split,multi_intent; needs_clarification,Hard,Partial / needs clarification,2,multi_intent_split,hcm learning enrollment by learner - audit,R1494,"{""construction"": ""two intents, no single report carries both"", ""fields"": [""Completion Score"", ""Application Date""]}",2.0.0,20260804
Q21272,moved from and also expected return,multi_intent_split,multi_intent; needs_clarification,Hard,Partial / needs clarification,2,multi_intent_split,axis - staffing snapshot by worker type - audit,R0991,"{""construction"": ""two intents, no single report carries both"", ""fields"": [""Previous Organization"", ""Return Date""]}",2.0.0,20260804
Q21274,pay after taxes and also ta recruiter,multi_intent_split,multi_intent; needs_clarification,Hard,Partial / needs clarification,2,multi_intent_split,axis - payroll inputs by worker 2025,R0779,"{""construction"": ""two intents, no single report carries both"", ""fields"": [""Net Pay"", ""Recruiter""]}",2.0.0,20260804
Q21275,learning outcomes and also open role,multi_intent_split,multi_intent; needs_clarification,Hard,Partial / needs clarification,2,multi_intent_split,axis - benefit coverage by benefit group,R2416,"{""construction"": ""two intents, no single report carries both"", ""fields"": [""Completion Date"", ""Position Status""]}",2.0.0,20260804
Q21276,previous department and also benefit enrollment,multi_intent_split,multi_intent; needs_clarification,Hard,Partial / needs clarification,2,multi_intent_split,axis - terminations by company - audit,R3368,"{""construction"": ""two intents, no single report carries both"", ""fields"": [""Previous Organization"", ""Benefit Plan""]}",2.0.0,20260804
Q21278,salary band and also job seekers,multi_intent_split,multi_intent; needs_clarification,Hard,Partial / needs clarification,2,multi_intent_split,osv-salary range by employee type - quarterly,R2539,"{""construction"": ""two intents, no single report carries both"", ""fields"": [""Range Minimum"", ""Candidate""]}",2.0.0,20260804
Q21281,changed departments and also ta recruiter,multi_intent_split,multi_intent; needs_clarification,Hard,Partial / needs clarification,2,multi_intent_split,axis - workforce snapshot by month,R3861,"{""construction"": ""two intents, no single report carries both"", ""fields"": [""Transfer Count"", ""Recruiter""]}",2.0.0,20260804
Q21283,internal moves and also open role,multi_intent_split,multi_intent; needs_clarification,Hard,Partial / needs clarification,2,multi_intent_split,axis - employee movement by region,R2845,"{""construction"": ""two intents, no single report carries both"", ""fields"": [""Transfer Count"", ""Job Requisition""]}",2.0.0,20260804
Q21285,learning outcomes and also employee churn,multi_intent_split,multi_intent; needs_clarification,Hard,Partial / needs clarification,2,multi_intent_split,learning campaign by content - summary,R3553,"{""construction"": ""two intents, no single report carries both"", ""fields"": [""Completion Score"", ""Termination Count""]}",2.0.0,20260804
Q21286,recent starters and also application pipeline,multi_intent_split,multi_intent; needs_clarification,Hard,Partial / needs clarification,2,multi_intent_split,cr_tenure movement by month - monthly,R3376,"{""construction"": ""two intents, no single report carries both"", ""fields"": [""Hire Count"", ""Application Stage""]}",2.0.0,20260804
Q21287,benefit effective dates and also new boss,multi_intent_split,multi_intent; needs_clarification,Hard,Partial / needs clarification,2,multi_intent_split,axis - benefit census by plan,R0083,"{""construction"": ""two intents, no single report carries both"", ""fields"": [""Coverage Begin Date"", ""New Manager""]}",2.0.0,20260804
Q21288,pay run period and also joiners,multi_intent_split,multi_intent; needs_clarification,Hard,Partial / needs clarification,2,multi_intent_split,axis - payment election by period,R3258,"{""construction"": ""two intents, no single report carries both"", ""fields"": [""Pay Period"", ""Hire Type""]}",2.0.0,20260804
Q21289,leave plan and also training assignment,multi_intent_split,multi_intent; needs_clarification,Hard,Partial / needs clarification,2,multi_intent_split,axis - leave details by worker,R0318,"{""construction"": ""two intents, no single report carries both"", ""fields"": [""Time Off Plan"", ""Learning Assignment""]}",2.0.0,20260804
Q21290,workforce attrition and also leave plan,multi_intent_split,multi_intent; needs_clarification,Hard,Partial / needs clarification,2,multi_intent_split,axis - turnover by month - summary,R3519,"{""construction"": ""two intents, no single report carries both"", ""fields"": [""Turnover Rate"", ""Time Off Plan""]}",2.0.0,20260804
Q21293,onboarded and also potential replacement,multi_intent_split,multi_intent; needs_clarification,Hard,Partial / needs clarification,2,multi_intent_split,axis - hire detail by country - monthly,R2678,"{""construction"": ""two intents, no single report carries both"", ""fields"": [""Hire Type"", ""Succession Plan""]}",2.0.0,20260804
Q21295,voluntary separation and also coverage dates,multi_intent_split,multi_intent; needs_clarification,Hard,Partial / needs clarification,2,multi_intent_split,hcm termination detail by country - historical,R1164,"{""construction"": ""two intents, no single report carries both"", ""fields"": [""Termination Type"", ""Coverage End Date""]}",2.0.0,20260804
Q21296,former manager and also training results,multi_intent_split,multi_intent; needs_clarification,Hard,Partial / needs clarification,2,multi_intent_split,dax terminations by event (5),R2933,"{""construction"": ""two intents, no single report carries both"", ""fields"": [""Previous Manager"", ""Completion Status""]}",2.0.0,20260804
Q21297,leave type and also employees who left,multi_intent_split,multi_intent; needs_clarification,Hard,Partial / needs clarification,2,multi_intent_split,axis - absence calendar by organization - dashboard v2,R1848,"{""construction"": ""two intents, no single report carries both"", ""fields"": [""Time Off Type"", ""Termination Reason""]}",2.0.0,20260804
Q21299,range spread and also coverage window,multi_intent_split,multi_intent; needs_clarification,Hard,Partial / needs clarification,2,multi_intent_split,axis - salary range by grade,R2273,"{""construction"": ""two intents, no single report carries both"", ""fields"": [""Range Midpoint"", ""Coverage End Date""]}",2.0.0,20260804
Q21300,days to hire and also boss,multi_intent_split,multi_intent; needs_clarification,Hard,Partial / needs clarification,2,multi_intent_split,recruiter activity,R3483,"{""construction"": ""two intents, no single report carries both"", ""fields"": [""Time to Fill"", ""Manager""]}",2.0.0,20260804
Q21301,vacancies and also annualized pay,multi_intent_split,multi_intent; needs_clarification,Hard,Partial / needs clarification,2,multi_intent_split,axis - open positions - monthly,R2915,"{""construction"": ""two intents, no single report carries both"", ""fields"": [""Position Status"", ""Annualized Amount""]}",2.0.0,20260804
Q21303,benefits group and also recruiting stage,multi_intent_split,multi_intent; needs_clarification,Hard,Partial / needs clarification,2,multi_intent_split,hcm benefit census by company - detail,R1363,"{""construction"": ""two intents, no single report carries both"", ""fields"": [""Benefit Group"", ""Application Stage""]}",2.0.0,20260804
Q21304,pay run period and also manager change,multi_intent_split,multi_intent; needs_clarification,Hard,Partial / needs clarification,2,multi_intent_split,hcm job profile by company,R1931,"{""construction"": ""two intents, no single report carries both"", ""fields"": [""Pay Period"", ""New Manager""]}",2.0.0,20260804
Q21305,successor and also employing company,multi_intent_split,multi_intent; needs_clarification,Hard,Partial / needs clarification,2,multi_intent_split,axis - potential rating by readiness - detail,R0106,"{""construction"": ""two intents, no single report carries both"", ""fields"": [""Succession Readiness"", ""Company""]}",2.0.0,20260804
Q21306,pay statement and also application pipeline,multi_intent_split,multi_intent; needs_clarification,Hard,Partial / needs clarification,2,multi_intent_split,osv-payroll register by worker - summary,R0855,"{""construction"": ""two intents, no single report carries both"", ""fields"": [""Net Pay"", ""Application Date""]}",2.0.0,20260804
Q21308,job openings and also payroll period,multi_intent_split,multi_intent; needs_clarification,Hard,Partial / needs clarification,2,multi_intent_split,axis - all positions by job family,R3286,"{""construction"": ""two intents, no single report carries both"", ""fields"": [""Position Status"", ""Pay Period""]}",2.0.0,20260804
Q21309,training results and also new boss,multi_intent_split,multi_intent; needs_clarification,Hard,Partial / needs clarification,2,multi_intent_split,axis - upcoming learning - current - copy,R0732,"{""construction"": ""two intents, no single report carries both"", ""fields"": [""Completion Score"", ""New Manager""]}",2.0.0,20260804
Q21310,joiners and also course completion,multi_intent_split,multi_intent; needs_clarification,Hard,Partial / needs clarification,2,multi_intent_split,axis - hire detail by country - ytd,R0965,"{""construction"": ""two intents, no single report carries both"", ""fields"": [""Hire Type"", ""Completion Score""]}",2.0.0,20260804
Q21311,requisition cycle time and also paycheck cycle,multi_intent_split,multi_intent; needs_clarification,Hard,Partial / needs clarification,2,multi_intent_split,axis - bonus and one-time - current,R2634,"{""construction"": ""two intents, no single report carries both"", ""fields"": [""Time to Fill"", ""Pay Period""]}",2.0.0,20260804
Q21312,return to work and also past due,multi_intent_split,multi_intent; needs_clarification,Hard,Partial / needs clarification,2,multi_intent_split,axis - absence calendar by date (3),R0954,"{""construction"": ""two intents, no single report carries both"", ""fields"": [""Return Date"", ""Completion Status""]}",2.0.0,20260804
Q21314,exited and also pay run period,multi_intent_split,multi_intent; needs_clarification,Hard,Partial / needs clarification,2,multi_intent_split,turnover by manager - ytd,R0825,"{""construction"": ""two intents, no single report carries both"", ""fields"": [""Termination Date"", ""Pay Period""]}",2.0.0,20260804
Q21316,joiners and also pay run period,multi_intent_split,multi_intent; needs_clarification,Hard,Partial / needs clarification,2,multi_intent_split,axis - tenure movement by country - summary,R0195,"{""construction"": ""two intents, no single report carries both"", ""fields"": [""Hire Date"", ""Pay Period""]}",2.0.0,20260804
Q21318,manager change and also who could replace,multi_intent_split,multi_intent; needs_clarification,Hard,Partial / needs clarification,2,multi_intent_split,axis - tenure movement by country - summary,R0454,"{""construction"": ""two intents, no single report carries both"", ""fields"": [""New Manager"", ""Succession Candidate""]}",2.0.0,20260804
Q21319,voluntary attrition and also currently on leave,multi_intent_split,multi_intent; needs_clarification,Hard,Partial / needs clarification,2,multi_intent_split,terminations by company - dashboard,R2395,"{""construction"": ""two intents, no single report carries both"", ""fields"": [""Termination Reason"", ""Leave Status""]}",2.0.0,20260804
Q21320,application pipeline and also benefits coverage,multi_intent_split,multi_intent; needs_clarification,Hard,Partial / needs clarification,2,multi_intent_split,job posting by candidate stage - monthly,R3902,"{""construction"": ""two intents, no single report carries both"", ""fields"": [""Application Stage"", ""Election Status""]}",2.0.0,20260804
Q21321,benefit effective dates and also potential replacement,multi_intent_split,multi_intent; needs_clarification,Hard,Partial / needs clarification,2,multi_intent_split,axis - benefit dependents by company,R0915,"{""construction"": ""two intents, no single report carries both"", ""fields"": [""Coverage End Date"", ""Succession Plan""]}",2.0.0,20260804
Q21322,benefit election and also job seekers,multi_intent_split,multi_intent; needs_clarification,Hard,Partial / needs clarification,2,multi_intent_split,hcm benefit coverage by company - monthly,R1475,"{""construction"": ""two intents, no single report carries both"", ""fields"": [""Benefit Plan"", ""Candidate""]}",2.0.0,20260804
Q21323,training assignments and also voluntary attrition,multi_intent_split,multi_intent; needs_clarification,Hard,Partial / needs clarification,2,multi_intent_split,axis - learning enrollment v4,R2412,"{""construction"": ""two intents, no single report carries both"", ""fields"": [""Learner"", ""Termination Count""]}",2.0.0,20260804
Q21324,new hire and also training assignments,multi_intent_split,multi_intent; needs_clarification,Hard,Partial / needs clarification,2,multi_intent_split,hcm new hires by event - dashboard,R3347,"{""construction"": ""two intents, no single report carries both"", ""fields"": [""Hire Type"", ""Learning Assignment""]}",2.0.0,20260804
Q21326,former department and also paycheck details,multi_intent_split,multi_intent; needs_clarification,Hard,Partial / needs clarification,2,multi_intent_split,cr_mobility events by worker type,R1385,"{""construction"": ""two intents, no single report carries both"", ""fields"": [""Previous Organization"", ""Gross Pay""]}",2.0.0,20260804
Q21327,turnover rate and also compensation range,multi_intent_split,multi_intent; needs_clarification,Hard,Partial / needs clarification,2,multi_intent_split,axis - turnover by manager,R1450,"{""construction"": ""two intents, no single report carries both"", ""fields"": [""Termination Count"", ""Range Minimum""]}",2.0.0,20260804
Q21328,potential replacement and also coverage dates,multi_intent_split,multi_intent; needs_clarification,Hard,Partial / needs clarification,2,multi_intent_split,axis - potential rating by organization - audit,R1838,"{""construction"": ""two intents, no single report carries both"", ""fields"": [""Succession Plan"", ""Coverage End Date""]}",2.0.0,20260804
Q21329,new hires and also bench strength,multi_intent_split,multi_intent; needs_clarification,Hard,Partial / needs clarification,2,multi_intent_split,cr_tenure movement by month - monthly,R3376,"{""construction"": ""two intents, no single report carries both"", ""fields"": [""Hire Count"", ""Succession Candidate""]}",2.0.0,20260804
Q21330,bench strength and also paycheck cycle,multi_intent_split,multi_intent; needs_clarification,Hard,Partial / needs clarification,2,multi_intent_split,axis - potential rating by organization - quarterly,R0659,"{""construction"": ""two intents, no single report carries both"", ""fields"": [""Succession Candidate"", ""Pay Period""]}",2.0.0,20260804
Q21331,kind of leave and also successor,multi_intent_split,multi_intent; needs_clarification,Hard,Partial / needs clarification,2,multi_intent_split,axis - workers on leave by leave type,R1123,"{""construction"": ""two intents, no single report carries both"", ""fields"": [""Leave Type"", ""Succession Candidate""]}",2.0.0,20260804
Q21332,changed departments and also pto plan,multi_intent_split,multi_intent; needs_clarification,Hard,Partial / needs clarification,2,multi_intent_split,axis - transfers by country,R2966,"{""construction"": ""two intents, no single report carries both"", ""fields"": [""Transfer Count"", ""Time Off Plan""]}",2.0.0,20260804
Q21333,moved departments and also training assignment,multi_intent_split,multi_intent; needs_clarification,Hard,Partial / needs clarification,2,multi_intent_split,terminations - ytd,R2390,"{""construction"": ""two intents, no single report carries both"", ""fields"": [""Previous Organization"", ""Learner""]}",2.0.0,20260804
Q21335,pay statement and also course completion,multi_intent_split,multi_intent; needs_clarification,Hard,Partial / needs clarification,2,multi_intent_split,axis - compensation review - ytd,R2440,"{""construction"": ""two intents, no single report carries both"", ""fields"": [""Deductions"", ""Completion Status""]}",2.0.0,20260804
Q21336,job opening and also bench strength,multi_intent_split,multi_intent; needs_clarification,Hard,Partial / needs clarification,2,multi_intent_split,axis - job requisitions by recruiter,R3201,"{""construction"": ""two intents, no single report carries both"", ""fields"": [""Filled Indicator"", ""Succession Candidate""]}",2.0.0,20260804
Q21337,manager change and also who could replace,multi_intent_split,multi_intent; needs_clarification,Hard,Partial / needs clarification,2,multi_intent_split,new hires by country - ytd,R1638,"{""construction"": ""two intents, no single report carries both"", ""fields"": [""New Manager"", ""Succession Plan""]}",2.0.0,20260804
Q21338,resignation and also benefit enrollment,multi_intent_split,multi_intent; needs_clarification,Hard,Partial / needs clarification,2,multi_intent_split,axis - position changes by worker type - ytd,R2380,"{""construction"": ""two intents, no single report carries both"", ""fields"": [""Termination Type"", ""Benefit Plan""]}",2.0.0,20260804
Q21339,review ratings and also training results,multi_intent_split,multi_intent; needs_clarification,Hard,Partial / needs clarification,2,multi_intent_split,axis - goal summary by manager,R2853,"{""construction"": ""two intents, no single report carries both"", ""fields"": [""Performance Rating"", ""Completion Score""]}",2.0.0,20260804
Q21340,payroll amounts and also course completion,multi_intent_split,multi_intent; needs_clarification,Hard,Partial / needs clarification,2,multi_intent_split,earnings and deductions by pay group - ytd,R3291,"{""construction"": ""two intents, no single report carries both"", ""fields"": [""Net Pay"", ""Completion Score""]}",2.0.0,20260804
Q21341,potential replacement and also past due,multi_intent_split,multi_intent; needs_clarification,Hard,Partial / needs clarification,2,multi_intent_split,axis - succession plan by manager - detail,R2276,"{""construction"": ""two intents, no single report carries both"", ""fields"": [""Succession Readiness"", ""Due Date""]}",2.0.0,20260804
Q21383,submarine telemetry report for the quantum division,no_answer_reserved,no_answer; out_of_domain,Medium,No answer,1,no_answer_reserved,,,"{""construction"": ""reserved out-of-domain vocabulary"", ""reserved_vocabulary"": [""submarine"", ""telemetry"", ""quantum""]}",2.0.0,20260804
Q21384,submarine telemetry report for the quantum division,no_answer_reserved,no_answer; out_of_domain,Medium,No answer,1,no_answer_reserved,,,"{""construction"": ""reserved out-of-domain vocabulary"", ""reserved_vocabulary"": [""submarine"", ""telemetry"", ""quantum""]}",2.0.0,20260804
Q21385,which report covers submarine quantum readings,no_answer_reserved,no_answer; out_of_domain,Medium,No answer,1,no_answer_reserved,,,"{""construction"": ""reserved out-of-domain vocabulary"", ""reserved_vocabulary"": [""submarine"", ""telemetry"", ""quantum""]}",2.0.0,20260804
Q21386,telemetry submarine report for the quantum division,no_answer_reserved,no_answer; out_of_domain,Medium,No answer,1,no_answer_reserved,,,"{""construction"": ""reserved out-of-domain vocabulary"", ""reserved_vocabulary"": [""telemetry"", ""submarine"", ""quantum""]}",2.0.0,20260804
Q21387,submarine telemetry report for the quantum division,no_answer_reserved,no_answer; out_of_domain,Medium,No answer,1,no_answer_reserved,,,"{""construction"": ""reserved out-of-domain vocabulary"", ""reserved_vocabulary"": [""submarine"", ""telemetry"", ""quantum""]}",2.0.0,20260804
Q21388,show me the submarine telemetry dashboard,no_answer_reserved,no_answer; out_of_domain,Medium,No answer,1,no_answer_reserved,,,"{""construction"": ""reserved out-of-domain vocabulary"", ""reserved_vocabulary"": [""submarine"", ""telemetry"", ""quantum""]}",2.0.0,20260804
Q21389,show me the submarine quantum dashboard,no_answer_reserved,no_answer; out_of_domain,Medium,No answer,1,no_answer_reserved,,,"{""construction"": ""reserved out-of-domain vocabulary"", ""reserved_vocabulary"": [""submarine"", ""quantum"", ""telemetry""]}",2.0.0,20260804
Q21390,which report covers submarine telemetry readings,no_answer_reserved,no_answer; out_of_domain,Medium,No answer,1,no_answer_reserved,,,"{""construction"": ""reserved out-of-domain vocabulary"", ""reserved_vocabulary"": [""submarine"", ""quantum"", ""telemetry""]}",2.0.0,20260804
Q21391,show me the submarine quantum dashboard,no_answer_reserved,no_answer; out_of_domain,Medium,No answer,1,no_answer_reserved,,,"{""construction"": ""reserved out-of-domain vocabulary"", ""reserved_vocabulary"": [""submarine"", ""quantum"", ""telemetry""]}",2.0.0,20260804
Q21392,telemetry submarine report for the quantum division,no_answer_reserved,no_answer; out_of_domain,Medium,No answer,1,no_answer_reserved,,,"{""construction"": ""reserved out-of-domain vocabulary"", ""reserved_vocabulary"": [""telemetry"", ""submarine"", ""quantum""]}",2.0.0,20260804
Q21393,which report covers telemetry quantum readings,no_answer_reserved,no_answer; out_of_domain,Medium,No answer,1,no_answer_reserved,,,"{""construction"": ""reserved out-of-domain vocabulary"", ""reserved_vocabulary"": [""telemetry"", ""submarine"", ""quantum""]}",2.0.0,20260804
Q21394,which report covers submarine telemetry readings,no_answer_reserved,no_answer; out_of_domain,Medium,No answer,1,no_answer_reserved,,,"{""construction"": ""reserved out-of-domain vocabulary"", ""reserved_vocabulary"": [""submarine"", ""quantum"", ""telemetry""]}",2.0.0,20260804
Q21395,which report covers submarine telemetry readings,no_answer_reserved,no_answer; out_of_domain,Medium,No answer,1,no_answer_reserved,,,"{""construction"": ""reserved out-of-domain vocabulary"", ""reserved_vocabulary"": [""submarine"", ""quantum"", ""telemetry""]}",2.0.0,20260804
Q21396,show me the quantum telemetry dashboard,no_answer_reserved,no_answer; out_of_domain,Medium,No answer,1,no_answer_reserved,,,"{""construction"": ""reserved out-of-domain vocabulary"", ""reserved_vocabulary"": [""quantum"", ""telemetry"", ""submarine""]}",2.0.0,20260804
Q21397,which report covers quantum submarine readings,no_answer_reserved,no_answer; out_of_domain,Medium,No answer,1,no_answer_reserved,,,"{""construction"": ""reserved out-of-domain vocabulary"", ""reserved_vocabulary"": [""quantum"", ""telemetry"", ""submarine""]}",2.0.0,20260804
Q21398,quantum telemetry report for the submarine division,no_answer_reserved,no_answer; out_of_domain,Medium,No answer,1,no_answer_reserved,,,"{""construction"": ""reserved out-of-domain vocabulary"", ""reserved_vocabulary"": [""quantum"", ""telemetry"", ""submarine""]}",2.0.0,20260804
Q21399,telemetry submarine report for the quantum division,no_answer_reserved,no_answer; out_of_domain,Medium,No answer,1,no_answer_reserved,,,"{""construction"": ""reserved out-of-domain vocabulary"", ""reserved_vocabulary"": [""telemetry"", ""submarine"", ""quantum""]}",2.0.0,20260804
Q21400,show me the telemetry submarine dashboard,no_answer_reserved,no_answer; out_of_domain,Medium,No answer,1,no_answer_reserved,,,"{""construction"": ""reserved out-of-domain vocabulary"", ""reserved_vocabulary"": [""telemetry"", ""submarine"", ""quantum""]}",2.0.0,20260804
Q21401,show me the telemetry submarine dashboard,no_answer_reserved,no_answer; out_of_domain,Medium,No answer,1,no_answer_reserved,,,"{""construction"": ""reserved out-of-domain vocabulary"", ""reserved_vocabulary"": [""telemetry"", ""submarine"", ""quantum""]}",2.0.0,20260804
Q21402,submarine telemetry report for the quantum division,no_answer_reserved,no_answer; out_of_domain,Medium,No answer,1,no_answer_reserved,,,"{""construction"": ""reserved out-of-domain vocabulary"", ""reserved_vocabulary"": [""submarine"", ""telemetry"", ""quantum""]}",2.0.0,20260804
Q21403,telemetry quantum report for the submarine division,no_answer_reserved,no_answer; out_of_domain,Medium,No answer,1,no_answer_reserved,,,"{""construction"": ""reserved out-of-domain vocabulary"", ""reserved_vocabulary"": [""telemetry"", ""quantum"", ""submarine""]}",2.0.0,20260804
Q21404,show me the submarine telemetry dashboard,no_answer_reserved,no_answer; out_of_domain,Medium,No answer,1,no_answer_reserved,,,"{""construction"": ""reserved out-of-domain vocabulary"", ""reserved_vocabulary"": [""submarine"", ""telemetry"", ""quantum""]}",2.0.0,20260804
Q21405,show me the submarine quantum dashboard,no_answer_reserved,no_answer; out_of_domain,Medium,No answer,1,no_answer_reserved,,,"{""construction"": ""reserved out-of-domain vocabulary"", ""reserved_vocabulary"": [""submarine"", ""quantum"", ""telemetry""]}",2.0.0,20260804
Q21406,quantum telemetry report for the submarine division,no_answer_reserved,no_answer; out_of_domain,Medium,No answer,1,no_answer_reserved,,,"{""construction"": ""reserved out-of-domain vocabulary"", ""reserved_vocabulary"": [""quantum"", ""telemetry"", ""submarine""]}",2.0.0,20260804
Q21407,which report covers telemetry submarine readings,no_answer_reserved,no_answer; out_of_domain,Medium,No answer,1,no_answer_reserved,,,"{""construction"": ""reserved out-of-domain vocabulary"", ""reserved_vocabulary"": [""telemetry"", ""quantum"", ""submarine""]}",2.0.0,20260804
Q21408,show me the telemetry quantum dashboard,no_answer_reserved,no_answer; out_of_domain,Medium,No answer,1,no_answer_reserved,,,"{""construction"": ""reserved out-of-domain vocabulary"", ""reserved_vocabulary"": [""telemetry"", ""quantum"", ""submarine""]}",2.0.0,20260804
Q21409,which report covers quantum submarine readings,no_answer_reserved,no_answer; out_of_domain,Medium,No answer,1,no_answer_reserved,,,"{""construction"": ""reserved out-of-domain vocabulary"", ""reserved_vocabulary"": [""quantum"", ""telemetry"", ""submarine""]}",2.0.0,20260804
Q21410,show me the quantum submarine dashboard,no_answer_reserved,no_answer; out_of_domain,Medium,No answer,1,no_answer_reserved,,,"{""construction"": ""reserved out-of-domain vocabulary"", ""reserved_vocabulary"": [""quantum"", ""submarine"", ""telemetry""]}",2.0.0,20260804
Q21411,show me the quantum submarine dashboard,no_answer_reserved,no_answer; out_of_domain,Medium,No answer,1,no_answer_reserved,,,"{""construction"": ""reserved out-of-domain vocabulary"", ""reserved_vocabulary"": [""quantum"", ""submarine"", ""telemetry""]}",2.0.0,20260804
Q21412,telemetry quantum report for the submarine division,no_answer_reserved,no_answer; out_of_domain,Medium,No answer,1,no_answer_reserved,,,"{""construction"": ""reserved out-of-domain vocabulary"", ""reserved_vocabulary"": [""telemetry"", ""quantum"", ""submarine""]}",2.0.0,20260804
Q21413,telemetry submarine report for the quantum division,no_answer_reserved,no_answer; out_of_domain,Medium,No answer,1,no_answer_reserved,,,"{""construction"": ""reserved out-of-domain vocabulary"", ""reserved_vocabulary"": [""telemetry"", ""submarine"", ""quantum""]}",2.0.0,20260804
Q21414,which report covers submarine quantum readings,no_answer_reserved,no_answer; out_of_domain,Medium,No answer,1,no_answer_reserved,,,"{""construction"": ""reserved out-of-domain vocabulary"", ""reserved_vocabulary"": [""submarine"", ""telemetry"", ""quantum""]}",2.0.0,20260804
Q21415,show me the telemetry quantum dashboard,no_answer_reserved,no_answer; out_of_domain,Medium,No answer,1,no_answer_reserved,,,"{""construction"": ""reserved out-of-domain vocabulary"", ""reserved_vocabulary"": [""telemetry"", ""quantum"", ""submarine""]}",2.0.0,20260804
Q21416,which report covers submarine telemetry readings,no_answer_reserved,no_answer; out_of_domain,Medium,No answer,1,no_answer_reserved,,,"{""construction"": ""reserved out-of-domain vocabulary"", ""reserved_vocabulary"": [""submarine"", ""quantum"", ""telemetry""]}",2.0.0,20260804
Q21417,which report covers submarine telemetry readings,no_answer_reserved,no_answer; out_of_domain,Medium,No answer,1,no_answer_reserved,,,"{""construction"": ""reserved out-of-domain vocabulary"", ""reserved_vocabulary"": [""submarine"", ""quantum"", ""telemetry""]}",2.0.0,20260804
Q21418,show me the telemetry quantum dashboard,no_answer_reserved,no_answer; out_of_domain,Medium,No answer,1,no_answer_reserved,,,"{""construction"": ""reserved out-of-domain vocabulary"", ""reserved_vocabulary"": [""telemetry"", ""quantum"", ""submarine""]}",2.0.0,20260804
Q21419,which report covers submarine telemetry readings,no_answer_reserved,no_answer; out_of_domain,Medium,No answer,1,no_answer_reserved,,,"{""construction"": ""reserved out-of-domain vocabulary"", ""reserved_vocabulary"": [""submarine"", ""quantum"", ""telemetry""]}",2.0.0,20260804
Q21420,which report covers quantum submarine readings,no_answer_reserved,no_answer; out_of_domain,Medium,No answer,1,no_answer_reserved,,,"{""construction"": ""reserved out-of-domain vocabulary"", ""reserved_vocabulary"": [""quantum"", ""telemetry"", ""submarine""]}",2.0.0,20260804
Q21421,show me the quantum telemetry dashboard,no_answer_reserved,no_answer; out_of_domain,Medium,No answer,1,no_answer_reserved,,,"{""construction"": ""reserved out-of-domain vocabulary"", ""reserved_vocabulary"": [""quantum"", ""telemetry"", ""submarine""]}",2.0.0,20260804
Q21422,show me the telemetry submarine dashboard,no_answer_reserved,no_answer; out_of_domain,Medium,No answer,1,no_answer_reserved,,,"{""construction"": ""reserved out-of-domain vocabulary"", ""reserved_vocabulary"": [""telemetry"", ""submarine"", ""quantum""]}",2.0.0,20260804
Q21423,which report covers submarine telemetry readings,no_answer_reserved,no_answer; out_of_domain,Medium,No answer,1,no_answer_reserved,,,"{""construction"": ""reserved out-of-domain vocabulary"", ""reserved_vocabulary"": [""submarine"", ""quantum"", ""telemetry""]}",2.0.0,20260804
Q21424,quantum submarine report for the telemetry division,no_answer_reserved,no_answer; out_of_domain,Medium,No answer,1,no_answer_reserved,,,"{""construction"": ""reserved out-of-domain vocabulary"", ""reserved_vocabulary"": [""quantum"", ""submarine"", ""telemetry""]}",2.0.0,20260804
Q21425,telemetry submarine report for the quantum division,no_answer_reserved,no_answer; out_of_domain,Medium,No answer,1,no_answer_reserved,,,"{""construction"": ""reserved out-of-domain vocabulary"", ""reserved_vocabulary"": [""telemetry"", ""submarine"", ""quantum""]}",2.0.0,20260804
Q21426,which report covers submarine quantum readings,no_answer_reserved,no_answer; out_of_domain,Medium,No answer,1,no_answer_reserved,,,"{""construction"": ""reserved out-of-domain vocabulary"", ""reserved_vocabulary"": [""submarine"", ""telemetry"", ""quantum""]}",2.0.0,20260804
Q21427,show me the submarine telemetry dashboard,no_answer_reserved,no_answer; out_of_domain,Medium,No answer,1,no_answer_reserved,,,"{""construction"": ""reserved out-of-domain vocabulary"", ""reserved_vocabulary"": [""submarine"", ""telemetry"", ""quantum""]}",2.0.0,20260804
Q21428,show me the telemetry submarine dashboard,no_answer_reserved,no_answer; out_of_domain,Medium,No answer,1,no_answer_reserved,,,"{""construction"": ""reserved out-of-domain vocabulary"", ""reserved_vocabulary"": [""telemetry"", ""submarine"", ""quantum""]}",2.0.0,20260804
Q21429,show me the telemetry submarine dashboard,no_answer_reserved,no_answer; out_of_domain,Medium,No answer,1,no_answer_reserved,,,"{""construction"": ""reserved out-of-domain vocabulary"", ""reserved_vocabulary"": [""telemetry"", ""submarine"", ""quantum""]}",2.0.0,20260804
Q21430,show me the submarine telemetry dashboard,no_answer_reserved,no_answer; out_of_domain,Medium,No answer,1,no_answer_reserved,,,"{""construction"": ""reserved out-of-domain vocabulary"", ""reserved_vocabulary"": [""submarine"", ""telemetry"", ""quantum""]}",2.0.0,20260804
Q21431,show me the submarine telemetry dashboard,no_answer_reserved,no_answer; out_of_domain,Medium,No answer,1,no_answer_reserved,,,"{""construction"": ""reserved out-of-domain vocabulary"", ""reserved_vocabulary"": [""submarine"", ""telemetry"", ""quantum""]}",2.0.0,20260804
Q21432,show me the submarine telemetry dashboard,no_answer_reserved,no_answer; out_of_domain,Medium,No answer,1,no_answer_reserved,,,"{""construction"": ""reserved out-of-domain vocabulary"", ""reserved_vocabulary"": [""submarine"", ""telemetry"", ""quantum""]}",2.0.0,20260804
Q21433,quantum telemetry report for the submarine division,no_answer_reserved,no_answer; out_of_domain,Medium,No answer,1,no_answer_reserved,,,"{""construction"": ""reserved out-of-domain vocabulary"", ""reserved_vocabulary"": [""quantum"", ""telemetry"", ""submarine""]}",2.0.0,20260804
Q21434,show me the telemetry quantum dashboard,no_answer_reserved,no_answer; out_of_domain,Medium,No answer,1,no_answer_reserved,,,"{""construction"": ""reserved out-of-domain vocabulary"", ""reserved_vocabulary"": [""telemetry"", ""quantum"", ""submarine""]}",2.0.0,20260804
Q21435,telemetry submarine report for the quantum division,no_answer_reserved,no_answer; out_of_domain,Medium,No answer,1,no_answer_reserved,,,"{""construction"": ""reserved out-of-domain vocabulary"", ""reserved_vocabulary"": [""telemetry"", ""submarine"", ""quantum""]}",2.0.0,20260804
Q21436,show me the quantum submarine dashboard,no_answer_reserved,no_answer; out_of_domain,Medium,No answer,1,no_answer_reserved,,,"{""construction"": ""reserved out-of-domain vocabulary"", ""reserved_vocabulary"": [""quantum"", ""submarine"", ""telemetry""]}",2.0.0,20260804
Q21437,telemetry submarine report for the quantum division,no_answer_reserved,no_answer; out_of_domain,Medium,No answer,1,no_answer_reserved,,,"{""construction"": ""reserved out-of-domain vocabulary"", ""reserved_vocabulary"": [""telemetry"", ""submarine"", ""quantum""]}",2.0.0,20260804
Q21438,quantum telemetry report for the submarine division,no_answer_reserved,no_answer; out_of_domain,Medium,No answer,1,no_answer_reserved,,,"{""construction"": ""reserved out-of-domain vocabulary"", ""reserved_vocabulary"": [""quantum"", ""telemetry"", ""submarine""]}",2.0.0,20260804
Q21439,show me the quantum telemetry dashboard,no_answer_reserved,no_answer; out_of_domain,Medium,No answer,1,no_answer_reserved,,,"{""construction"": ""reserved out-of-domain vocabulary"", ""reserved_vocabulary"": [""quantum"", ""telemetry"", ""submarine""]}",2.0.0,20260804
Q21440,show me the submarine quantum dashboard,no_answer_reserved,no_answer; out_of_domain,Medium,No answer,1,no_answer_reserved,,,"{""construction"": ""reserved out-of-domain vocabulary"", ""reserved_vocabulary"": [""submarine"", ""quantum"", ""telemetry""]}",2.0.0,20260804
Q21441,show me the telemetry quantum dashboard,no_answer_reserved,no_answer; out_of_domain,Medium,No answer,1,no_answer_reserved,,,"{""construction"": ""reserved out-of-domain vocabulary"", ""reserved_vocabulary"": [""telemetry"", ""quantum"", ""submarine""]}",2.0.0,20260804
Q21442,show me the quantum submarine dashboard,no_answer_reserved,no_answer; out_of_domain,Medium,No answer,1,no_answer_reserved,,,"{""construction"": ""reserved out-of-domain vocabulary"", ""reserved_vocabulary"": [""quantum"", ""submarine"", ""telemetry""]}",2.0.0,20260804
Q21443,submarine telemetry report for the quantum division,no_answer_reserved,no_answer; out_of_domain,Medium,No answer,1,no_answer_reserved,,,"{""construction"": ""reserved out-of-domain vocabulary"", ""reserved_vocabulary"": [""submarine"", ""telemetry"", ""quantum""]}",2.0.0,20260804
Q21444,show me the telemetry quantum dashboard,no_answer_reserved,no_answer; out_of_domain,Medium,No answer,1,no_answer_reserved,,,"{""construction"": ""reserved out-of-domain vocabulary"", ""reserved_vocabulary"": [""telemetry"", ""quantum"", ""submarine""]}",2.0.0,20260804
Q21445,which report covers quantum submarine readings,no_answer_reserved,no_answer; out_of_domain,Medium,No answer,1,no_answer_reserved,,,"{""construction"": ""reserved out-of-domain vocabulary"", ""reserved_vocabulary"": [""quantum"", ""telemetry"", ""submarine""]}",2.0.0,20260804
Q21446,show me the submarine telemetry dashboard,no_answer_reserved,no_answer; out_of_domain,Medium,No answer,1,no_answer_reserved,,,"{""construction"": ""reserved out-of-domain vocabulary"", ""reserved_vocabulary"": [""submarine"", ""telemetry"", ""quantum""]}",2.0.0,20260804
Q21447,telemetry submarine report for the quantum division,no_answer_reserved,no_answer; out_of_domain,Medium,No answer,1,no_answer_reserved,,,"{""construction"": ""reserved out-of-domain vocabulary"", ""reserved_vocabulary"": [""telemetry"", ""submarine"", ""quantum""]}",2.0.0,20260804
Q21448,show me the telemetry quantum dashboard,no_answer_reserved,no_answer; out_of_domain,Medium,No answer,1,no_answer_reserved,,,"{""construction"": ""reserved out-of-domain vocabulary"", ""reserved_vocabulary"": [""telemetry"", ""quantum"", ""submarine""]}",2.0.0,20260804
Q21449,which report covers submarine quantum readings,no_answer_reserved,no_answer; out_of_domain,Medium,No answer,1,no_answer_reserved,,,"{""construction"": ""reserved out-of-domain vocabulary"", ""reserved_vocabulary"": [""submarine"", ""telemetry"", ""quantum""]}",2.0.0,20260804
Q21450,submarine telemetry report for the quantum division,no_answer_reserved,no_answer; out_of_domain,Medium,No answer,1,no_answer_reserved,,,"{""construction"": ""reserved out-of-domain vocabulary"", ""reserved_vocabulary"": [""submarine"", ""telemetry"", ""quantum""]}",2.0.0,20260804
Q21451,which report covers telemetry quantum readings,no_answer_reserved,no_answer; out_of_domain,Medium,No answer,1,no_answer_reserved,,,"{""construction"": ""reserved out-of-domain vocabulary"", ""reserved_vocabulary"": [""telemetry"", ""submarine"", ""quantum""]}",2.0.0,20260804
Q21452,telemetry submarine report for the quantum division,no_answer_reserved,no_answer; out_of_domain,Medium,No answer,1,no_answer_reserved,,,"{""construction"": ""reserved out-of-domain vocabulary"", ""reserved_vocabulary"": [""telemetry"", ""submarine"", ""quantum""]}",2.0.0,20260804
Q21453,which report covers telemetry quantum readings,no_answer_reserved,no_answer; out_of_domain,Medium,No answer,1,no_answer_reserved,,,"{""construction"": ""reserved out-of-domain vocabulary"", ""reserved_vocabulary"": [""telemetry"", ""submarine"", ""quantum""]}",2.0.0,20260804
Q21454,which report covers quantum submarine readings,no_answer_reserved,no_answer; out_of_domain,Medium,No answer,1,no_answer_reserved,,,"{""construction"": ""reserved out-of-domain vocabulary"", ""reserved_vocabulary"": [""quantum"", ""telemetry"", ""submarine""]}",2.0.0,20260804
Q21455,which report covers submarine quantum readings,no_answer_reserved,no_answer; out_of_domain,Medium,No answer,1,no_answer_reserved,,,"{""construction"": ""reserved out-of-domain vocabulary"", ""reserved_vocabulary"": [""submarine"", ""telemetry"", ""quantum""]}",2.0.0,20260804
Q21456,quantum submarine report for the telemetry division,no_answer_reserved,no_answer; out_of_domain,Medium,No answer,1,no_answer_reserved,,,"{""construction"": ""reserved out-of-domain vocabulary"", ""reserved_vocabulary"": [""quantum"", ""submarine"", ""telemetry""]}",2.0.0,20260804
Q21457,which report covers quantum submarine readings,no_answer_reserved,no_answer; out_of_domain,Medium,No answer,1,no_answer_reserved,,,"{""construction"": ""reserved out-of-domain vocabulary"", ""reserved_vocabulary"": [""quantum"", ""telemetry"", ""submarine""]}",2.0.0,20260804
Q21458,show me the submarine telemetry dashboard,no_answer_reserved,no_answer; out_of_domain,Medium,No answer,1,no_answer_reserved,,,"{""construction"": ""reserved out-of-domain vocabulary"", ""reserved_vocabulary"": [""submarine"", ""telemetry"", ""quantum""]}",2.0.0,20260804
Q21459,submarine telemetry report for the quantum division,no_answer_reserved,no_answer; out_of_domain,Medium,No answer,1,no_answer_reserved,,,"{""construction"": ""reserved out-of-domain vocabulary"", ""reserved_vocabulary"": [""submarine"", ""telemetry"", ""quantum""]}",2.0.0,20260804
Q21460,submarine quantum report for the telemetry division,no_answer_reserved,no_answer; out_of_domain,Medium,No answer,1,no_answer_reserved,,,"{""construction"": ""reserved out-of-domain vocabulary"", ""reserved_vocabulary"": [""submarine"", ""quantum"", ""telemetry""]}",2.0.0,20260804
Q21461,show me the quantum telemetry dashboard,no_answer_reserved,no_answer; out_of_domain,Medium,No answer,1,no_answer_reserved,,,"{""construction"": ""reserved out-of-domain vocabulary"", ""reserved_vocabulary"": [""quantum"", ""telemetry"", ""submarine""]}",2.0.0,20260804
Q21462,which report covers telemetry submarine readings,no_answer_reserved,no_answer; out_of_domain,Medium,No answer,1,no_answer_reserved,,,"{""construction"": ""reserved out-of-domain vocabulary"", ""reserved_vocabulary"": [""telemetry"", ""quantum"", ""submarine""]}",2.0.0,20260804
Q21463,telemetry submarine report for the quantum division,no_answer_reserved,no_answer; out_of_domain,Medium,No answer,1,no_answer_reserved,,,"{""construction"": ""reserved out-of-domain vocabulary"", ""reserved_vocabulary"": [""telemetry"", ""submarine"", ""quantum""]}",2.0.0,20260804
Q21464,telemetry quantum report for the submarine division,no_answer_reserved,no_answer; out_of_domain,Medium,No answer,1,no_answer_reserved,,,"{""construction"": ""reserved out-of-domain vocabulary"", ""reserved_vocabulary"": [""telemetry"", ""quantum"", ""submarine""]}",2.0.0,20260804
Q21465,show me the submarine telemetry dashboard,no_answer_reserved,no_answer; out_of_domain,Medium,No answer,1,no_answer_reserved,,,"{""construction"": ""reserved out-of-domain vocabulary"", ""reserved_vocabulary"": [""submarine"", ""telemetry"", ""quantum""]}",2.0.0,20260804
Q21466,show me the submarine quantum dashboard,no_answer_reserved,no_answer; out_of_domain,Medium,No answer,1,no_answer_reserved,,,"{""construction"": ""reserved out-of-domain vocabulary"", ""reserved_vocabulary"": [""submarine"", ""quantum"", ""telemetry""]}",2.0.0,20260804
Q21467,which report covers quantum telemetry readings,no_answer_reserved,no_answer; out_of_domain,Medium,No answer,1,no_answer_reserved,,,"{""construction"": ""reserved out-of-domain vocabulary"", ""reserved_vocabulary"": [""quantum"", ""submarine"", ""telemetry""]}",2.0.0,20260804
Q21468,show me the quantum telemetry dashboard,no_answer_reserved,no_answer; out_of_domain,Medium,No answer,1,no_answer_reserved,,,"{""construction"": ""reserved out-of-domain vocabulary"", ""reserved_vocabulary"": [""quantum"", ""telemetry"", ""submarine""]}",2.0.0,20260804
Q21469,which report covers submarine telemetry readings,no_answer_reserved,no_answer; out_of_domain,Medium,No answer,1,no_answer_reserved,,,"{""construction"": ""reserved out-of-domain vocabulary"", ""reserved_vocabulary"": [""submarine"", ""quantum"", ""telemetry""]}",2.0.0,20260804
Q21470,which report covers telemetry submarine readings,no_answer_reserved,no_answer; out_of_domain,Medium,No answer,1,no_answer_reserved,,,"{""construction"": ""reserved out-of-domain vocabulary"", ""reserved_vocabulary"": [""telemetry"", ""quantum"", ""submarine""]}",2.0.0,20260804
Q21471,which report covers submarine quantum readings,no_answer_reserved,no_answer; out_of_domain,Medium,No answer,1,no_answer_reserved,,,"{""construction"": ""reserved out-of-domain vocabulary"", ""reserved_vocabulary"": [""submarine"", ""telemetry"", ""quantum""]}",2.0.0,20260804
Q21472,quantum telemetry report for the submarine division,no_answer_reserved,no_answer; out_of_domain,Medium,No answer,1,no_answer_reserved,,,"{""construction"": ""reserved out-of-domain vocabulary"", ""reserved_vocabulary"": [""quantum"", ""telemetry"", ""submarine""]}",2.0.0,20260804
Q21473,which report covers submarine quantum readings,no_answer_reserved,no_answer; out_of_domain,Medium,No answer,1,no_answer_reserved,,,"{""construction"": ""reserved out-of-domain vocabulary"", ""reserved_vocabulary"": [""submarine"", ""telemetry"", ""quantum""]}",2.0.0,20260804
Q21474,which report covers quantum submarine readings,no_answer_reserved,no_answer; out_of_domain,Medium,No answer,1,no_answer_reserved,,,"{""construction"": ""reserved out-of-domain vocabulary"", ""reserved_vocabulary"": [""quantum"", ""telemetry"", ""submarine""]}",2.0.0,20260804
Q21475,show me the quantum telemetry dashboard,no_answer_reserved,no_answer; out_of_domain,Medium,No answer,1,no_answer_reserved,,,"{""construction"": ""reserved out-of-domain vocabulary"", ""reserved_vocabulary"": [""quantum"", ""telemetry"", ""submarine""]}",2.0.0,20260804
Q21476,telemetry quantum report for the submarine division,no_answer_reserved,no_answer; out_of_domain,Medium,No answer,1,no_answer_reserved,,,"{""construction"": ""reserved out-of-domain vocabulary"", ""reserved_vocabulary"": [""telemetry"", ""quantum"", ""submarine""]}",2.0.0,20260804
Q21477,which report covers telemetry quantum readings,no_answer_reserved,no_answer; out_of_domain,Medium,No answer,1,no_answer_reserved,,,"{""construction"": ""reserved out-of-domain vocabulary"", ""reserved_vocabulary"": [""telemetry"", ""submarine"", ""quantum""]}",2.0.0,20260804
Q21478,show me the submarine quantum dashboard,no_answer_reserved,no_answer; out_of_domain,Medium,No answer,1,no_answer_reserved,,,"{""construction"": ""reserved out-of-domain vocabulary"", ""reserved_vocabulary"": [""submarine"", ""quantum"", ""telemetry""]}",2.0.0,20260804
Q21479,show me the telemetry submarine dashboard,no_answer_reserved,no_answer; out_of_domain,Medium,No answer,1,no_answer_reserved,,,"{""construction"": ""reserved out-of-domain vocabulary"", ""reserved_vocabulary"": [""telemetry"", ""submarine"", ""quantum""]}",2.0.0,20260804
Q21480,show me the quantum submarine dashboard,no_answer_reserved,no_answer; out_of_domain,Medium,No answer,1,no_answer_reserved,,,"{""construction"": ""reserved out-of-domain vocabulary"", ""reserved_vocabulary"": [""quantum"", ""submarine"", ""telemetry""]}",2.0.0,20260804
Q21481,submarine telemetry report for the quantum division,no_answer_reserved,no_answer; out_of_domain,Medium,No answer,1,no_answer_reserved,,,"{""construction"": ""reserved out-of-domain vocabulary"", ""reserved_vocabulary"": [""submarine"", ""telemetry"", ""quantum""]}",2.0.0,20260804
Q21482,submarine telemetry report for the quantum division,no_answer_reserved,no_answer; out_of_domain,Medium,No answer,1,no_answer_reserved,,,"{""construction"": ""reserved out-of-domain vocabulary"", ""reserved_vocabulary"": [""submarine"", ""telemetry"", ""quantum""]}",2.0.0,20260804
Q21483,which report covers quantum submarine readings,no_answer_reserved,no_answer; out_of_domain,Medium,No answer,1,no_answer_reserved,,,"{""construction"": ""reserved out-of-domain vocabulary"", ""reserved_vocabulary"": [""quantum"", ""telemetry"", ""submarine""]}",2.0.0,20260804
Q21484,submarine telemetry report for the quantum division,no_answer_reserved,no_answer; out_of_domain,Medium,No answer,1,no_answer_reserved,,,"{""construction"": ""reserved out-of-domain vocabulary"", ""reserved_vocabulary"": [""submarine"", ""telemetry"", ""quantum""]}",2.0.0,20260804
Q21485,telemetry quantum report for the submarine division,no_answer_reserved,no_answer; out_of_domain,Medium,No answer,1,no_answer_reserved,,,"{""construction"": ""reserved out-of-domain vocabulary"", ""reserved_vocabulary"": [""telemetry"", ""quantum"", ""submarine""]}",2.0.0,20260804
Q21486,show me the telemetry submarine dashboard,no_answer_reserved,no_answer; out_of_domain,Medium,No answer,1,no_answer_reserved,,,"{""construction"": ""reserved out-of-domain vocabulary"", ""reserved_vocabulary"": [""telemetry"", ""submarine"", ""quantum""]}",2.0.0,20260804
Q21487,quantum submarine report for the telemetry division,no_answer_reserved,no_answer; out_of_domain,Medium,No answer,1,no_answer_reserved,,,"{""construction"": ""reserved out-of-domain vocabulary"", ""reserved_vocabulary"": [""quantum"", ""submarine"", ""telemetry""]}",2.0.0,20260804
Q21488,which report covers telemetry quantum readings,no_answer_reserved,no_answer; out_of_domain,Medium,No answer,1,no_answer_reserved,,,"{""construction"": ""reserved out-of-domain vocabulary"", ""reserved_vocabulary"": [""telemetry"", ""submarine"", ""quantum""]}",2.0.0,20260804
Q21489,which report covers telemetry submarine readings,no_answer_reserved,no_answer; out_of_domain,Medium,No answer,1,no_answer_reserved,,,"{""construction"": ""reserved out-of-domain vocabulary"", ""reserved_vocabulary"": [""telemetry"", ""quantum"", ""submarine""]}",2.0.0,20260804
Q21490,which report covers telemetry submarine readings,no_answer_reserved,no_answer; out_of_domain,Medium,No answer,1,no_answer_reserved,,,"{""construction"": ""reserved out-of-domain vocabulary"", ""reserved_vocabulary"": [""telemetry"", ""quantum"", ""submarine""]}",2.0.0,20260804
Q21491,telemetry submarine report for the quantum division,no_answer_reserved,no_answer; out_of_domain,Medium,No answer,1,no_answer_reserved,,,"{""construction"": ""reserved out-of-domain vocabulary"", ""reserved_vocabulary"": [""telemetry"", ""submarine"", ""quantum""]}",2.0.0,20260804
Q21492,quantum submarine report for the telemetry division,no_answer_reserved,no_answer; out_of_domain,Medium,No answer,1,no_answer_reserved,,,"{""construction"": ""reserved out-of-domain vocabulary"", ""reserved_vocabulary"": [""quantum"", ""submarine"", ""telemetry""]}",2.0.0,20260804
Q21493,submarine telemetry report for the quantum division,no_answer_reserved,no_answer; out_of_domain,Medium,No answer,1,no_answer_reserved,,,"{""construction"": ""reserved out-of-domain vocabulary"", ""reserved_vocabulary"": [""submarine"", ""telemetry"", ""quantum""]}",2.0.0,20260804
Q21494,quantum submarine report for the telemetry division,no_answer_reserved,no_answer; out_of_domain,Medium,No answer,1,no_answer_reserved,,,"{""construction"": ""reserved out-of-domain vocabulary"", ""reserved_vocabulary"": [""quantum"", ""submarine"", ""telemetry""]}",2.0.0,20260804
Q21495,submarine telemetry report for the quantum division,no_answer_reserved,no_answer; out_of_domain,Medium,No answer,1,no_answer_reserved,,,"{""construction"": ""reserved out-of-domain vocabulary"", ""reserved_vocabulary"": [""submarine"", ""telemetry"", ""quantum""]}",2.0.0,20260804
Q21496,show me the quantum submarine dashboard,no_answer_reserved,no_answer; out_of_domain,Medium,No answer,1,no_answer_reserved,,,"{""construction"": ""reserved out-of-domain vocabulary"", ""reserved_vocabulary"": [""quantum"", ""submarine"", ""telemetry""]}",2.0.0,20260804
Q21497,which report covers quantum telemetry readings,no_answer_reserved,no_answer; out_of_domain,Medium,No answer,1,no_answer_reserved,,,"{""construction"": ""reserved out-of-domain vocabulary"", ""reserved_vocabulary"": [""quantum"", ""submarine"", ""telemetry""]}",2.0.0,20260804
Q21498,telemetry submarine report for the quantum division,no_answer_reserved,no_answer; out_of_domain,Medium,No answer,1,no_answer_reserved,,,"{""construction"": ""reserved out-of-domain vocabulary"", ""reserved_vocabulary"": [""telemetry"", ""submarine"", ""quantum""]}",2.0.0,20260804
Q21499,which report covers submarine telemetry readings,no_answer_reserved,no_answer; out_of_domain,Medium,No answer,1,no_answer_reserved,,,"{""construction"": ""reserved out-of-domain vocabulary"", ""reserved_vocabulary"": [""submarine"", ""quantum"", ""telemetry""]}",2.0.0,20260804
Q21500,submarine quantum report for the telemetry division,no_answer_reserved,no_answer; out_of_domain,Medium,No answer,1,no_answer_reserved,,,"{""construction"": ""reserved out-of-domain vocabulary"", ""reserved_vocabulary"": [""submarine"", ""quantum"", ""telemetry""]}",2.0.0,20260804
Q21501,show me the telemetry quantum dashboard,no_answer_reserved,no_answer; out_of_domain,Medium,No answer,1,no_answer_reserved,,,"{""construction"": ""reserved out-of-domain vocabulary"", ""reserved_vocabulary"": [""telemetry"", ""quantum"", ""submarine""]}",2.0.0,20260804
Q21502,show me the quantum telemetry dashboard,no_answer_reserved,no_answer; out_of_domain,Medium,No answer,1,no_answer_reserved,,,"{""construction"": ""reserved out-of-domain vocabulary"", ""reserved_vocabulary"": [""quantum"", ""telemetry"", ""submarine""]}",2.0.0,20260804
Q21503,quantum telemetry report for the submarine division,no_answer_reserved,no_answer; out_of_domain,Medium,No answer,1,no_answer_reserved,,,"{""construction"": ""reserved out-of-domain vocabulary"", ""reserved_vocabulary"": [""quantum"", ""telemetry"", ""submarine""]}",2.0.0,20260804
Q21504,which report covers telemetry quantum readings,no_answer_reserved,no_answer; out_of_domain,Medium,No answer,1,no_answer_reserved,,,"{""construction"": ""reserved out-of-domain vocabulary"", ""reserved_vocabulary"": [""telemetry"", ""submarine"", ""quantum""]}",2.0.0,20260804
Q21505,telemetry quantum report for the submarine division,no_answer_reserved,no_answer; out_of_domain,Medium,No answer,1,no_answer_reserved,,,"{""construction"": ""reserved out-of-domain vocabulary"", ""reserved_vocabulary"": [""telemetry"", ""quantum"", ""submarine""]}",2.0.0,20260804
Q21506,quantum telemetry report for the submarine division,no_answer_reserved,no_answer; out_of_domain,Medium,No answer,1,no_answer_reserved,,,"{""construction"": ""reserved out-of-domain vocabulary"", ""reserved_vocabulary"": [""quantum"", ""telemetry"", ""submarine""]}",2.0.0,20260804
Q21507,show me the submarine telemetry dashboard,no_answer_reserved,no_answer; out_of_domain,Medium,No answer,1,no_answer_reserved,,,"{""construction"": ""reserved out-of-domain vocabulary"", ""reserved_vocabulary"": [""submarine"", ""telemetry"", ""quantum""]}",2.0.0,20260804
Q21508,submarine telemetry report for the quantum division,no_answer_reserved,no_answer; out_of_domain,Medium,No answer,1,no_answer_reserved,,,"{""construction"": ""reserved out-of-domain vocabulary"", ""reserved_vocabulary"": [""submarine"", ""telemetry"", ""quantum""]}",2.0.0,20260804
Q21509,which report covers quantum telemetry readings,no_answer_reserved,no_answer; out_of_domain,Medium,No answer,1,no_answer_reserved,,,"{""construction"": ""reserved out-of-domain vocabulary"", ""reserved_vocabulary"": [""quantum"", ""submarine"", ""telemetry""]}",2.0.0,20260804
Q21510,which report covers quantum telemetry readings,no_answer_reserved,no_answer; out_of_domain,Medium,No answer,1,no_answer_reserved,,,"{""construction"": ""reserved out-of-domain vocabulary"", ""reserved_vocabulary"": [""quantum"", ""submarine"", ""telemetry""]}",2.0.0,20260804
Q21511,which report covers quantum telemetry readings,no_answer_reserved,no_answer; out_of_domain,Medium,No answer,1,no_answer_reserved,,,"{""construction"": ""reserved out-of-domain vocabulary"", ""reserved_vocabulary"": [""quantum"", ""submarine"", ""telemetry""]}",2.0.0,20260804
Q21512,show me the telemetry submarine dashboard,no_answer_reserved,no_answer; out_of_domain,Medium,No answer,1,no_answer_reserved,,,"{""construction"": ""reserved out-of-domain vocabulary"", ""reserved_vocabulary"": [""telemetry"", ""submarine"", ""quantum""]}",2.0.0,20260804
Q21513,show me the submarine telemetry dashboard,no_answer_reserved,no_answer; out_of_domain,Medium,No answer,1,no_answer_reserved,,,"{""construction"": ""reserved out-of-domain vocabulary"", ""reserved_vocabulary"": [""submarine"", ""telemetry"", ""quantum""]}",2.0.0,20260804
Q21514,submarine telemetry report for the quantum division,no_answer_reserved,no_answer; out_of_domain,Medium,No answer,1,no_answer_reserved,,,"{""construction"": ""reserved out-of-domain vocabulary"", ""reserved_vocabulary"": [""submarine"", ""telemetry"", ""quantum""]}",2.0.0,20260804
Q21515,quantum submarine report for the telemetry division,no_answer_reserved,no_answer; out_of_domain,Medium,No answer,1,no_answer_reserved,,,"{""construction"": ""reserved out-of-domain vocabulary"", ""reserved_vocabulary"": [""quantum"", ""submarine"", ""telemetry""]}",2.0.0,20260804
Q21516,which report covers telemetry submarine readings,no_answer_reserved,no_answer; out_of_domain,Medium,No answer,1,no_answer_reserved,,,"{""construction"": ""reserved out-of-domain vocabulary"", ""reserved_vocabulary"": [""telemetry"", ""quantum"", ""submarine""]}",2.0.0,20260804
Q21517,show me the telemetry submarine dashboard,no_answer_reserved,no_answer; out_of_domain,Medium,No answer,1,no_answer_reserved,,,"{""construction"": ""reserved out-of-domain vocabulary"", ""reserved_vocabulary"": [""telemetry"", ""submarine"", ""quantum""]}",2.0.0,20260804
Q21518,telemetry quantum report for the submarine division,no_answer_reserved,no_answer; out_of_domain,Medium,No answer,1,no_answer_reserved,,,"{""construction"": ""reserved out-of-domain vocabulary"", ""reserved_vocabulary"": [""telemetry"", ""quantum"", ""submarine""]}",2.0.0,20260804
Q21519,show me the submarine quantum dashboard,no_answer_reserved,no_answer; out_of_domain,Medium,No answer,1,no_answer_reserved,,,"{""construction"": ""reserved out-of-domain vocabulary"", ""reserved_vocabulary"": [""submarine"", ""quantum"", ""telemetry""]}",2.0.0,20260804
Q21520,which report covers quantum telemetry readings,no_answer_reserved,no_answer; out_of_domain,Medium,No answer,1,no_answer_reserved,,,"{""construction"": ""reserved out-of-domain vocabulary"", ""reserved_vocabulary"": [""quantum"", ""submarine"", ""telemetry""]}",2.0.0,20260804
Q21521,show me the quantum submarine dashboard,no_answer_reserved,no_answer; out_of_domain,Medium,No answer,1,no_answer_reserved,,,"{""construction"": ""reserved out-of-domain vocabulary"", ""reserved_vocabulary"": [""quantum"", ""submarine"", ""telemetry""]}",2.0.0,20260804
Q21522,submarine quantum report for the telemetry division,no_answer_reserved,no_answer; out_of_domain,Medium,No answer,1,no_answer_reserved,,,"{""construction"": ""reserved out-of-domain vocabulary"", ""reserved_vocabulary"": [""submarine"", ""quantum"", ""telemetry""]}",2.0.0,20260804
Q21523,submarine quantum report for the telemetry division,no_answer_reserved,no_answer; out_of_domain,Medium,No answer,1,no_answer_reserved,,,"{""construction"": ""reserved out-of-domain vocabulary"", ""reserved_vocabulary"": [""submarine"", ""quantum"", ""telemetry""]}",2.0.0,20260804
Q21524,show me the submarine quantum dashboard,no_answer_reserved,no_answer; out_of_domain,Medium,No answer,1,no_answer_reserved,,,"{""construction"": ""reserved out-of-domain vocabulary"", ""reserved_vocabulary"": [""submarine"", ""quantum"", ""telemetry""]}",2.0.0,20260804
Q21525,show me the quantum telemetry dashboard,no_answer_reserved,no_answer; out_of_domain,Medium,No answer,1,no_answer_reserved,,,"{""construction"": ""reserved out-of-domain vocabulary"", ""reserved_vocabulary"": [""quantum"", ""telemetry"", ""submarine""]}",2.0.0,20260804
Q21526,which report covers telemetry submarine readings,no_answer_reserved,no_answer; out_of_domain,Medium,No answer,1,no_answer_reserved,,,"{""construction"": ""reserved out-of-domain vocabulary"", ""reserved_vocabulary"": [""telemetry"", ""quantum"", ""submarine""]}",2.0.0,20260804
Q21527,show me the quantum submarine dashboard,no_answer_reserved,no_answer; out_of_domain,Medium,No answer,1,no_answer_reserved,,,"{""construction"": ""reserved out-of-domain vocabulary"", ""reserved_vocabulary"": [""quantum"", ""submarine"", ""telemetry""]}",2.0.0,20260804
Q21528,show me the submarine quantum dashboard,no_answer_reserved,no_answer; out_of_domain,Medium,No answer,1,no_answer_reserved,,,"{""construction"": ""reserved out-of-domain vocabulary"", ""reserved_vocabulary"": [""submarine"", ""quantum"", ""telemetry""]}",2.0.0,20260804
Q21529,which report covers quantum telemetry readings,no_answer_reserved,no_answer; out_of_domain,Medium,No answer,1,no_answer_reserved,,,"{""construction"": ""reserved out-of-domain vocabulary"", ""reserved_vocabulary"": [""quantum"", ""submarine"", ""telemetry""]}",2.0.0,20260804
Q21530,submarine quantum report for the telemetry division,no_answer_reserved,no_answer; out_of_domain,Medium,No answer,1,no_answer_reserved,,,"{""construction"": ""reserved out-of-domain vocabulary"", ""reserved_vocabulary"": [""submarine"", ""quantum"", ""telemetry""]}",2.0.0,20260804
Q21531,submarine quantum report for the telemetry division,no_answer_reserved,no_answer; out_of_domain,Medium,No answer,1,no_answer_reserved,,,"{""construction"": ""reserved out-of-domain vocabulary"", ""reserved_vocabulary"": [""submarine"", ""quantum"", ""telemetry""]}",2.0.0,20260804
Q21532,show me the quantum telemetry dashboard,no_answer_reserved,no_answer; out_of_domain,Medium,No answer,1,no_answer_reserved,,,"{""construction"": ""reserved out-of-domain vocabulary"", ""reserved_vocabulary"": [""quantum"", ""telemetry"", ""submarine""]}",2.0.0,20260804
Q21533,a report with both created by and headcount,no_answer_impossible_combo,no_answer; impossible_combination,Hard,No answer,1,no_answer_impossible_combo,,,"{""construction"": ""two real fields no single report carries"", ""fields"": [""Created By"", ""Headcount""]}",2.0.0,20260804
Q21534,a report with both change and remote work indicator,no_answer_impossible_combo,no_answer; impossible_combination,Hard,No answer,1,no_answer_impossible_combo,,,"{""construction"": ""two real fields no single report carries"", ""fields"": [""Change"", ""Remote Work Indicator""]}",2.0.0,20260804
Q21535,a report with both organization type and target percent,no_answer_impossible_combo,no_answer; impossible_combination,Hard,No answer,1,no_answer_impossible_combo,,,"{""construction"": ""two real fields no single report carries"", ""fields"": [""Organization Type"", ""Target Percent""]}",2.0.0,20260804
Q21536,a report with both filled indicator and succession plan,no_answer_impossible_combo,no_answer; impossible_combination,Hard,No answer,1,no_answer_impossible_combo,,,"{""construction"": ""two real fields no single report carries"", ""fields"": [""Filled Indicator"", ""Succession Plan""]}",2.0.0,20260804
Q21537,a report with both candidate id and ethnicity,no_answer_impossible_combo,no_answer; impossible_combination,Hard,No answer,1,no_answer_impossible_combo,,,"{""construction"": ""two real fields no single report carries"", ""fields"": [""Candidate ID"", ""Ethnicity""]}",2.0.0,20260804
Q21538,a report with both earliest hire date and recruiting agency,no_answer_impossible_combo,no_answer; impossible_combination,Hard,No answer,1,no_answer_impossible_combo,,,"{""construction"": ""two real fields no single report carries"", ""fields"": [""Earliest Hire Date"", ""Recruiting Agency""]}",2.0.0,20260804
Q21539,a report with both assigned date and goal status,no_answer_impossible_combo,no_answer; impossible_combination,Hard,No answer,1,no_answer_impossible_combo,,,"{""construction"": ""two real fields no single report carries"", ""fields"": [""Assigned Date"", ""Goal Status""]}",2.0.0,20260804
Q21540,a report with both job family group and score,no_answer_impossible_combo,no_answer; impossible_combination,Hard,No answer,1,no_answer_impossible_combo,,,"{""construction"": ""two real fields no single report carries"", ""fields"": [""Job Family Group"", ""Score""]}",2.0.0,20260804
Q21541,a report with both range maximum and snapshot date,no_answer_impossible_combo,no_answer; impossible_combination,Hard,No answer,1,no_answer_impossible_combo,,,"{""construction"": ""two real fields no single report carries"", ""fields"": [""Range Maximum"", ""Snapshot Date""]}",2.0.0,20260804
Q21542,a report with both end date and user name,no_answer_impossible_combo,no_answer; impossible_combination,Hard,No answer,1,no_answer_impossible_combo,,,"{""construction"": ""two real fields no single report carries"", ""fields"": [""End Date"", ""User Name""]}",2.0.0,20260804
Q21543,a report with both business title and hire type,no_answer_impossible_combo,no_answer; impossible_combination,Hard,No answer,1,no_answer_impossible_combo,,,"{""construction"": ""two real fields no single report carries"", ""fields"": [""Business Title"", ""Hire Type""]}",2.0.0,20260804
Q21544,a report with both base pay and last run date,no_answer_impossible_combo,no_answer; impossible_combination,Hard,No answer,1,no_answer_impossible_combo,,,"{""construction"": ""two real fields no single report carries"", ""fields"": [""Base Pay"", ""Last Run Date""]}",2.0.0,20260804
Q21545,a report with both as of date and time to fill,no_answer_impossible_combo,no_answer; impossible_combination,Hard,No answer,1,no_answer_impossible_combo,,,"{""construction"": ""two real fields no single report carries"", ""fields"": [""As of Date"", ""Time to Fill""]}",2.0.0,20260804
Q21546,a report with both completion date and month,no_answer_impossible_combo,no_answer; impossible_combination,Hard,No answer,1,no_answer_impossible_combo,,,"{""construction"": ""two real fields no single report carries"", ""fields"": [""Completion Date"", ""Month""]}",2.0.0,20260804
Q21547,a report with both revoked date and time entry date,no_answer_impossible_combo,no_answer; impossible_combination,Hard,No answer,1,no_answer_impossible_combo,,,"{""construction"": ""two real fields no single report carries"", ""fields"": [""Revoked Date"", ""Time Entry Date""]}",2.0.0,20260804
Q21548,a report with both hourly rate and termination date,no_answer_impossible_combo,no_answer; impossible_combination,Hard,No answer,1,no_answer_impossible_combo,,,"{""construction"": ""two real fields no single report carries"", ""fields"": [""Hourly Rate"", ""Termination Date""]}",2.0.0,20260804
Q21549,a report with both approval status and goal name,no_answer_impossible_combo,no_answer; impossible_combination,Hard,No answer,1,no_answer_impossible_combo,,,"{""construction"": ""two real fields no single report carries"", ""fields"": [""Approval Status"", ""Goal Name""]}",2.0.0,20260804
Q21550,a report with both job title and termination reason,no_answer_impossible_combo,no_answer; impossible_combination,Hard,No answer,1,no_answer_impossible_combo,,,"{""construction"": ""two real fields no single report carries"", ""fields"": [""Job Title"", ""Termination Reason""]}",2.0.0,20260804
Q21551,a report with both allowance amount and position,no_answer_impossible_combo,no_answer; impossible_combination,Hard,No answer,1,no_answer_impossible_combo,,,"{""construction"": ""two real fields no single report carries"", ""fields"": [""Allowance Amount"", ""Position""]}",2.0.0,20260804
Q21552,a report with both disposition reason and ethnicity,no_answer_impossible_combo,no_answer; impossible_combination,Hard,No answer,1,no_answer_impossible_combo,,,"{""construction"": ""two real fields no single report carries"", ""fields"": [""Disposition Reason"", ""Ethnicity""]}",2.0.0,20260804
Q21553,a report with both compensation plan and tenure,no_answer_impossible_combo,no_answer; impossible_combination,Hard,No answer,1,no_answer_impossible_combo,,,"{""construction"": ""two real fields no single report carries"", ""fields"": [""Compensation Plan"", ""Tenure""]}",2.0.0,20260804
Q21554,a report with both business process status and learner,no_answer_impossible_combo,no_answer; impossible_combination,Hard,No answer,1,no_answer_impossible_combo,,,"{""construction"": ""two real fields no single report carries"", ""fields"": [""Business Process Status"", ""Learner""]}",2.0.0,20260804
Q21555,a report with both company and report type,no_answer_impossible_combo,no_answer; impossible_combination,Hard,No answer,1,no_answer_impossible_combo,,,"{""construction"": ""two real fields no single report carries"", ""fields"": [""Company"", ""Report Type""]}",2.0.0,20260804
Q21556,a report with both allowance amount and average headcount,no_answer_impossible_combo,no_answer; impossible_combination,Hard,No answer,1,no_answer_impossible_combo,,,"{""construction"": ""two real fields no single report carries"", ""fields"": [""Allowance Amount"", ""Average Headcount""]}",2.0.0,20260804
Q21557,a report with both business process type and termination date,no_answer_impossible_combo,no_answer; impossible_combination,Hard,No answer,1,no_answer_impossible_combo,,,"{""construction"": ""two real fields no single report carries"", ""fields"": [""Business Process Type"", ""Termination Date""]}",2.0.0,20260804
Q21558,a report with both comments and cost center,no_answer_impossible_combo,no_answer; impossible_combination,Hard,No answer,1,no_answer_impossible_combo,,,"{""construction"": ""two real fields no single report carries"", ""fields"": [""Comments"", ""Cost Center""]}",2.0.0,20260804
Q21559,a report with both balance and position,no_answer_impossible_combo,no_answer; impossible_combination,Hard,No answer,1,no_answer_impossible_combo,,,"{""construction"": ""two real fields no single report carries"", ""fields"": [""Balance"", ""Position""]}",2.0.0,20260804
Q21560,a report with both headcount indicator and user name,no_answer_impossible_combo,no_answer; impossible_combination,Hard,No answer,1,no_answer_impossible_combo,,,"{""construction"": ""two real fields no single report carries"", ""fields"": [""Headcount Indicator"", ""User Name""]}",2.0.0,20260804
Q21561,a report with both base pay and security role,no_answer_impossible_combo,no_answer; impossible_combination,Hard,No answer,1,no_answer_impossible_combo,,,"{""construction"": ""two real fields no single report carries"", ""fields"": [""Base Pay"", ""Security Role""]}",2.0.0,20260804
Q21562,a report with both headcount indicator and job family group,no_answer_impossible_combo,no_answer; impossible_combination,Hard,No answer,1,no_answer_impossible_combo,,,"{""construction"": ""two real fields no single report carries"", ""fields"": [""Headcount Indicator"", ""Job Family Group""]}",2.0.0,20260804
Q21563,a report with both bonus amount and elapsed days,no_answer_impossible_combo,no_answer; impossible_combination,Hard,No answer,1,no_answer_impossible_combo,,,"{""construction"": ""two real fields no single report carries"", ""fields"": [""Bonus Amount"", ""Elapsed Days""]}",2.0.0,20260804
Q21564,a report with both deductions and postal code,no_answer_impossible_combo,no_answer; impossible_combination,Hard,No answer,1,no_answer_impossible_combo,,,"{""construction"": ""two real fields no single report carries"", ""fields"": [""Deductions"", ""Postal Code""]}",2.0.0,20260804
Q21565,a report with both organization-based security group and staffing event,no_answer_impossible_combo,no_answer; impossible_combination,Hard,No answer,1,no_answer_impossible_combo,,,"{""construction"": ""two real fields no single report carries"", ""fields"": [""Organization-Based Security Group"", ""Staffing Event""]}",2.0.0,20260804
Q21566,a report with both compensation review and range minimum,no_answer_impossible_combo,no_answer; impossible_combination,Hard,No answer,1,no_answer_impossible_combo,,,"{""construction"": ""two real fields no single report carries"", ""fields"": [""Compensation Review"", ""Range Minimum""]}",2.0.0,20260804
Q21567,a report with both coverage end date and offer date,no_answer_impossible_combo,no_answer; impossible_combination,Hard,No answer,1,no_answer_impossible_combo,,,"{""construction"": ""two real fields no single report carries"", ""fields"": [""Coverage End Date"", ""Offer Date""]}",2.0.0,20260804
Q21568,a report with both business object and remote work indicator,no_answer_impossible_combo,no_answer; impossible_combination,Hard,No answer,1,no_answer_impossible_combo,,,"{""construction"": ""two real fields no single report carries"", ""fields"": [""Business Object"", ""Remote Work Indicator""]}",2.0.0,20260804
Q21569,a report with both fte and inactive,no_answer_impossible_combo,no_answer; impossible_combination,Hard,No answer,1,no_answer_impossible_combo,,,"{""construction"": ""two real fields no single report carries"", ""fields"": [""FTE"", ""Inactive""]}",2.0.0,20260804
Q21570,a report with both approver and goal weight,no_answer_impossible_combo,no_answer; impossible_combination,Hard,No answer,1,no_answer_impossible_combo,,,"{""construction"": ""two real fields no single report carries"", ""fields"": [""Approver"", ""Goal Weight""]}",2.0.0,20260804
Q21571,a report with both hire date and target percent,no_answer_impossible_combo,no_answer; impossible_combination,Hard,No answer,1,no_answer_impossible_combo,,,"{""construction"": ""two real fields no single report carries"", ""fields"": [""Hire Date"", ""Target Percent""]}",2.0.0,20260804
Q21572,a report with both allowance amount and close date,no_answer_impossible_combo,no_answer; impossible_combination,Hard,No answer,1,no_answer_impossible_combo,,,"{""construction"": ""two real fields no single report carries"", ""fields"": [""Allowance Amount"", ""Close Date""]}",2.0.0,20260804
Q21573,a report with both close date and nine-box position,no_answer_impossible_combo,no_answer; impossible_combination,Hard,No answer,1,no_answer_impossible_combo,,,"{""construction"": ""two real fields no single report carries"", ""fields"": [""Close Date"", ""Nine-Box Position""]}",2.0.0,20260804
Q21574,a report with both business object and organization name,no_answer_impossible_combo,no_answer; impossible_combination,Hard,No answer,1,no_answer_impossible_combo,,,"{""construction"": ""two real fields no single report carries"", ""fields"": [""Business Object"", ""Organization Name""]}",2.0.0,20260804
Q21575,a report with both dependent count and due date,no_answer_impossible_combo,no_answer; impossible_combination,Hard,No answer,1,no_answer_impossible_combo,,,"{""construction"": ""two real fields no single report carries"", ""fields"": [""Dependent Count"", ""Due Date""]}",2.0.0,20260804
Q21576,a report with both base pay and created by,no_answer_impossible_combo,no_answer; impossible_combination,Hard,No answer,1,no_answer_impossible_combo,,,"{""construction"": ""two real fields no single report carries"", ""fields"": [""Base Pay"", ""Created By""]}",2.0.0,20260804
Q21577,a report with both elapsed days and termination date,no_answer_impossible_combo,no_answer; impossible_combination,Hard,No answer,1,no_answer_impossible_combo,,,"{""construction"": ""two real fields no single report carries"", ""fields"": [""Elapsed Days"", ""Termination Date""]}",2.0.0,20260804
Q21578,a report with both business process status and compa-ratio,no_answer_impossible_combo,no_answer; impossible_combination,Hard,No answer,1,no_answer_impossible_combo,,,"{""construction"": ""two real fields no single report carries"", ""fields"": [""Business Process Status"", ""Compa-Ratio""]}",2.0.0,20260804
Q21579,a report with both business process event and business title,no_answer_impossible_combo,no_answer; impossible_combination,Hard,No answer,1,no_answer_impossible_combo,,,"{""construction"": ""two real fields no single report carries"", ""fields"": [""Business Process Event"", ""Business Title""]}",2.0.0,20260804
Q21580,a report with both business process type and user name,no_answer_impossible_combo,no_answer; impossible_combination,Hard,No answer,1,no_answer_impossible_combo,,,"{""construction"": ""two real fields no single report carries"", ""fields"": [""Business Process Type"", ""User Name""]}",2.0.0,20260804
Q21581,a report with both job family group and organization id,no_answer_impossible_combo,no_answer; impossible_combination,Hard,No answer,1,no_answer_impossible_combo,,,"{""construction"": ""two real fields no single report carries"", ""fields"": [""Job Family Group"", ""Organization ID""]}",2.0.0,20260804
Q21582,a report with both ethnicity and initiated date,no_answer_impossible_combo,no_answer; impossible_combination,Hard,No answer,1,no_answer_impossible_combo,,,"{""construction"": ""two real fields no single report carries"", ""fields"": [""Ethnicity"", ""Initiated Date""]}",2.0.0,20260804
Q21583,a report with both assigned to and include subordinate organizations,no_answer_impossible_combo,no_answer; impossible_combination,Hard,No answer,1,no_answer_impossible_combo,,,"{""construction"": ""two real fields no single report carries"", ""fields"": [""Assigned To"", ""Include Subordinate Organizations""]}",2.0.0,20260804
Q21584,a report with both coverage begin date and report type,no_answer_impossible_combo,no_answer; impossible_combination,Hard,No answer,1,no_answer_impossible_combo,,,"{""construction"": ""two real fields no single report carries"", ""fields"": [""Coverage Begin Date"", ""Report Type""]}",2.0.0,20260804
Q21585,a report with both legal name and transfer count,no_answer_impossible_combo,no_answer; impossible_combination,Hard,No answer,1,no_answer_impossible_combo,,,"{""construction"": ""two real fields no single report carries"", ""fields"": [""Legal Name"", ""Transfer Count""]}",2.0.0,20260804
Q21586,a report with both talent pool and time week,no_answer_impossible_combo,no_answer; impossible_combination,Hard,No answer,1,no_answer_impossible_combo,,,"{""construction"": ""two real fields no single report carries"", ""fields"": [""Talent Pool"", ""Time Week""]}",2.0.0,20260804
Q21587,a report with both calculated hours and review cycle,no_answer_impossible_combo,no_answer; impossible_combination,Hard,No answer,1,no_answer_impossible_combo,,,"{""construction"": ""two real fields no single report carries"", ""fields"": [""Calculated Hours"", ""Review Cycle""]}",2.0.0,20260804
Q21588,a report with both position and run count,no_answer_impossible_combo,no_answer; impossible_combination,Hard,No answer,1,no_answer_impossible_combo,,,"{""construction"": ""two real fields no single report carries"", ""fields"": [""Position"", ""Run Count""]}",2.0.0,20260804
Q21589,a report with both career interest and goal category,no_answer_impossible_combo,no_answer; impossible_combination,Hard,No answer,1,no_answer_impossible_combo,,,"{""construction"": ""two real fields no single report carries"", ""fields"": [""Career Interest"", ""Goal Category""]}",2.0.0,20260804
Q21590,a report with both assigned to and headcount,no_answer_impossible_combo,no_answer; impossible_combination,Hard,No answer,1,no_answer_impossible_combo,,,"{""construction"": ""two real fields no single report carries"", ""fields"": [""Assigned To"", ""Headcount""]}",2.0.0,20260804
Q21591,a report with both availability date and management level,no_answer_impossible_combo,no_answer; impossible_combination,Hard,No answer,1,no_answer_impossible_combo,,,"{""construction"": ""two real fields no single report carries"", ""fields"": [""Availability Date"", ""Management Level""]}",2.0.0,20260804
Q21592,a report with both time off plan and transfer count,no_answer_impossible_combo,no_answer; impossible_combination,Hard,No answer,1,no_answer_impossible_combo,,,"{""construction"": ""two real fields no single report carries"", ""fields"": [""Time Off Plan"", ""Transfer Count""]}",2.0.0,20260804
Q21593,a report with both ending headcount and leader,no_answer_impossible_combo,no_answer; impossible_combination,Hard,No answer,1,no_answer_impossible_combo,,,"{""construction"": ""two real fields no single report carries"", ""fields"": [""Ending Headcount"", ""Leader""]}",2.0.0,20260804
Q21594,a report with both candidate type and leave status,no_answer_impossible_combo,no_answer; impossible_combination,Hard,No answer,1,no_answer_impossible_combo,,,"{""construction"": ""two real fields no single report carries"", ""fields"": [""Candidate Type"", ""Leave Status""]}",2.0.0,20260804
Q21595,a report with both earliest hire date and time off plan,no_answer_impossible_combo,no_answer; impossible_combination,Hard,No answer,1,no_answer_impossible_combo,,,"{""construction"": ""two real fields no single report carries"", ""fields"": [""Earliest Hire Date"", ""Time Off Plan""]}",2.0.0,20260804
Q21596,a report with both attrition rate and benefit group,no_answer_impossible_combo,no_answer; impossible_combination,Hard,No answer,1,no_answer_impossible_combo,,,"{""construction"": ""two real fields no single report carries"", ""fields"": [""Attrition Rate"", ""Benefit Group""]}",2.0.0,20260804
Q21597,a report with both disabled indicator and end date,no_answer_impossible_combo,no_answer; impossible_combination,Hard,No answer,1,no_answer_impossible_combo,,,"{""construction"": ""two real fields no single report carries"", ""fields"": [""Disabled Indicator"", ""End Date""]}",2.0.0,20260804
Q21598,a report with both business process status and hourly rate,no_answer_impossible_combo,no_answer; impossible_combination,Hard,No answer,1,no_answer_impossible_combo,,,"{""construction"": ""two real fields no single report carries"", ""fields"": [""Business Process Status"", ""Hourly Rate""]}",2.0.0,20260804
Q21599,a report with both active and contingent worker type,no_answer_impossible_combo,no_answer; impossible_combination,Hard,No answer,1,no_answer_impossible_combo,,,"{""construction"": ""two real fields no single report carries"", ""fields"": [""Active"", ""Contingent Worker Type""]}",2.0.0,20260804
Q21600,a report with both job family and termination date,no_answer_impossible_combo,no_answer; impossible_combination,Hard,No answer,1,no_answer_impossible_combo,,,"{""construction"": ""two real fields no single report carries"", ""fields"": [""Job Family"", ""Termination Date""]}",2.0.0,20260804
Q21601,a report with both ethnicity and location,no_answer_impossible_combo,no_answer; impossible_combination,Hard,No answer,1,no_answer_impossible_combo,,,"{""construction"": ""two real fields no single report carries"", ""fields"": [""Ethnicity"", ""Location""]}",2.0.0,20260804
Q21602,a report with both overall rating and range maximum,no_answer_impossible_combo,no_answer; impossible_combination,Hard,No answer,1,no_answer_impossible_combo,,,"{""construction"": ""two real fields no single report carries"", ""fields"": [""Overall Rating"", ""Range Maximum""]}",2.0.0,20260804
Q21603,a report with both access level and earning amount,no_answer_impossible_combo,no_answer; impossible_combination,Hard,No answer,1,no_answer_impossible_combo,,,"{""construction"": ""two real fields no single report carries"", ""fields"": [""Access Level"", ""Earning Amount""]}",2.0.0,20260804
Q21604,a report with both compensation review and initiated by,no_answer_impossible_combo,no_answer; impossible_combination,Hard,No answer,1,no_answer_impossible_combo,,,"{""construction"": ""two real fields no single report carries"", ""fields"": [""Compensation Review"", ""Initiated By""]}",2.0.0,20260804
Q21605,a report with both employee type and goal category,no_answer_impossible_combo,no_answer; impossible_combination,Hard,No answer,1,no_answer_impossible_combo,,,"{""construction"": ""two real fields no single report carries"", ""fields"": [""Employee Type"", ""Goal Category""]}",2.0.0,20260804
Q21606,a report with both elapsed days and job family,no_answer_impossible_combo,no_answer; impossible_combination,Hard,No answer,1,no_answer_impossible_combo,,,"{""construction"": ""two real fields no single report carries"", ""fields"": [""Elapsed Days"", ""Job Family""]}",2.0.0,20260804
Q21607,a report with both availability date and time week,no_answer_impossible_combo,no_answer; impossible_combination,Hard,No answer,1,no_answer_impossible_combo,,,"{""construction"": ""two real fields no single report carries"", ""fields"": [""Availability Date"", ""Time Week""]}",2.0.0,20260804
Q21608,a report with both ending headcount and inactive,no_answer_impossible_combo,no_answer; impossible_combination,Hard,No answer,1,no_answer_impossible_combo,,,"{""construction"": ""two real fields no single report carries"", ""fields"": [""Ending Headcount"", ""Inactive""]}",2.0.0,20260804
Q21609,a report with both change and section order,no_answer_impossible_combo,no_answer; impossible_combination,Hard,No answer,1,no_answer_impossible_combo,,,"{""construction"": ""two real fields no single report carries"", ""fields"": [""Change"", ""Section Order""]}",2.0.0,20260804
Q21610,a report with both headcount indicator and net pay,no_answer_impossible_combo,no_answer; impossible_combination,Hard,No answer,1,no_answer_impossible_combo,,,"{""construction"": ""two real fields no single report carries"", ""fields"": [""Headcount Indicator"", ""Net Pay""]}",2.0.0,20260804
Q21611,a report with both as of date and filled indicator,no_answer_impossible_combo,no_answer; impossible_combination,Hard,No answer,1,no_answer_impossible_combo,,,"{""construction"": ""two real fields no single report carries"", ""fields"": [""As of Date"", ""Filled Indicator""]}",2.0.0,20260804
Q21612,a report with both coverage type and source,no_answer_impossible_combo,no_answer; impossible_combination,Hard,No answer,1,no_answer_impossible_combo,,,"{""construction"": ""two real fields no single report carries"", ""fields"": [""Coverage Type"", ""Source""]}",2.0.0,20260804
Q21613,a report with both benefit group and pay period,no_answer_impossible_combo,no_answer; impossible_combination,Hard,No answer,1,no_answer_impossible_combo,,,"{""construction"": ""two real fields no single report carries"", ""fields"": [""Benefit Group"", ""Pay Period""]}",2.0.0,20260804
Q21614,a report with both compensation plan and trend date,no_answer_impossible_combo,no_answer; impossible_combination,Hard,No answer,1,no_answer_impossible_combo,,,"{""construction"": ""two real fields no single report carries"", ""fields"": [""Compensation Plan"", ""Trend Date""]}",2.0.0,20260804
Q21615,a report with both benefit plan and calculated hours,no_answer_impossible_combo,no_answer; impossible_combination,Hard,No answer,1,no_answer_impossible_combo,,,"{""construction"": ""two real fields no single report carries"", ""fields"": [""Benefit Plan"", ""Calculated Hours""]}",2.0.0,20260804
Q21616,a report with both days in stage and ethnicity,no_answer_impossible_combo,no_answer; impossible_combination,Hard,No answer,1,no_answer_impossible_combo,,,"{""construction"": ""two real fields no single report carries"", ""fields"": [""Days in Stage"", ""Ethnicity""]}",2.0.0,20260804
Q21617,a report with both job requisition id and review rating,no_answer_impossible_combo,no_answer; impossible_combination,Hard,No answer,1,no_answer_impossible_combo,,,"{""construction"": ""two real fields no single report carries"", ""fields"": [""Job Requisition ID"", ""Review Rating""]}",2.0.0,20260804
Q21618,a report with both organization-based security group and worker status,no_answer_impossible_combo,no_answer; impossible_combination,Hard,No answer,1,no_answer_impossible_combo,,,"{""construction"": ""two real fields no single report carries"", ""fields"": [""Organization-Based Security Group"", ""Worker Status""]}",2.0.0,20260804
Q21619,a report with both application stage and year,no_answer_impossible_combo,no_answer; impossible_combination,Hard,No answer,1,no_answer_impossible_combo,,,"{""construction"": ""two real fields no single report carries"", ""fields"": [""Application Stage"", ""Year""]}",2.0.0,20260804
Q21620,a report with both source and step status,no_answer_impossible_combo,no_answer; impossible_combination,Hard,No answer,1,no_answer_impossible_combo,,,"{""construction"": ""two real fields no single report carries"", ""fields"": [""Source"", ""Step Status""]}",2.0.0,20260804
Q21621,a report with both disabled indicator and parent organization,no_answer_impossible_combo,no_answer; impossible_combination,Hard,No answer,1,no_answer_impossible_combo,,,"{""construction"": ""two real fields no single report carries"", ""fields"": [""Disabled Indicator"", ""Parent Organization""]}",2.0.0,20260804
Q21622,a report with both review status and termination count,no_answer_impossible_combo,no_answer; impossible_combination,Hard,No answer,1,no_answer_impossible_combo,,,"{""construction"": ""two real fields no single report carries"", ""fields"": [""Review Status"", ""Termination Count""]}",2.0.0,20260804
Q21623,a report with both coverage end date and location,no_answer_impossible_combo,no_answer; impossible_combination,Hard,No answer,1,no_answer_impossible_combo,,,"{""construction"": ""two real fields no single report carries"", ""fields"": [""Coverage End Date"", ""Location""]}",2.0.0,20260804
Q21624,a report with both inactive and tenure,no_answer_impossible_combo,no_answer; impossible_combination,Hard,No answer,1,no_answer_impossible_combo,,,"{""construction"": ""two real fields no single report carries"", ""fields"": [""Inactive"", ""Tenure""]}",2.0.0,20260804
Q21625,a report with both assigned date and pay group,no_answer_impossible_combo,no_answer; impossible_combination,Hard,No answer,1,no_answer_impossible_combo,,,"{""construction"": ""two real fields no single report carries"", ""fields"": [""Assigned Date"", ""Pay Group""]}",2.0.0,20260804
Q21626,a report with both candidate email and remote work indicator,no_answer_impossible_combo,no_answer; impossible_combination,Hard,No answer,1,no_answer_impossible_combo,,,"{""construction"": ""two real fields no single report carries"", ""fields"": [""Candidate Email"", ""Remote Work Indicator""]}",2.0.0,20260804
Q21627,a report with both currency and turnover rate,no_answer_impossible_combo,no_answer; impossible_combination,Hard,No answer,1,no_answer_impossible_combo,,,"{""construction"": ""two real fields no single report carries"", ""fields"": [""Currency"", ""Turnover Rate""]}",2.0.0,20260804
Q21628,a report with both event date and headcount,no_answer_impossible_combo,no_answer; impossible_combination,Hard,No answer,1,no_answer_impossible_combo,,,"{""construction"": ""two real fields no single report carries"", ""fields"": [""Event Date"", ""Headcount""]}",2.0.0,20260804
Q21629,a report with both organization type and transaction id,no_answer_impossible_combo,no_answer; impossible_combination,Hard,No answer,1,no_answer_impossible_combo,,,"{""construction"": ""two real fields no single report carries"", ""fields"": [""Organization Type"", ""Transaction ID""]}",2.0.0,20260804
Q21630,a report with both correction reason and email address,no_answer_impossible_combo,no_answer; impossible_combination,Hard,No answer,1,no_answer_impossible_combo,,,"{""construction"": ""two real fields no single report carries"", ""fields"": [""Correction Reason"", ""Email Address""]}",2.0.0,20260804
Q21631,a report with both candidate email and last run date,no_answer_impossible_combo,no_answer; impossible_combination,Hard,No answer,1,no_answer_impossible_combo,,,"{""construction"": ""two real fields no single report carries"", ""fields"": [""Candidate Email"", ""Last Run Date""]}",2.0.0,20260804
Q21632,a report with both deduction amount and time type,no_answer_impossible_combo,no_answer; impossible_combination,Hard,No answer,1,no_answer_impossible_combo,,,"{""construction"": ""two real fields no single report carries"", ""fields"": [""Deduction Amount"", ""Time Type""]}",2.0.0,20260804
Q21633,axis benefit report,ambiguous_clarification,ambiguous; needs_clarification,Medium-Hard,Partial / needs clarification,1,ambiguous_clarification,axis - benefit census - audit,R1980,"{""construction"": ""two confusable families, deciding facet omitted"", ""differing_facet"": ""report_type"", ""families"": [""axis - benefit census - audit"", ""axis - benefit coverage by benefit group""], ""values"": [""Advanced"", ""Simple""]}",2.0.0,20260804
Q21634,axis benefit report,ambiguous_clarification,ambiguous; needs_clarification,Medium-Hard,Partial / needs clarification,1,ambiguous_clarification,axis - benefit census - audit,R1980,"{""construction"": ""two confusable families, deciding facet omitted"", ""differing_facet"": ""report_type"", ""families"": [""axis - benefit census - audit"", ""axis - benefit coverage by worker - quarterly""], ""values"": [""Advanced"", ""nBox""]}",2.0.0,20260804
Q21635,axis benefit report,ambiguous_clarification,ambiguous; needs_clarification,Medium-Hard,Partial / needs clarification,1,ambiguous_clarification,axis - benefit census - audit,R1980,"{""construction"": ""two confusable families, deciding facet omitted"", ""differing_facet"": ""report_type"", ""families"": [""axis - benefit census - audit"", ""axis - benefit dependents by worker - ytd""], ""values"": [""Advanced"", ""Composite""]}",2.0.0,20260804
Q21636,axis benefit group report,ambiguous_clarification,ambiguous; needs_clarification,Medium-Hard,Partial / needs clarification,1,ambiguous_clarification,axis - benefit census by benefit group - monthly,R1112,"{""construction"": ""two confusable families, deciding facet omitted"", ""differing_facet"": ""report_type"", ""families"": [""axis - benefit census by benefit group - monthly"", ""axis - benefit coverage by benefit group""], ""values"": [""Advanced"", ""Simple""]}",2.0.0,20260804
Q21637,axis benefit report,ambiguous_clarification,ambiguous; needs_clarification,Medium-Hard,Partial / needs clarification,1,ambiguous_clarification,axis - benefit census by benefit group - monthly,R1112,"{""construction"": ""two confusable families, deciding facet omitted"", ""differing_facet"": ""report_type"", ""families"": [""axis - benefit census by benefit group - monthly"", ""axis - benefit coverage by worker - quarterly""], ""values"": [""Advanced"", ""nBox""]}",2.0.0,20260804
Q21638,axis benefit report,ambiguous_clarification,ambiguous; needs_clarification,Medium-Hard,Partial / needs clarification,1,ambiguous_clarification,axis - benefit census by benefit group - monthly,R1112,"{""construction"": ""two confusable families, deciding facet omitted"", ""differing_facet"": ""report_type"", ""families"": [""axis - benefit census by benefit group - monthly"", ""axis - benefit dependents by worker - ytd""], ""values"": [""Advanced"", ""Composite""]}",2.0.0,20260804
Q21639,axis benefit company report,ambiguous_clarification,ambiguous; needs_clarification,Medium-Hard,Partial / needs clarification,1,ambiguous_clarification,axis - benefit census by company,R2196,"{""construction"": ""two confusable families, deciding facet omitted"", ""differing_facet"": ""report_type"", ""families"": [""axis - benefit census by company"", ""axis - benefit enrollment by company - ytd""], ""values"": [""Advanced"", ""Matrix""]}",2.0.0,20260804
Q21640,axis benefit report,ambiguous_clarification,ambiguous; needs_clarification,Medium-Hard,Partial / needs clarification,1,ambiguous_clarification,axis - benefit census by company - monthly,R0786,"{""construction"": ""two confusable families, deciding facet omitted"", ""differing_facet"": ""report_type"", ""families"": [""axis - benefit census by company - monthly"", ""axis - benefit coverage by benefit group""], ""values"": [""Advanced"", ""Simple""]}",2.0.0,20260804
Q21641,axis benefit report,ambiguous_clarification,ambiguous; needs_clarification,Medium-Hard,Partial / needs clarification,1,ambiguous_clarification,axis - benefit census by company - monthly,R0786,"{""construction"": ""two confusable families, deciding facet omitted"", ""differing_facet"": ""report_type"", ""families"": [""axis - benefit census by company - monthly"", ""axis - benefit coverage by worker - quarterly""], ""values"": [""Advanced"", ""nBox""]}",2.0.0,20260804
Q21642,axis benefit report,ambiguous_clarification,ambiguous; needs_clarification,Medium-Hard,Partial / needs clarification,1,ambiguous_clarification,axis - benefit census by company - monthly,R0786,"{""construction"": ""two confusable families, deciding facet omitted"", ""differing_facet"": ""report_type"", ""families"": [""axis - benefit census by company - monthly"", ""axis - benefit dependents by worker - ytd""], ""values"": [""Advanced"", ""Composite""]}",2.0.0,20260804
Q21643,axis benefit report,ambiguous_clarification,ambiguous; needs_clarification,Medium-Hard,Partial / needs clarification,1,ambiguous_clarification,axis - benefit census by plan,R0083,"{""construction"": ""two confusable families, deciding facet omitted"", ""differing_facet"": ""report_type"", ""families"": [""axis - benefit census by plan"", ""axis - benefit eligibility by worker - dashboard""], ""values"": [""Advanced"", ""Matrix""]}",2.0.0,20260804
Q21644,axis benefit report,ambiguous_clarification,ambiguous; needs_clarification,Medium-Hard,Partial / needs clarification,1,ambiguous_clarification,axis - benefit census by plan,R0083,"{""construction"": ""two confusable families, deciding facet omitted"", ""differing_facet"": ""report_type"", ""families"": [""axis - benefit census by plan"", ""axis - benefit events by worker""], ""values"": [""Advanced"", ""Matrix""]}",2.0.0,20260804
Q21645,axis benefit coverage report,ambiguous_clarification,ambiguous; needs_clarification,Medium-Hard,Partial / needs clarification,1,ambiguous_clarification,axis - benefit coverage by benefit group,R2018,"{""construction"": ""two confusable families, deciding facet omitted"", ""differing_facet"": ""report_type"", ""families"": [""axis - benefit coverage by benefit group"", ""axis - benefit coverage by company - monthly""], ""values"": [""Simple"", ""Advanced""]}",2.0.0,20260804
Q21646,axis benefit coverage report,ambiguous_clarification,ambiguous; needs_clarification,Medium-Hard,Partial / needs clarification,1,ambiguous_clarification,axis - benefit coverage by benefit group,R2018,"{""construction"": ""two confusable families, deciding facet omitted"", ""differing_facet"": ""report_type"", ""families"": [""axis - benefit coverage by benefit group"", ""axis - benefit coverage by worker""], ""values"": [""Simple"", ""Advanced""]}",2.0.0,20260804
Q21647,axis benefit coverage report,ambiguous_clarification,ambiguous; needs_clarification,Medium-Hard,Partial / needs clarification,1,ambiguous_clarification,axis - benefit coverage by benefit group,R2018,"{""construction"": ""two confusable families, deciding facet omitted"", ""differing_facet"": ""report_type"", ""families"": [""axis - benefit coverage by benefit group"", ""axis - benefit coverage by worker - quarterly""], ""values"": [""Simple"", ""nBox""]}",2.0.0,20260804
Q21648,axis benefit report,ambiguous_clarification,ambiguous; needs_clarification,Medium-Hard,Partial / needs clarification,1,ambiguous_clarification,axis - benefit coverage by benefit group,R2018,"{""construction"": ""two confusable families, deciding facet omitted"", ""differing_facet"": ""report_type"", ""families"": [""axis - benefit coverage by benefit group"", ""axis - benefit dependents by company""], ""values"": [""Simple"", ""Advanced""]}",2.0.0,20260804
Q21649,axis benefit report,ambiguous_clarification,ambiguous; needs_clarification,Medium-Hard,Partial / needs clarification,1,ambiguous_clarification,axis - benefit coverage by benefit group,R2018,"{""construction"": ""two confusable families, deciding facet omitted"", ""differing_facet"": ""report_type"", ""families"": [""axis - benefit coverage by benefit group"", ""axis - benefit dependents by worker - ytd""], ""values"": [""Simple"", ""Composite""]}",2.0.0,20260804
Q21650,axis benefit report,ambiguous_clarification,ambiguous; needs_clarification,Medium-Hard,Partial / needs clarification,1,ambiguous_clarification,axis - benefit coverage by benefit group,R2018,"{""construction"": ""two confusable families, deciding facet omitted"", ""differing_facet"": ""report_type"", ""families"": [""axis - benefit coverage by benefit group"", ""axis - benefit elections - summary""], ""values"": [""Simple"", ""Advanced""]}",2.0.0,20260804
Q21651,axis benefit group report,ambiguous_clarification,ambiguous; needs_clarification,Medium-Hard,Partial / needs clarification,1,ambiguous_clarification,axis - benefit coverage by benefit group,R2018,"{""construction"": ""two confusable families, deciding facet omitted"", ""differing_facet"": ""report_type"", ""families"": [""axis - benefit coverage by benefit group"", ""axis - benefit elections by benefit group - current""], ""values"": [""Simple"", ""Advanced""]}",2.0.0,20260804
Q21652,axis benefit report,ambiguous_clarification,ambiguous; needs_clarification,Medium-Hard,Partial / needs clarification,1,ambiguous_clarification,axis - benefit coverage by benefit group,R2018,"{""construction"": ""two confusable families, deciding facet omitted"", ""differing_facet"": ""report_type"", ""families"": [""axis - benefit coverage by benefit group"", ""axis - benefit events - detail""], ""values"": [""Simple"", ""Advanced""]}",2.0.0,20260804
Q21653,axis benefit report,ambiguous_clarification,ambiguous; needs_clarification,Medium-Hard,Partial / needs clarification,1,ambiguous_clarification,axis - benefit coverage by benefit group,R2018,"{""construction"": ""two confusable families, deciding facet omitted"", ""differing_facet"": ""report_type"", ""families"": [""axis - benefit coverage by benefit group"", ""axis - benefit events by company - monthly""], ""values"": [""Simple"", ""Advanced""]}",2.0.0,20260804
Q21654,axis benefit coverage report,ambiguous_clarification,ambiguous; needs_clarification,Medium-Hard,Partial / needs clarification,1,ambiguous_clarification,axis - benefit coverage by company - monthly,R2739,"{""construction"": ""two confusable families, deciding facet omitted"", ""differing_facet"": ""report_type"", ""families"": [""axis - benefit coverage by company - monthly"", ""axis - benefit coverage by worker - quarterly""], ""values"": [""Advanced"", ""nBox""]}",2.0.0,20260804
Q21655,axis benefit report,ambiguous_clarification,ambiguous; needs_clarification,Medium-Hard,Partial / needs clarification,1,ambiguous_clarification,axis - benefit coverage by company - monthly,R2739,"{""construction"": ""two confusable families, deciding facet omitted"", ""differing_facet"": ""report_type"", ""families"": [""axis - benefit coverage by company - monthly"", ""axis - benefit dependents by worker - ytd""], ""values"": [""Advanced"", ""Composite""]}",2.0.0,20260804
Q21656,axis benefit report,ambiguous_clarification,ambiguous; needs_clarification,Medium-Hard,Partial / needs clarification,1,ambiguous_clarification,axis - benefit coverage by plan - detail v3,R2329,"{""construction"": ""two confusable families, deciding facet omitted"", ""differing_facet"": ""report_type"", ""families"": [""axis - benefit coverage by plan - detail v3"", ""axis - benefit enrollment by company - ytd""], ""values"": [""Advanced"", ""Matrix""]}",2.0.0,20260804
Q21657,axis benefit coverage worker report,ambiguous_clarification,ambiguous; needs_clarification,Medium-Hard,Partial / needs clarification,1,ambiguous_clarification,axis - benefit coverage by worker,R1030,"{""construction"": ""two confusable families, deciding facet omitted"", ""differing_facet"": ""report_type"", ""families"": [""axis - benefit coverage by worker"", ""axis - benefit coverage by worker - quarterly""], ""values"": [""Advanced"", ""nBox""]}",2.0.0,20260804
Q21658,axis benefit worker report,ambiguous_clarification,ambiguous; needs_clarification,Medium-Hard,Partial / needs clarification,1,ambiguous_clarification,axis - benefit coverage by worker,R1030,"{""construction"": ""two confusable families, deciding facet omitted"", ""differing_facet"": ""report_type"", ""families"": [""axis - benefit coverage by worker"", ""axis - benefit dependents by worker - ytd""], ""values"": [""Advanced"", ""Composite""]}",2.0.0,20260804
Q21659,axis benefit report,ambiguous_clarification,ambiguous; needs_clarification,Medium-Hard,Partial / needs clarification,1,ambiguous_clarification,axis - benefit coverage by worker - quarterly,R1279,"{""construction"": ""two confusable families, deciding facet omitted"", ""differing_facet"": ""report_type"", ""families"": [""axis - benefit coverage by worker - quarterly"", ""axis - benefit dependents by company""], ""values"": [""nBox"", ""Advanced""]}",2.0.0,20260804
Q21660,axis benefit worker report,ambiguous_clarification,ambiguous; needs_clarification,Medium-Hard,Partial / needs clarification,1,ambiguous_clarification,axis - benefit coverage by worker - quarterly,R1279,"{""construction"": ""two confusable families, deciding facet omitted"", ""differing_facet"": ""report_type"", ""families"": [""axis - benefit coverage by worker - quarterly"", ""axis - benefit dependents by worker - ytd""], ""values"": [""nBox"", ""Composite""]}",2.0.0,20260804
Q21661,axis benefit report,ambiguous_clarification,ambiguous; needs_clarification,Medium-Hard,Partial / needs clarification,1,ambiguous_clarification,axis - benefit coverage by worker - quarterly,R1279,"{""construction"": ""two confusable families, deciding facet omitted"", ""differing_facet"": ""report_type"", ""families"": [""axis - benefit coverage by worker - quarterly"", ""axis - benefit elections - summary""], ""values"": [""nBox"", ""Advanced""]}",2.0.0,20260804
Q21662,axis benefit report,ambiguous_clarification,ambiguous; needs_clarification,Medium-Hard,Partial / needs clarification,1,ambiguous_clarification,axis - benefit coverage by worker - quarterly,R1279,"{""construction"": ""two confusable families, deciding facet omitted"", ""differing_facet"": ""report_type"", ""families"": [""axis - benefit coverage by worker - quarterly"", ""axis - benefit elections by benefit group - current""], ""values"": [""nBox"", ""Advanced""]}",2.0.0,20260804
Q21663,axis benefit report,ambiguous_clarification,ambiguous; needs_clarification,Medium-Hard,Partial / needs clarification,1,ambiguous_clarification,axis - benefit coverage by worker - quarterly,R1279,"{""construction"": ""two confusable families, deciding facet omitted"", ""differing_facet"": ""report_type"", ""families"": [""axis - benefit coverage by worker - quarterly"", ""axis - benefit events - detail""], ""values"": [""nBox"", ""Advanced""]}",2.0.0,20260804
Q21664,axis benefit report,ambiguous_clarification,ambiguous; needs_clarification,Medium-Hard,Partial / needs clarification,1,ambiguous_clarification,axis - benefit coverage by worker - quarterly,R1279,"{""construction"": ""two confusable families, deciding facet omitted"", ""differing_facet"": ""report_type"", ""families"": [""axis - benefit coverage by worker - quarterly"", ""axis - benefit events by company - monthly""], ""values"": [""nBox"", ""Advanced""]}",2.0.0,20260804
Q21665,axis benefit dependents report,ambiguous_clarification,ambiguous; needs_clarification,Medium-Hard,Partial / needs clarification,1,ambiguous_clarification,axis - benefit dependents by company,R0915,"{""construction"": ""two confusable families, deciding facet omitted"", ""differing_facet"": ""report_type"", ""families"": [""axis - benefit dependents by company"", ""axis - benefit dependents by worker - ytd""], ""values"": [""Advanced"", ""Composite""]}",2.0.0,20260804
Q21666,axis benefit worker report,ambiguous_clarification,ambiguous; needs_clarification,Medium-Hard,Partial / needs clarification,1,ambiguous_clarification,axis - benefit dependents by worker,R2517,"{""construction"": ""two confusable families, deciding facet omitted"", ""differing_facet"": ""report_type"", ""families"": [""axis - benefit dependents by worker"", ""axis - benefit eligibility by worker - dashboard""], ""values"": [""Advanced"", ""Matrix""]}",2.0.0,20260804
Q21667,axis benefit worker report,ambiguous_clarification,ambiguous; needs_clarification,Medium-Hard,Partial / needs clarification,1,ambiguous_clarification,axis - benefit dependents by worker,R2517,"{""construction"": ""two confusable families, deciding facet omitted"", ""differing_facet"": ""report_type"", ""families"": [""axis - benefit dependents by worker"", ""axis - benefit events by worker""], ""values"": [""Advanced"", ""Matrix""]}",2.0.0,20260804
Q21668,axis benefit report,ambiguous_clarification,ambiguous; needs_clarification,Medium-Hard,Partial / needs clarification,1,ambiguous_clarification,axis - benefit dependents by worker - ytd,R3012,"{""construction"": ""two confusable families, deciding facet omitted"", ""differing_facet"": ""report_type"", ""families"": [""axis - benefit dependents by worker - ytd"", ""axis - benefit elections - summary""], ""values"": [""Composite"", ""Advanced""]}",2.0.0,20260804
Q21669,axis benefit report,ambiguous_clarification,ambiguous; needs_clarification,Medium-Hard,Partial / needs clarification,1,ambiguous_clarification,axis - benefit dependents by worker - ytd,R3012,"{""construction"": ""two confusable families, deciding facet omitted"", ""differing_facet"": ""report_type"", ""families"": [""axis - benefit dependents by worker - ytd"", ""axis - benefit elections by benefit group - current""], ""values"": [""Composite"", ""Advanced""]}",2.0.0,20260804
Q21670,axis benefit report,ambiguous_clarification,ambiguous; needs_clarification,Medium-Hard,Partial / needs clarification,1,ambiguous_clarification,axis - benefit dependents by worker - ytd,R3012,"{""construction"": ""two confusable families, deciding facet omitted"", ""differing_facet"": ""report_type"", ""families"": [""axis - benefit dependents by worker - ytd"", ""axis - benefit events - detail""], ""values"": [""Composite"", ""Advanced""]}",2.0.0,20260804
Q21671,axis benefit report,ambiguous_clarification,ambiguous; needs_clarification,Medium-Hard,Partial / needs clarification,1,ambiguous_clarification,axis - benefit dependents by worker - ytd,R3012,"{""construction"": ""two confusable families, deciding facet omitted"", ""differing_facet"": ""report_type"", ""families"": [""axis - benefit dependents by worker - ytd"", ""axis - benefit events by company - monthly""], ""values"": [""Composite"", ""Advanced""]}",2.0.0,20260804
Q21672,axis benefit report,ambiguous_clarification,ambiguous; needs_clarification,Medium-Hard,Partial / needs clarification,1,ambiguous_clarification,axis - benefit elections by company,R0623,"{""construction"": ""two confusable families, deciding facet omitted"", ""differing_facet"": ""report_type"", ""families"": [""axis - benefit elections by company"", ""axis - benefit eligibility by worker - dashboard""], ""values"": [""Advanced"", ""Matrix""]}",2.0.0,20260804
Q21673,axis benefit report,ambiguous_clarification,ambiguous; needs_clarification,Medium-Hard,Partial / needs clarification,1,ambiguous_clarification,axis - benefit elections by company,R0623,"{""construction"": ""two confusable families, deciding facet omitted"", ""differing_facet"": ""report_type"", ""families"": [""axis - benefit elections by company"", ""axis - benefit events by worker""], ""values"": [""Advanced"", ""Matrix""]}",2.0.0,20260804
Q21674,axis benefit report,ambiguous_clarification,ambiguous; needs_clarification,Medium-Hard,Partial / needs clarification,1,ambiguous_clarification,axis - benefit eligibility by worker - dashboard,R1200,"{""construction"": ""two confusable families, deciding facet omitted"", ""differing_facet"": ""report_type"", ""families"": [""axis - benefit eligibility by worker - dashboard"", ""axis - benefit enrollment by plan - ytd""], ""values"": [""Matrix"", ""Advanced""]}",2.0.0,20260804
Q21675,axis benefit company enrollment report,ambiguous_clarification,ambiguous; needs_clarification,Medium-Hard,Partial / needs clarification,1,ambiguous_clarification,axis - benefit enrollment by company - current,R1884,"{""construction"": ""two confusable families, deciding facet omitted"", ""differing_facet"": ""report_type"", ""families"": [""axis - benefit enrollment by company - current"", ""axis - benefit enrollment by company - ytd""], ""values"": [""Advanced"", ""Matrix""]}",2.0.0,20260804
Q21676,axis benefit report,ambiguous_clarification,ambiguous; needs_clarification,Medium-Hard,Partial / needs clarification,1,ambiguous_clarification,axis - benefit enrollment by plan - ytd,R0332,"{""construction"": ""two confusable families, deciding facet omitted"", ""differing_facet"": ""report_type"", ""families"": [""axis - benefit enrollment by plan - ytd"", ""axis - benefit events by worker""], ""values"": [""Advanced"", ""Matrix""]}",2.0.0,20260804
Q21677,benefit report,ambiguous_clarification,ambiguous; needs_clarification,Medium-Hard,Partial / needs clarification,1,ambiguous_clarification,benefit census by benefit group v3,R3609,"{""construction"": ""two confusable families, deciding facet omitted"", ""differing_facet"": ""report_type"", ""families"": [""benefit census by benefit group v3"", ""benefit enrollment - quarterly""], ""values"": [""Matrix"", ""Advanced""]}",2.0.0,20260804
Q21678,benefit report,ambiguous_clarification,ambiguous; needs_clarification,Medium-Hard,Partial / needs clarification,1,ambiguous_clarification,benefit census by benefit group v3,R3609,"{""construction"": ""two confusable families, deciding facet omitted"", ""differing_facet"": ""report_type"", ""families"": [""benefit census by benefit group v3"", ""benefit events by company - summary""], ""values"": [""Matrix"", ""Advanced""]}",2.0.0,20260804
Q21679,benefit report,ambiguous_clarification,ambiguous; needs_clarification,Medium-Hard,Partial / needs clarification,1,ambiguous_clarification,benefit census by benefit group v3,R3609,"{""construction"": ""two confusable families, deciding facet omitted"", ""differing_facet"": ""report_type"", ""families"": [""benefit census by benefit group v3"", ""hcm benefit eligibility by plan""], ""values"": [""Matrix"", ""Advanced""]}",2.0.0,20260804
Q21680,benefit report,ambiguous_clarification,ambiguous; needs_clarification,Medium-Hard,Partial / needs clarification,1,ambiguous_clarification,benefit census by worker,R0447,"{""construction"": ""two confusable families, deciding facet omitted"", ""differing_facet"": ""report_type"", ""families"": [""benefit census by worker"", ""benefit coverage by company - detail""], ""values"": [""Advanced"", ""Matrix""]}",2.0.0,20260804
Q21681,benefit report,ambiguous_clarification,ambiguous; needs_clarification,Medium-Hard,Partial / needs clarification,1,ambiguous_clarification,benefit coverage by company - detail,R0320,"{""construction"": ""two confusable families, deciding facet omitted"", ""differing_facet"": ""report_type"", ""families"": [""benefit coverage by company - detail"", ""benefit elections - audit""], ""values"": [""Matrix"", ""Advanced""]}",2.0.0,20260804
Q21682,benefit report,ambiguous_clarification,ambiguous; needs_clarification,Medium-Hard,Partial / needs clarification,1,ambiguous_clarification,benefit coverage by company - detail,R0320,"{""construction"": ""two confusable families, deciding facet omitted"", ""differing_facet"": ""report_type"", ""families"": [""benefit coverage by company - detail"", ""benefit events - quarterly""], ""values"": [""Matrix"", ""Advanced""]}",2.0.0,20260804
Q21683,benefit report,ambiguous_clarification,ambiguous; needs_clarification,Medium-Hard,Partial / needs clarification,1,ambiguous_clarification,benefit coverage by company - detail,R0320,"{""construction"": ""two confusable families, deciding facet omitted"", ""differing_facet"": ""report_type"", ""families"": [""benefit coverage by company - detail"", ""dax benefit eligibility by plan""], ""values"": [""Matrix"", ""Advanced""]}",2.0.0,20260804
Q21684,benefit report,ambiguous_clarification,ambiguous; needs_clarification,Medium-Hard,Partial / needs clarification,1,ambiguous_clarification,benefit enrollment - quarterly,R0688,"{""construction"": ""two confusable families, deciding facet omitted"", ""differing_facet"": ""report_type"", ""families"": [""benefit enrollment - quarterly"", ""hcm benefit coverage by company - monthly""], ""values"": [""Advanced"", ""Matrix""]}",2.0.0,20260804
Q21685,benefit company report,ambiguous_clarification,ambiguous; needs_clarification,Medium-Hard,Partial / needs clarification,1,ambiguous_clarification,benefit events by company - summary,R1336,"{""construction"": ""two confusable families, deciding facet omitted"", ""differing_facet"": ""report_type"", ""families"": [""benefit events by company - summary"", ""hcm benefit coverage by company - monthly""], ""values"": [""Advanced"", ""Matrix""]}",2.0.0,20260804
Q21686,benefit hcm report,ambiguous_clarification,ambiguous; needs_clarification,Medium-Hard,Partial / needs clarification,1,ambiguous_clarification,hcm benefit census by company - current,R3607,"{""construction"": ""two confusable families, deciding facet omitted"", ""differing_facet"": ""report_type"", ""families"": [""hcm benefit census by company - current"", ""hcm benefit enrollment by worker""], ""values"": [""Matrix"", ""Advanced""]}",2.0.0,20260804
Q21687,benefit hcm report,ambiguous_clarification,ambiguous; needs_clarification,Medium-Hard,Partial / needs clarification,1,ambiguous_clarification,hcm benefit coverage by company - monthly,R1475,"{""construction"": ""two confusable families, deciding facet omitted"", ""differing_facet"": ""report_type"", ""families"": [""hcm benefit coverage by company - monthly"", ""hcm benefit eligibility by plan""], ""values"": [""Matrix"", ""Advanced""]}",2.0.0,20260804
Q21688,benefit hcm report,ambiguous_clarification,ambiguous; needs_clarification,Medium-Hard,Partial / needs clarification,1,ambiguous_clarification,hcm benefit elections by plan - detail,R1583,"{""construction"": ""two confusable families, deciding facet omitted"", ""differing_facet"": ""report_type"", ""families"": [""hcm benefit elections by plan - detail"", ""hcm benefit enrollment by worker""], ""values"": [""Matrix"", ""Advanced""]}",2.0.0,20260804
Q21689,approvals report,ambiguous_clarification,ambiguous; needs_clarification,Medium-Hard,Partial / needs clarification,1,ambiguous_clarification,approvals,R0533,"{""construction"": ""two confusable families, deciding facet omitted"", ""differing_facet"": ""data_source"", ""families"": [""approvals"", ""approvals by assignee - dashboard""], ""values"": [""Business Process Events"", ""Process Transactions""]}",2.0.0,20260804
Q21690,approvals report,ambiguous_clarification,ambiguous; needs_clarification,Medium-Hard,Partial / needs clarification,1,ambiguous_clarification,approvals,R0533,"{""construction"": ""two confusable families, deciding facet omitted"", ""differing_facet"": ""data_source"", ""families"": [""approvals"", ""approvals by assignee - monthly""], ""values"": [""Business Process Events"", ""All Business Process""]}",2.0.0,20260804
Q21691,approvals report,ambiguous_clarification,ambiguous; needs_clarification,Medium-Hard,Partial / needs clarification,1,ambiguous_clarification,approvals,R0533,"{""construction"": ""two confusable families, deciding facet omitted"", ""differing_facet"": ""data_source"", ""families"": [""approvals"", ""approvals by initiator""], ""values"": [""Business Process Events"", ""All Business Processes""]}",2.0.0,20260804
Q21692,approvals report,ambiguous_clarification,ambiguous; needs_clarification,Medium-Hard,Partial / needs clarification,1,ambiguous_clarification,approvals,R0533,"{""construction"": ""two confusable families, deciding facet omitted"", ""differing_facet"": ""data_source"", ""families"": [""approvals"", ""approvals by initiator - current""], ""values"": [""Business Process Events"", ""All Business Process""]}",2.0.0,20260804
Q21693,approvals report,ambiguous_clarification,ambiguous; needs_clarification,Medium-Hard,Partial / needs clarification,1,ambiguous_clarification,approvals,R0533,"{""construction"": ""two confusable families, deciding facet omitted"", ""differing_facet"": ""data_source"", ""families"": [""approvals"", ""approvals by initiator - dashboard""], ""values"": [""Business Process Events"", ""All Business Processes""]}",2.0.0,20260804
Q21694,approvals report,ambiguous_clarification,ambiguous; needs_clarification,Medium-Hard,Partial / needs clarification,1,ambiguous_clarification,approvals,R0533,"{""construction"": ""two confusable families, deciding facet omitted"", ""differing_facet"": ""data_source"", ""families"": [""approvals"", ""approvals by process type""], ""values"": [""Business Process Events"", ""Process Transactions""]}",2.0.0,20260804
Q21695,approvals report,ambiguous_clarification,ambiguous; needs_clarification,Medium-Hard,Partial / needs clarification,1,ambiguous_clarification,approvals,R0533,"{""construction"": ""two confusable families, deciding facet omitted"", ""differing_facet"": ""data_source"", ""families"": [""approvals"", ""approvals by process type - dashboard""], ""values"": [""Business Process Events"", ""All Business Process""]}",2.0.0,20260804
Q21696,approvals report,ambiguous_clarification,ambiguous; needs_clarification,Medium-Hard,Partial / needs clarification,1,ambiguous_clarification,approvals,R0533,"{""construction"": ""two confusable families, deciding facet omitted"", ""differing_facet"": ""data_source"", ""families"": [""approvals"", ""approvals by process type - historical""], ""values"": [""Business Process Events"", ""Process Transactions""]}",2.0.0,20260804
Q21697,approvals report,ambiguous_clarification,ambiguous; needs_clarification,Medium-Hard,Partial / needs clarification,1,ambiguous_clarification,approvals,R0533,"{""construction"": ""two confusable families, deciding facet omitted"", ""differing_facet"": ""data_source"", ""families"": [""approvals"", ""approvals by process type - ytd""], ""values"": [""Business Process Events"", ""All Business Process""]}",2.0.0,20260804
Q21698,approvals report,ambiguous_clarification,ambiguous; needs_clarification,Medium-Hard,Partial / needs clarification,1,ambiguous_clarification,approvals,R0533,"{""construction"": ""two confusable families, deciding facet omitted"", ""differing_facet"": ""data_source"", ""families"": [""approvals"", ""dax approvals by initiator""], ""values"": [""Business Process Events"", ""All Business Process""]}",2.0.0,20260804
Q21699,approvals report,ambiguous_clarification,ambiguous; needs_clarification,Medium-Hard,Partial / needs clarification,1,ambiguous_clarification,approvals,R0533,"{""construction"": ""two confusable families, deciding facet omitted"", ""differing_facet"": ""data_source"", ""families"": [""approvals"", ""dax approvals by process type - summary""], ""values"": [""Business Process Events"", ""Process Transactions""]}",2.0.0,20260804
Q21700,approvals report,ambiguous_clarification,ambiguous; needs_clarification,Medium-Hard,Partial / needs clarification,1,ambiguous_clarification,approvals,R0533,"{""construction"": ""two confusable families, deciding facet omitted"", ""differing_facet"": ""report_type"", ""families"": [""approvals"", ""hcm approvals by initiator - summary""], ""values"": [""Advanced"", ""Matrix""]}",2.0.0,20260804
Q21701,approvals report,ambiguous_clarification,ambiguous; needs_clarification,Medium-Hard,Partial / needs clarification,1,ambiguous_clarification,approvals,R0533,"{""construction"": ""two confusable families, deciding facet omitted"", ""differing_facet"": ""data_source"", ""families"": [""approvals"", ""hcm approvals by organization""], ""values"": [""Business Process Events"", ""All Business Process""]}",2.0.0,20260804
Q21702,approvals assignee report,ambiguous_clarification,ambiguous; needs_clarification,Medium-Hard,Partial / needs clarification,1,ambiguous_clarification,approvals by assignee,R3228,"{""construction"": ""two confusable families, deciding facet omitted"", ""differing_facet"": ""data_source"", ""families"": [""approvals by assignee"", ""approvals by assignee - dashboard""], ""values"": [""Business Process Events"", ""Process Transactions""]}",2.0.0,20260804
Q21703,approvals assignee report,ambiguous_clarification,ambiguous; needs_clarification,Medium-Hard,Partial / needs clarification,1,ambiguous_clarification,approvals by assignee,R3228,"{""construction"": ""two confusable families, deciding facet omitted"", ""differing_facet"": ""data_source"", ""families"": [""approvals by assignee"", ""approvals by assignee - monthly""], ""values"": [""Business Process Events"", ""All Business Process""]}",2.0.0,20260804
Q21704,approvals report,ambiguous_clarification,ambiguous; needs_clarification,Medium-Hard,Partial / needs clarification,1,ambiguous_clarification,approvals by assignee,R3228,"{""construction"": ""two confusable families, deciding facet omitted"", ""differing_facet"": ""data_source"", ""families"": [""approvals by assignee"", ""approvals by initiator""], ""values"": [""Business Process Events"", ""All Business Processes""]}",2.0.0,20260804
Q21705,approvals report,ambiguous_clarification,ambiguous; needs_clarification,Medium-Hard,Partial / needs clarification,1,ambiguous_clarification,approvals by assignee,R3228,"{""construction"": ""two confusable families, deciding facet omitted"", ""differing_facet"": ""data_source"", ""families"": [""approvals by assignee"", ""approvals by initiator - current""], ""values"": [""Business Process Events"", ""All Business Process""]}",2.0.0,20260804
Q21706,approvals report,ambiguous_clarification,ambiguous; needs_clarification,Medium-Hard,Partial / needs clarification,1,ambiguous_clarification,approvals by assignee,R3228,"{""construction"": ""two confusable families, deciding facet omitted"", ""differing_facet"": ""data_source"", ""families"": [""approvals by assignee"", ""approvals by initiator - dashboard""], ""values"": [""Business Process Events"", ""All Business Processes""]}",2.0.0,20260804
Q21707,approvals report,ambiguous_clarification,ambiguous; needs_clarification,Medium-Hard,Partial / needs clarification,1,ambiguous_clarification,approvals by assignee,R3228,"{""construction"": ""two confusable families, deciding facet omitted"", ""differing_facet"": ""data_source"", ""families"": [""approvals by assignee"", ""approvals by process type""], ""values"": [""Business Process Events"", ""Process Transactions""]}",2.0.0,20260804
Q21708,approvals report,ambiguous_clarification,ambiguous; needs_clarification,Medium-Hard,Partial / needs clarification,1,ambiguous_clarification,approvals by assignee,R3228,"{""construction"": ""two confusable families, deciding facet omitted"", ""differing_facet"": ""data_source"", ""families"": [""approvals by assignee"", ""approvals by process type - dashboard""], ""values"": [""Business Process Events"", ""All Business Process""]}",2.0.0,20260804
Q21709,approvals report,ambiguous_clarification,ambiguous; needs_clarification,Medium-Hard,Partial / needs clarification,1,ambiguous_clarification,approvals by assignee,R3228,"{""construction"": ""two confusable families, deciding facet omitted"", ""differing_facet"": ""data_source"", ""families"": [""approvals by assignee"", ""approvals by process type - historical""], ""values"": [""Business Process Events"", ""Process Transactions""]}",2.0.0,20260804
Q21710,approvals report,ambiguous_clarification,ambiguous; needs_clarification,Medium-Hard,Partial / needs clarification,1,ambiguous_clarification,approvals by assignee,R3228,"{""construction"": ""two confusable families, deciding facet omitted"", ""differing_facet"": ""data_source"", ""families"": [""approvals by assignee"", ""approvals by process type - ytd""], ""values"": [""Business Process Events"", ""All Business Process""]}",2.0.0,20260804
Q21711,approvals report,ambiguous_clarification,ambiguous; needs_clarification,Medium-Hard,Partial / needs clarification,1,ambiguous_clarification,approvals by assignee,R3228,"{""construction"": ""two confusable families, deciding facet omitted"", ""differing_facet"": ""data_source"", ""families"": [""approvals by assignee"", ""dax approvals by initiator""], ""values"": [""Business Process Events"", ""All Business Process""]}",2.0.0,20260804
Q21712,approvals report,ambiguous_clarification,ambiguous; needs_clarification,Medium-Hard,Partial / needs clarification,1,ambiguous_clarification,approvals by assignee,R3228,"{""construction"": ""two confusable families, deciding facet omitted"", ""differing_facet"": ""data_source"", ""families"": [""approvals by assignee"", ""dax approvals by process type - summary""], ""values"": [""Business Process Events"", ""Process Transactions""]}",2.0.0,20260804
Q21713,approvals report,ambiguous_clarification,ambiguous; needs_clarification,Medium-Hard,Partial / needs clarification,1,ambiguous_clarification,approvals by assignee,R3228,"{""construction"": ""two confusable families, deciding facet omitted"", ""differing_facet"": ""report_type"", ""families"": [""approvals by assignee"", ""hcm approvals by initiator - summary""], ""values"": [""Advanced"", ""Matrix""]}",2.0.0,20260804
Q21714,approvals report,ambiguous_clarification,ambiguous; needs_clarification,Medium-Hard,Partial / needs clarification,1,ambiguous_clarification,approvals by assignee,R3228,"{""construction"": ""two confusable families, deciding facet omitted"", ""differing_facet"": ""data_source"", ""families"": [""approvals by assignee"", ""hcm approvals by organization""], ""values"": [""Business Process Events"", ""All Business Process""]}",2.0.0,20260804
Q21715,approvals assignee report,ambiguous_clarification,ambiguous; needs_clarification,Medium-Hard,Partial / needs clarification,1,ambiguous_clarification,approvals by assignee - dashboard,R0643,"{""construction"": ""two confusable families, deciding facet omitted"", ""differing_facet"": ""data_source"", ""families"": [""approvals by assignee - dashboard"", ""approvals by assignee - monthly""], ""values"": [""Process Transactions"", ""All Business Process""]}",2.0.0,20260804
Q21716,approvals report,ambiguous_clarification,ambiguous; needs_clarification,Medium-Hard,Partial / needs clarification,1,ambiguous_clarification,approvals by assignee - dashboard,R0643,"{""construction"": ""two confusable families, deciding facet omitted"", ""differing_facet"": ""data_source"", ""families"": [""approvals by assignee - dashboard"", ""approvals by initiator""], ""values"": [""Process Transactions"", ""All Business Processes""]}",2.0.0,20260804
Q21717,approvals report,ambiguous_clarification,ambiguous; needs_clarification,Medium-Hard,Partial / needs clarification,1,ambiguous_clarification,approvals by assignee - dashboard,R0643,"{""construction"": ""two confusable families, deciding facet omitted"", ""differing_facet"": ""data_source"", ""families"": [""approvals by assignee - dashboard"", ""approvals by initiator - current""], ""values"": [""Process Transactions"", ""All Business Process""]}",2.0.0,20260804
Q21718,approvals dashboard report,ambiguous_clarification,ambiguous; needs_clarification,Medium-Hard,Partial / needs clarification,1,ambiguous_clarification,approvals by assignee - dashboard,R0643,"{""construction"": ""two confusable families, deciding facet omitted"", ""differing_facet"": ""data_source"", ""families"": [""approvals by assignee - dashboard"", ""approvals by initiator - dashboard""], ""values"": [""Process Transactions"", ""All Business Processes""]}",2.0.0,20260804
Q21719,approvals report,ambiguous_clarification,ambiguous; needs_clarification,Medium-Hard,Partial / needs clarification,1,ambiguous_clarification,approvals by assignee - dashboard,R0643,"{""construction"": ""two confusable families, deciding facet omitted"", ""differing_facet"": ""data_source"", ""families"": [""approvals by assignee - dashboard"", ""approvals by initiator - summary""], ""values"": [""Process Transactions"", ""Business Process Events""]}",2.0.0,20260804
Q21720,approvals report,ambiguous_clarification,ambiguous; needs_clarification,Medium-Hard,Partial / needs clarification,1,ambiguous_clarification,approvals by assignee - dashboard,R0643,"{""construction"": ""two confusable families, deciding facet omitted"", ""differing_facet"": ""data_source"", ""families"": [""approvals by assignee - dashboard"", ""approvals by organization""], ""values"": [""Process Transactions"", ""Business Process Events""]}",2.0.0,20260804
Q21721,approvals report,ambiguous_clarification,ambiguous; needs_clarification,Medium-Hard,Partial / needs clarification,1,ambiguous_clarification,approvals by assignee - dashboard,R0643,"{""construction"": ""two confusable families, deciding facet omitted"", ""differing_facet"": ""data_source"", ""families"": [""approvals by assignee - dashboard"", ""approvals by process type - current""], ""values"": [""Process Transactions"", ""Business Process Events""]}",2.0.0,20260804
Q21722,approvals dashboard report,ambiguous_clarification,ambiguous; needs_clarification,Medium-Hard,Partial / needs clarification,1,ambiguous_clarification,approvals by assignee - dashboard,R0643,"{""construction"": ""two confusable families, deciding facet omitted"", ""differing_facet"": ""data_source"", ""families"": [""approvals by assignee - dashboard"", ""approvals by process type - dashboard""], ""values"": [""Process Transactions"", ""All Business Process""]}",2.0.0,20260804
Q21723,approvals report,ambiguous_clarification,ambiguous; needs_clarification,Medium-Hard,Partial / needs clarification,1,ambiguous_clarification,approvals by assignee - dashboard,R0643,"{""construction"": ""two confusable families, deciding facet omitted"", ""differing_facet"": ""data_source"", ""families"": [""approvals by assignee - dashboard"", ""approvals by process type - ytd""], ""values"": [""Process Transactions"", ""All Business Process""]}",2.0.0,20260804
Q21724,approvals report,ambiguous_clarification,ambiguous; needs_clarification,Medium-Hard,Partial / needs clarification,1,ambiguous_clarification,approvals by assignee - dashboard,R0643,"{""construction"": ""two confusable families, deciding facet omitted"", ""differing_facet"": ""data_source"", ""families"": [""approvals by assignee - dashboard"", ""dax approvals by initiator""], ""values"": [""Process Transactions"", ""All Business Process""]}",2.0.0,20260804
Q21725,approvals report,ambiguous_clarification,ambiguous; needs_clarification,Medium-Hard,Partial / needs clarification,1,ambiguous_clarification,approvals by assignee - dashboard,R0643,"{""construction"": ""two confusable families, deciding facet omitted"", ""differing_facet"": ""data_source"", ""families"": [""approvals by assignee - dashboard"", ""hcm approvals by initiator - summary""], ""values"": [""Process Transactions"", ""Business Process Events""]}",2.0.0,20260804
Q21726,approvals report,ambiguous_clarification,ambiguous; needs_clarification,Medium-Hard,Partial / needs clarification,1,ambiguous_clarification,approvals by assignee - dashboard,R0643,"{""construction"": ""two confusable families, deciding facet omitted"", ""differing_facet"": ""data_source"", ""families"": [""approvals by assignee - dashboard"", ""hcm approvals by organization""], ""values"": [""Process Transactions"", ""All Business Process""]}",2.0.0,20260804
Q21727,approvals report,ambiguous_clarification,ambiguous; needs_clarification,Medium-Hard,Partial / needs clarification,1,ambiguous_clarification,approvals by assignee - monthly,R2054,"{""construction"": ""two confusable families, deciding facet omitted"", ""differing_facet"": ""data_source"", ""families"": [""approvals by assignee - monthly"", ""approvals by initiator""], ""values"": [""All Business Process"", ""All Business Processes""]}",2.0.0,20260804
Q21728,approvals report,ambiguous_clarification,ambiguous; needs_clarification,Medium-Hard,Partial / needs clarification,1,ambiguous_clarification,approvals by assignee - monthly,R2054,"{""construction"": ""two confusable families, deciding facet omitted"", ""differing_facet"": ""data_source"", ""families"": [""approvals by assignee - monthly"", ""approvals by initiator - dashboard""], ""values"": [""All Business Process"", ""All Business Processes""]}",2.0.0,20260804
Q21729,approvals report,ambiguous_clarification,ambiguous; needs_clarification,Medium-Hard,Partial / needs clarification,1,ambiguous_clarification,approvals by assignee - monthly,R2054,"{""construction"": ""two confusable families, deciding facet omitted"", ""differing_facet"": ""data_source"", ""families"": [""approvals by assignee - monthly"", ""approvals by initiator - summary""], ""values"": [""All Business Process"", ""Business Process Events""]}",2.0.0,20260804
Q21730,approvals report,ambiguous_clarification,ambiguous; needs_clarification,Medium-Hard,Partial / needs clarification,1,ambiguous_clarification,approvals by assignee - monthly,R2054,"{""construction"": ""two confusable families, deciding facet omitted"", ""differing_facet"": ""data_source"", ""families"": [""approvals by assignee - monthly"", ""approvals by organization""], ""values"": [""All Business Process"", ""Business Process Events""]}",2.0.0,20260804
Q21731,approvals report,ambiguous_clarification,ambiguous; needs_clarification,Medium-Hard,Partial / needs clarification,1,ambiguous_clarification,approvals by assignee - monthly,R2054,"{""construction"": ""two confusable families, deciding facet omitted"", ""differing_facet"": ""data_source"", ""families"": [""approvals by assignee - monthly"", ""approvals by process type""], ""values"": [""All Business Process"", ""Process Transactions""]}",2.0.0,20260804
Q21732,approvals report,ambiguous_clarification,ambiguous; needs_clarification,Medium-Hard,Partial / needs clarification,1,ambiguous_clarification,approvals by assignee - monthly,R2054,"{""construction"": ""two confusable families, deciding facet omitted"", ""differing_facet"": ""data_source"", ""families"": [""approvals by assignee - monthly"", ""approvals by process type - current""], ""values"": [""All Business Process"", ""Business Process Events""]}",2.0.0,20260804
Q21733,approvals report,ambiguous_clarification,ambiguous; needs_clarification,Medium-Hard,Partial / needs clarification,1,ambiguous_clarification,approvals by assignee - monthly,R2054,"{""construction"": ""two confusable families, deciding facet omitted"", ""differing_facet"": ""data_source"", ""families"": [""approvals by assignee - monthly"", ""approvals by process type - historical""], ""values"": [""All Business Process"", ""Process Transactions""]}",2.0.0,20260804
Q21734,approvals report,ambiguous_clarification,ambiguous; needs_clarification,Medium-Hard,Partial / needs clarification,1,ambiguous_clarification,approvals by assignee - monthly,R2054,"{""construction"": ""two confusable families, deciding facet omitted"", ""differing_facet"": ""report_type"", ""families"": [""approvals by assignee - monthly"", ""approvals by process type - ytd""], ""values"": [""Advanced"", ""Trending""]}",2.0.0,20260804
Q21735,approvals report,ambiguous_clarification,ambiguous; needs_clarification,Medium-Hard,Partial / needs clarification,1,ambiguous_clarification,approvals by assignee - monthly,R2054,"{""construction"": ""two confusable families, deciding facet omitted"", ""differing_facet"": ""report_type"", ""families"": [""approvals by assignee - monthly"", ""dax approvals by initiator""], ""values"": [""Advanced"", ""Matrix""]}",2.0.0,20260804
Q21736,approvals report,ambiguous_clarification,ambiguous; needs_clarification,Medium-Hard,Partial / needs clarification,1,ambiguous_clarification,approvals by assignee - monthly,R2054,"{""construction"": ""two confusable families, deciding facet omitted"", ""differing_facet"": ""data_source"", ""families"": [""approvals by assignee - monthly"", ""dax approvals by process type - summary""], ""values"": [""All Business Process"", ""Process Transactions""]}",2.0.0,20260804
Q21737,approvals report,ambiguous_clarification,ambiguous; needs_clarification,Medium-Hard,Partial / needs clarification,1,ambiguous_clarification,approvals by assignee - monthly,R2054,"{""construction"": ""two confusable families, deciding facet omitted"", ""differing_facet"": ""data_source"", ""families"": [""approvals by assignee - monthly"", ""hcm approvals by initiator - summary""], ""values"": [""All Business Process"", ""Business Process Events""]}",2.0.0,20260804
Q21738,approvals report,ambiguous_clarification,ambiguous; needs_clarification,Medium-Hard,Partial / needs clarification,1,ambiguous_clarification,approvals by assignee - monthly,R2054,"{""construction"": ""two confusable families, deciding facet omitted"", ""differing_facet"": ""report_type"", ""families"": [""approvals by assignee - monthly"", ""hcm approvals by organization""], ""values"": [""Advanced"", ""Matrix""]}",2.0.0,20260804
Q21739,approvals initiator report,ambiguous_clarification,ambiguous; needs_clarification,Medium-Hard,Partial / needs clarification,1,ambiguous_clarification,approvals by initiator,R0665,"{""construction"": ""two confusable families, deciding facet omitted"", ""differing_facet"": ""data_source"", ""families"": [""approvals by initiator"", ""approvals by initiator - current""], ""values"": [""All Business Processes"", ""All Business Process""]}",2.0.0,20260804
Q21740,approvals initiator report,ambiguous_clarification,ambiguous; needs_clarification,Medium-Hard,Partial / needs clarification,1,ambiguous_clarification,approvals by initiator,R0665,"{""construction"": ""two confusable families, deciding facet omitted"", ""differing_facet"": ""data_source"", ""families"": [""approvals by initiator"", ""approvals by initiator - summary""], ""values"": [""All Business Processes"", ""Business Process Events""]}",2.0.0,20260804
Q21741,approvals report,ambiguous_clarification,ambiguous; needs_clarification,Medium-Hard,Partial / needs clarification,1,ambiguous_clarification,approvals by initiator,R0665,"{""construction"": ""two confusable families, deciding facet omitted"", ""differing_facet"": ""data_source"", ""families"": [""approvals by initiator"", ""approvals by organization""], ""values"": [""All Business Processes"", ""Business Process Events""]}",2.0.0,20260804
Q21742,approvals report,ambiguous_clarification,ambiguous; needs_clarification,Medium-Hard,Partial / needs clarification,1,ambiguous_clarification,approvals by initiator,R0665,"{""construction"": ""two confusable families, deciding facet omitted"", ""differing_facet"": ""data_source"", ""families"": [""approvals by initiator"", ""approvals by process type""], ""values"": [""All Business Processes"", ""Process Transactions""]}",2.0.0,20260804
Q21743,approvals report,ambiguous_clarification,ambiguous; needs_clarification,Medium-Hard,Partial / needs clarification,1,ambiguous_clarification,approvals by initiator,R0665,"{""construction"": ""two confusable families, deciding facet omitted"", ""differing_facet"": ""data_source"", ""families"": [""approvals by initiator"", ""approvals by process type - current""], ""values"": [""All Business Processes"", ""Business Process Events""]}",2.0.0,20260804
Q21744,approvals report,ambiguous_clarification,ambiguous; needs_clarification,Medium-Hard,Partial / needs clarification,1,ambiguous_clarification,approvals by initiator,R0665,"{""construction"": ""two confusable families, deciding facet omitted"", ""differing_facet"": ""data_source"", ""families"": [""approvals by initiator"", ""approvals by process type - dashboard""], ""values"": [""All Business Processes"", ""All Business Process""]}",2.0.0,20260804
Q21745,approvals report,ambiguous_clarification,ambiguous; needs_clarification,Medium-Hard,Partial / needs clarification,1,ambiguous_clarification,approvals by initiator,R0665,"{""construction"": ""two confusable families, deciding facet omitted"", ""differing_facet"": ""data_source"", ""families"": [""approvals by initiator"", ""approvals by process type - historical""], ""values"": [""All Business Processes"", ""Process Transactions""]}",2.0.0,20260804
Q21746,approvals report,ambiguous_clarification,ambiguous; needs_clarification,Medium-Hard,Partial / needs clarification,1,ambiguous_clarification,approvals by initiator,R0665,"{""construction"": ""two confusable families, deciding facet omitted"", ""differing_facet"": ""data_source"", ""families"": [""approvals by initiator"", ""approvals by process type - ytd""], ""values"": [""All Business Processes"", ""All Business Process""]}",2.0.0,20260804
Q21747,approvals initiator report,ambiguous_clarification,ambiguous; needs_clarification,Medium-Hard,Partial / needs clarification,1,ambiguous_clarification,approvals by initiator,R0665,"{""construction"": ""two confusable families, deciding facet omitted"", ""differing_facet"": ""data_source"", ""families"": [""approvals by initiator"", ""dax approvals by initiator""], ""values"": [""All Business Processes"", ""All Business Process""]}",2.0.0,20260804
Q21748,approvals report,ambiguous_clarification,ambiguous; needs_clarification,Medium-Hard,Partial / needs clarification,1,ambiguous_clarification,approvals by initiator,R0665,"{""construction"": ""two confusable families, deciding facet omitted"", ""differing_facet"": ""data_source"", ""families"": [""approvals by initiator"", ""dax approvals by process type - summary""], ""values"": [""All Business Processes"", ""Process Transactions""]}",2.0.0,20260804
Q21749,approvals initiator report,ambiguous_clarification,ambiguous; needs_clarification,Medium-Hard,Partial / needs clarification,1,ambiguous_clarification,approvals by initiator,R0665,"{""construction"": ""two confusable families, deciding facet omitted"", ""differing_facet"": ""data_source"", ""families"": [""approvals by initiator"", ""hcm approvals by initiator - summary""], ""values"": [""All Business Processes"", ""Business Process Events""]}",2.0.0,20260804
Q21750,approvals report,ambiguous_clarification,ambiguous; needs_clarification,Medium-Hard,Partial / needs clarification,1,ambiguous_clarification,approvals by initiator,R0665,"{""construction"": ""two confusable families, deciding facet omitted"", ""differing_facet"": ""data_source"", ""families"": [""approvals by initiator"", ""hcm approvals by organization""], ""values"": [""All Business Processes"", ""All Business Process""]}",2.0.0,20260804
Q21751,approvals initiator report,ambiguous_clarification,ambiguous; needs_clarification,Medium-Hard,Partial / needs clarification,1,ambiguous_clarification,approvals by initiator - current,R2091,"{""construction"": ""two confusable families, deciding facet omitted"", ""differing_facet"": ""data_source"", ""families"": [""approvals by initiator - current"", ""approvals by initiator - dashboard""], ""values"": [""All Business Process"", ""All Business Processes""]}",2.0.0,20260804
Q21752,approvals initiator report,ambiguous_clarification,ambiguous; needs_clarification,Medium-Hard,Partial / needs clarification,1,ambiguous_clarification,approvals by initiator - current,R2091,"{""construction"": ""two confusable families, deciding facet omitted"", ""differing_facet"": ""data_source"", ""families"": [""approvals by initiator - current"", ""approvals by initiator - summary""], ""values"": [""All Business Process"", ""Business Process Events""]}",2.0.0,20260804
Q21753,approvals report,ambiguous_clarification,ambiguous; needs_clarification,Medium-Hard,Partial / needs clarification,1,ambiguous_clarification,approvals by initiator - current,R2091,"{""construction"": ""two confusable families, deciding facet omitted"", ""differing_facet"": ""data_source"", ""families"": [""approvals by initiator - current"", ""approvals by organization""], ""values"": [""All Business Process"", ""Business Process Events""]}",2.0.0,20260804
Q21754,approvals report,ambiguous_clarification,ambiguous; needs_clarification,Medium-Hard,Partial / needs clarification,1,ambiguous_clarification,approvals by initiator - current,R2091,"{""construction"": ""two confusable families, deciding facet omitted"", ""differing_facet"": ""data_source"", ""families"": [""approvals by initiator - current"", ""approvals by process type""], ""values"": [""All Business Process"", ""Process Transactions""]}",2.0.0,20260804
Q21755,approvals current report,ambiguous_clarification,ambiguous; needs_clarification,Medium-Hard,Partial / needs clarification,1,ambiguous_clarification,approvals by initiator - current,R2091,"{""construction"": ""two confusable families, deciding facet omitted"", ""differing_facet"": ""data_source"", ""families"": [""approvals by initiator - current"", ""approvals by process type - current""], ""values"": [""All Business Process"", ""Business Process Events""]}",2.0.0,20260804
Q21756,approvals report,ambiguous_clarification,ambiguous; needs_clarification,Medium-Hard,Partial / needs clarification,1,ambiguous_clarification,approvals by initiator - current,R2091,"{""construction"": ""two confusable families, deciding facet omitted"", ""differing_facet"": ""data_source"", ""families"": [""approvals by initiator - current"", ""approvals by process type - historical""], ""values"": [""All Business Process"", ""Process Transactions""]}",2.0.0,20260804
Q21757,approvals report,ambiguous_clarification,ambiguous; needs_clarification,Medium-Hard,Partial / needs clarification,1,ambiguous_clarification,approvals by initiator - current,R2091,"{""construction"": ""two confusable families, deciding facet omitted"", ""differing_facet"": ""report_type"", ""families"": [""approvals by initiator - current"", ""approvals by process type - ytd""], ""values"": [""Advanced"", ""Trending""]}",2.0.0,20260804
Q21758,approvals initiator report,ambiguous_clarification,ambiguous; needs_clarification,Medium-Hard,Partial / needs clarification,1,ambiguous_clarification,approvals by initiator - current,R2091,"{""construction"": ""two confusable families, deciding facet omitted"", ""differing_facet"": ""report_type"", ""families"": [""approvals by initiator - current"", ""dax approvals by initiator""], ""values"": [""Advanced"", ""Matrix""]}",2.0.0,20260804
Q21759,approvals report,ambiguous_clarification,ambiguous; needs_clarification,Medium-Hard,Partial / needs clarification,1,ambiguous_clarification,approvals by initiator - current,R2091,"{""construction"": ""two confusable families, deciding facet omitted"", ""differing_facet"": ""data_source"", ""families"": [""approvals by initiator - current"", ""dax approvals by process type - summary""], ""values"": [""All Business Process"", ""Process Transactions""]}",2.0.0,20260804
Q21760,approvals initiator report,ambiguous_clarification,ambiguous; needs_clarification,Medium-Hard,Partial / needs clarification,1,ambiguous_clarification,approvals by initiator - current,R2091,"{""construction"": ""two confusable families, deciding facet omitted"", ""differing_facet"": ""data_source"", ""families"": [""approvals by initiator - current"", ""hcm approvals by initiator - summary""], ""values"": [""All Business Process"", ""Business Process Events""]}",2.0.0,20260804
Q21761,approvals report,ambiguous_clarification,ambiguous; needs_clarification,Medium-Hard,Partial / needs clarification,1,ambiguous_clarification,approvals by initiator - current,R2091,"{""construction"": ""two confusable families, deciding facet omitted"", ""differing_facet"": ""report_type"", ""families"": [""approvals by initiator - current"", ""hcm approvals by organization""], ""values"": [""Advanced"", ""Matrix""]}",2.0.0,20260804
Q21762,approvals initiator report,ambiguous_clarification,ambiguous; needs_clarification,Medium-Hard,Partial / needs clarification,1,ambiguous_clarification,approvals by initiator - dashboard,R3704,"{""construction"": ""two confusable families, deciding facet omitted"", ""differing_facet"": ""data_source"", ""families"": [""approvals by initiator - dashboard"", ""approvals by initiator - summary""], ""values"": [""All Business Processes"", ""Business Process Events""]}",2.0.0,20260804
Q21763,approvals report,ambiguous_clarification,ambiguous; needs_clarification,Medium-Hard,Partial / needs clarification,1,ambiguous_clarification,approvals by initiator - dashboard,R3704,"{""construction"": ""two confusable families, deciding facet omitted"", ""differing_facet"": ""data_source"", ""families"": [""approvals by initiator - dashboard"", ""approvals by organization""], ""values"": [""All Business Processes"", ""Business Process Events""]}",2.0.0,20260804
Q21764,approvals report,ambiguous_clarification,ambiguous; needs_clarification,Medium-Hard,Partial / needs clarification,1,ambiguous_clarification,approvals by initiator - dashboard,R3704,"{""construction"": ""two confusable families, deciding facet omitted"", ""differing_facet"": ""data_source"", ""families"": [""approvals by initiator - dashboard"", ""approvals by process type""], ""values"": [""All Business Processes"", ""Process Transactions""]}",2.0.0,20260804
Q21765,approvals report,ambiguous_clarification,ambiguous; needs_clarification,Medium-Hard,Partial / needs clarification,1,ambiguous_clarification,approvals by initiator - dashboard,R3704,"{""construction"": ""two confusable families, deciding facet omitted"", ""differing_facet"": ""data_source"", ""families"": [""approvals by initiator - dashboard"", ""approvals by process type - current""], ""values"": [""All Business Processes"", ""Business Process Events""]}",2.0.0,20260804
Q21766,approvals dashboard report,ambiguous_clarification,ambiguous; needs_clarification,Medium-Hard,Partial / needs clarification,1,ambiguous_clarification,approvals by initiator - dashboard,R3704,"{""construction"": ""two confusable families, deciding facet omitted"", ""differing_facet"": ""data_source"", ""families"": [""approvals by initiator - dashboard"", ""approvals by process type - dashboard""], ""values"": [""All Business Processes"", ""All Business Process""]}",2.0.0,20260804
Q21767,approvals report,ambiguous_clarification,ambiguous; needs_clarification,Medium-Hard,Partial / needs clarification,1,ambiguous_clarification,approvals by initiator - dashboard,R3704,"{""construction"": ""two confusable families, deciding facet omitted"", ""differing_facet"": ""data_source"", ""families"": [""approvals by initiator - dashboard"", ""approvals by process type - historical""], ""values"": [""All Business Processes"", ""Process Transactions""]}",2.0.0,20260804
Q21768,approvals report,ambiguous_clarification,ambiguous; needs_clarification,Medium-Hard,Partial / needs clarification,1,ambiguous_clarification,approvals by initiator - dashboard,R3704,"{""construction"": ""two confusable families, deciding facet omitted"", ""differing_facet"": ""data_source"", ""families"": [""approvals by initiator - dashboard"", ""approvals by process type - ytd""], ""values"": [""All Business Processes"", ""All Business Process""]}",2.0.0,20260804
Q21769,approvals initiator report,ambiguous_clarification,ambiguous; needs_clarification,Medium-Hard,Partial / needs clarification,1,ambiguous_clarification,approvals by initiator - dashboard,R3704,"{""construction"": ""two confusable families, deciding facet omitted"", ""differing_facet"": ""data_source"", ""families"": [""approvals by initiator - dashboard"", ""dax approvals by initiator""], ""values"": [""All Business Processes"", ""All Business Process""]}",2.0.0,20260804
Q21770,approvals report,ambiguous_clarification,ambiguous; needs_clarification,Medium-Hard,Partial / needs clarification,1,ambiguous_clarification,approvals by initiator - dashboard,R3704,"{""construction"": ""two confusable families, deciding facet omitted"", ""differing_facet"": ""data_source"", ""families"": [""approvals by initiator - dashboard"", ""dax approvals by process type - summary""], ""values"": [""All Business Processes"", ""Process Transactions""]}",2.0.0,20260804
Q21771,approvals initiator report,ambiguous_clarification,ambiguous; needs_clarification,Medium-Hard,Partial / needs clarification,1,ambiguous_clarification,approvals by initiator - dashboard,R3704,"{""construction"": ""two confusable families, deciding facet omitted"", ""differing_facet"": ""data_source"", ""families"": [""approvals by initiator - dashboard"", ""hcm approvals by initiator - summary""], ""values"": [""All Business Processes"", ""Business Process Events""]}",2.0.0,20260804
